NOTE from PE     0: MPP_DOMAINS_SET_STACK_SIZE: stack size set to    32768.
NOTE from PE     0: MPP_DOMAINS_SET_STACK_SIZE: stack size set to  5000000.
NOTE from PE     0: field_manager_init:: You are using the legacy version of the field_table
 
 Dumping coupler_mod/types tree
types/
      air_sea_gas_flux_generic/
            implementation/
                  ocmip2/
                        num_parameters = 2
                  duce/
                        num_parameters = 1
                  johnson/
                        num_parameters = 2
            num_flags = 0
            use_atm_pressure = T
            use_10m_wind_speed = T
            pass_through_ice = F
            atm/
                  name[1] = 'pcair'
                  name[2] = 'u10'
                  name[3] = 'psurf'
                  long_name[1] = 'Atmospheric concentration'
                  long_name[2] = 'Wind speed at 10 m'
                  long_name[3] = 'Surface atmospheric pressure'
                  units[1] = 'mol/mol'
                  units[2] = 'm/s'
                  units[3] = 'Pa'
            ice/
                  name[1] = 'alpha'
                  name[2] = 'csurf'
                  name[3] = 'sc_no'
                  long_name[1] = 'Solubility w.r.t. atmosphere'
                  long_name[2] = 'Ocean concentration'
                  long_name[3] = 'Schmidt number'
                  units[1] = 'mol/m^3/atm'
                  units[2] = 'mol/m^3'
                  units[3] = 'dimensionless'
            flux/
                  name[1] = 'flux'
                  name[2] = 'deltap'
                  name[3] = 'kw'
                  name[4] = 'flux0'
                  long_name[1] = 'Surface flux'
                  long_name[2] = 'Ocean-air delta pressure'
                  long_name[3] = 'Piston velocity'
                  long_name[4] = 'Surface flux no atm'
                  units[1] = 'mol/m^2/s'
                  units[2] = 'uatm'
                  units[3] = 'm/s'
                  units[4] = 'mol/m^2/s'
      air_sea_gas_flux/
            implementation/
                  ocmip2/
                        num_parameters = 2
                  ocmip2_data/
                        num_parameters = 2
                  linear/
                        num_parameters = 3
            num_flags = 0
            use_atm_pressure = T
            use_10m_wind_speed = T
            pass_through_ice = F
            atm/
                  name[1] = 'pcair'
                  name[2] = 'u10'
                  name[3] = 'psurf'
                  long_name[1] = 'Atmospheric concentration'
                  long_name[2] = 'Wind speed at 10 m'
                  long_name[3] = 'Surface atmospheric pressure'
                  units[1] = 'mol/mol'
                  units[2] = 'm/s'
                  units[3] = 'Pa'
            ice/
                  name[1] = 'alpha'
                  name[2] = 'csurf'
                  long_name[1] = 'Solubility from atmosphere times Schmidt number term'
                  long_name[2] = 'Ocean concentration times Schmidt number term'
                  units[1] = 'mol/m^3/atm'
                  units[2] = 'mol/m^3'
            flux/
                  name = 'flux'
                  long_name = 'Surface flux'
                  units = 'mol/m^2/s'
      air_sea_deposition/
            implementation/
                  dry/
                        num_parameters = 1
                  wet/
                        num_parameters = 1
            num_flags = 0
            use_atm_pressure = F
            use_10m_wind_speed = F
            pass_through_ice = T
            atm/
                  name = 'deposition'
                  long_name = 'Atmospheric deposition'
                  units = 'kg/m^2/s'
            ice/
                  name = NULL
                  long_name = NULL
                  units = NULL
            flux/
                  name = 'flux'
                  long_name = 'Surface deposition'
                  units = 'mol/m^2/s'
      land_sea_runoff/
            implementation/
                  river/
                        num_parameters = 1
            num_flags = 0
            use_atm_pressure = F
            use_10m_wind_speed = F
            pass_through_ice = T
            atm/
                  name = 'runoff'
                  long_name = 'Concentration in land runoff'
                  units = 'mol/m^3'
            ice/
                  name = NULL
                  long_name = NULL
                  units = NULL
            flux/
                  name = 'flux'
                  long_name = 'Concentration in land runoff'
                  units = 'mol/m^3'
NOTE from PE     0: open_param_file: MOM_input has been opened successfully.
NOTE from PE     0: open_param_file: MOM_layout has been opened successfully.
NOTE from PE     0: open_param_file: MOM_override has been opened successfully.
NOTE from PE     0: close_param_file: MOM_input has been closed successfully.
NOTE from PE     0: close_param_file: MOM_layout has been closed successfully.
NOTE from PE     0: close_param_file: MOM_override has been closed successfully.


 &GENERIC_TRACER_NML
 DO_GENERIC_TRACER       = T,
 DO_GENERIC_ABIOTIC      = F,
 DO_GENERIC_AGE  = F,
 DO_GENERIC_ARGON        = F,
 DO_GENERIC_CFC  = F,
 DO_GENERIC_SF6  = F,
 DO_GENERIC_TOPAZ        = F,
 DO_GENERIC_ERGOM        = F,
 DO_GENERIC_BLING        = F,
 DO_GENERIC_MINIBLING    = F,
 DO_GENERIC_COBALT       = F,
 DO_GENERIC_WOMBATLITE   = T,
 DO_GENERIC_WOMBATMID    = F,
 FORCE_UPDATE_FLUXES     = T,
 DO_GENERIC_BLRES        = F,
 AS_PARAM        = gfdl_cmip6
 /


 &MOCSY_NML
 BORON_FORMULATION       = l10,
 DISSOCIATION_CONSTANTS  = m10,
 HF_EQUILIBRIUM_CONSTANT = dg,
 EPSLN   =  1.000000000000000E-010,
 PRINT_OOR_WARNINGS      = F,
 MAXIMUM_SALINITY        =   200.000000000000     ,
 MAX_SPECIES_VALUE       =   4.00000000000000     ,
 MINIMUM_TEMPERATURE     =  -2.00000000000000     ,
 SAL_FLOOR_BASED_ON_ALK  = T,
 APPLY_EPSLN_FLOOR       = T,
 APPLY_SPECIES_CEILING   = T,
 APPLY_SALINITY_CEILING  = T,
 APPLY_TEMPERATURE_FLOOR = T
 /


 &GENERIC_WOMBATLITE_NML
 CO2_CALC        = mocsy     ,
 DO_CACO3_DYNAMICS       = T,
 DO_BURIAL       = T,
 DO_CHECK_N_CONSERVE     = T,
 DO_CHECK_C_CONSERVE     = T
 /
 ==>Note from generic_WOMBATlite(generic_WOMBATlite_register):
 Using Mocsy CO2 routine
 ==>Note from generic_WOMBATlite(generic_WOMBATlite_register):
 Doing dynamic CaCO3 precipitation, dissolution and ballasting
 ==>Note from generic_WOMBATlite(generic_WOMBATlite_register):
 Permanently burying organics and CaCO3 in sediments
 ==>Note from generic_WOMBATlite(generic_WOMBATlite_register):
 Checking that the ecosystem model conserves nitrogen
 ==>Note from generic_WOMBATlite(generic_WOMBATlite_register):
 Checking that the ecosystem model conserves carbon
NOTE from PE     0: g_tracer_print_info: Dumping generic tracer namelists tree:
namelists/
      ocean_passive/
            tracer001/
                  restore = F
                  init_tracer = T
            tracer002/
                  restore = F
                  init_tracer = T
            tracer003/
                  restore = F
                  init_tracer = T
            tracer004/
                  restore = F
                  init_tracer = T
            tracer005/
                  restore = F
                  init_tracer = T
      generic_wombatlite/
            *global*/
            no3_src_file = 'INPUT/init_tracers_modified.nc'
            no3_src_var_name = 'no3'
            no3_src_var_unit = 'none'
            no3_dest_var_name = 'no3'
            no3_dest_var_unit = 'mol kg-1'
            no3_src_var_record = 1
            no3_src_var_gridspec = 'NONE'
            no3_valid_min = 0.000000000000000E+000
            phy_src_file = 'INPUT/init_tracers_modified.nc'
            phy_src_var_name = 'phy'
            phy_src_var_unit = 'none'
            phy_dest_var_name = 'phy'
            phy_dest_var_unit = 'mol kg-1'
            phy_src_var_record = 1
            phy_src_var_gridspec = 'NONE'
            phy_valid_min = 0.000000000000000E+000
            phyfe_src_file = 'INPUT/init_tracers_modified.nc'
            phyfe_src_var_name = 'phyfe'
            phyfe_src_var_unit = 'none'
            phyfe_dest_var_name = 'phyfe'
            phyfe_dest_var_unit = 'mol kg-1'
            phyfe_src_var_record = 1
            phyfe_src_var_gridspec = 'NONE'
            phyfe_valid_min = 0.000000000000000E+000
            o2_src_file = 'INPUT/init_tracers_modified.nc'
            o2_src_var_name = 'o2'
            o2_src_var_unit = 'none'
            o2_dest_var_name = 'o2'
            o2_dest_var_unit = 'mol kg-1'
            o2_src_var_record = 1
            o2_src_var_gridspec = 'NONE'
            o2_valid_min = 0.000000000000000E+000
            zoo_src_file = 'INPUT/init_tracers_modified.nc'
            zoo_src_var_name = 'zoo'
            zoo_src_var_unit = 'none'
            zoo_dest_var_name = 'zoo'
            zoo_dest_var_unit = 'mol kg-1'
            zoo_src_var_record = 1
            zoo_src_var_gridspec = 'NONE'
            zoo_valid_min = 0.000000000000000E+000
            zoofe_src_file = 'INPUT/init_tracers_modified.nc'
            zoofe_src_var_name = 'zoofe'
            zoofe_src_var_unit = 'none'
            zoofe_dest_var_name = 'zoofe'
            zoofe_dest_var_unit = 'mol kg-1'
            zoofe_src_var_record = 1
            zoofe_src_var_gridspec = 'NONE'
            zoofe_valid_min = 0.000000000000000E+000
            det_src_file = 'INPUT/init_tracers_modified.nc'
            det_src_var_name = 'det'
            det_src_var_unit = 'none'
            det_dest_var_name = 'det'
            det_dest_var_unit = 'mol kg-1'
            det_src_var_record = 1
            det_src_var_gridspec = 'NONE'
            det_valid_min = 0.000000000000000E+000
            detfe_src_file = 'INPUT/init_tracers_modified.nc'
            detfe_src_var_name = 'detfe'
            detfe_src_var_unit = 'none'
            detfe_dest_var_name = 'detfe'
            detfe_dest_var_unit = 'mol kg-1'
            detfe_src_var_record = 1
            detfe_src_var_gridspec = 'NONE'
            detfe_valid_min = 0.000000000000000E+000
            caco3_src_file = 'INPUT/init_tracers_modified.nc'
            caco3_src_var_name = 'caco3'
            caco3_src_var_unit = 'none'
            caco3_dest_var_name = 'caco3bury'
            caco3_dest_var_unit = 'mol kg-1'
            caco3_src_var_record = 1
            caco3_src_var_gridspec = 'NONE'
            caco3_valid_min = 0.000000000000000E+000
            dic_src_file = 'INPUT/init_tracers_modified.nc'
            dic_src_var_name = 'dic'
            dic_src_var_unit = 'none'
            dic_dest_var_name = 'dic'
            dic_dest_var_unit = 'mol kg-1'
            dic_src_var_record = 1
            dic_src_var_gridspec = 'NONE'
            dic_valid_min = 0.000000000000000E+000
            dicp_src_file = 'INPUT/init_tracers_modified.nc'
            dicp_src_var_name = 'dicp'
            dicp_src_var_unit = 'none'
            dicp_dest_var_name = 'dicp'
            dicp_dest_var_unit = 'mol kg-1'
            dicp_src_var_record = 1
            dicp_src_var_gridspec = 'NONE'
            dicp_valid_min = 0.000000000000000E+000
            dicr_src_file = 'INPUT/init_tracers_modified.nc'
            dicr_src_var_name = 'dicr'
            dicr_src_var_unit = 'none'
            dicr_dest_var_name = 'dicr'
            dicr_dest_var_unit = 'mol kg-1'
            dicr_src_var_record = 1
            dicr_src_var_gridspec = 'NONE'
            dicr_valid_min = 0.000000000000000E+000
            alk_src_file = 'INPUT/init_tracers_modified.nc'
            alk_src_var_name = 'alk'
            alk_src_var_unit = 'none'
            alk_dest_var_name = 'alk'
            alk_dest_var_unit = 'mol kg-1'
            alk_src_var_record = 1
            alk_src_var_gridspec = 'NONE'
            alk_valid_min = 0.000000000000000E+000
            fe_src_file = 'INPUT/init_tracers_modified.nc'
            fe_src_var_name = 'fe'
            fe_src_var_unit = 'none'
            fe_dest_var_name = 'fe'
            fe_dest_var_unit = 'mol kg-1'
            fe_src_var_record = 1
            fe_src_var_gridspec = 'NONE'
            fe_valid_min = 0.000000000000000E+000
            pchl_src_file = 'INPUT/init_tracers_modified.nc'
            pchl_src_var_name = 'pchl'
            pchl_src_var_unit = 'none'
            pchl_dest_var_name = 'pchl'
            pchl_dest_var_unit = 'mol kg-1'
            pchl_src_var_record = 1
            pchl_src_var_gridspec = 'NONE'
            pchl_valid_min = 0.000000000000000E+000
            caco3_sediment_src_file = 'INPUT/init_tracers_modified.nc'
            caco3_sediment_src_var_name = 'caco3_sediment'
            caco3_sediment_src_var_unit = 'none'
            caco3_sediment_dest_var_name = 'caco3_sediment'
            caco3_sediment_dest_var_unit = 'mol m-2'
            caco3_sediment_src_var_record = 1
            caco3_sediment_src_var_gridspec = 'NONE'
            caco3_sediment_valid_min = 0.000000000000000E+000
            det_sediment_src_file = 'INPUT/init_tracers_modified.nc'
            det_sediment_src_var_name = 'det_sediment'
            det_sediment_src_var_unit = 'none'
            det_sediment_dest_var_name = 'det_sediment'
            det_sediment_dest_var_unit = 'mol m-2'
            det_sediment_src_var_record = 1
            det_sediment_src_var_gridspec = 'NONE'
            det_sediment_valid_min = 0.000000000000000E+000
            detfe_sediment_src_file = 'INPUT/init_tracers_modified.nc'
            detfe_sediment_src_var_name = 'detfe_sediment'
            detfe_sediment_src_var_unit = 'none'
            detfe_sediment_dest_var_name = 'detfe_sediment'
            detfe_sediment_dest_var_unit = 'mol m-2'
            detfe_sediment_src_var_record = 1
            detfe_sediment_src_var_gridspec = 'NONE'
            detfe_sediment_valid_min = 0.000000000000000E+000
            caco3bury_src_file = 'INPUT/init_tracers_modified.nc'
            caco3bury_src_var_name = 'caco3bury'
            caco3bury_src_var_unit = 'none'
            caco3bury_dest_var_unit = 'mol m-2 s-1'
            caco3bury_src_var_record = 1
            caco3bury_src_var_gridspec = 'NONE'
            caco3bury_valid_min = 0.000000000000000E+000
            detbury_src_file = 'INPUT/init_tracers_modified.nc'
            detbury_src_var_name = 'detbury'
            detbury_src_var_unit = 'none'
            detbury_dest_var_name = 'detbury'
            detbury_dest_var_unit = 'mol m-2 s-1'
            detbury_src_var_record = 1
            detbury_src_var_gridspec = 'NONE'
            detbury_valid_min = 0.000000000000000E+000
            no3_obc_src_file_name = 'no3_obc_segment.nc'
            no3_obc_src_field_name = 'no3'
            no3_obc_has = T
            no3_obc_lfac_in = 3.000000000000000E-002
            no3_obc_lfac_out = 1.00000000000000
            phy_obc_src_file_name = 'phy_obc_segment.nc'
            phy_obc_src_field_name = 'phy'
            phy_obc_has = T
            phy_obc_lfac_in = 3.000000000000000E-002
            phy_obc_lfac_out = 1.00000000000000
            phyfe_obc_src_file_name = 'phyfe_obc_segment.nc'
            phyfe_obc_src_field_name = 'phyfe'
            phyfe_obc_has = T
            phyfe_obc_lfac_in = 3.000000000000000E-002
            phyfe_obc_lfac_out = 1.00000000000000
            o2_obc_src_file_name = 'o2_obc_segment.nc'
            o2_obc_src_field_name = 'o2'
            o2_obc_has = T
            o2_obc_lfac_in = 3.000000000000000E-002
            o2_obc_lfac_out = 1.00000000000000
            zoo_obc_src_file_name = 'zoo_obc_segment.nc'
            zoo_obc_src_field_name = 'zoo'
            zoo_obc_has = T
            zoo_obc_lfac_in = 3.000000000000000E-002
            zoo_obc_lfac_out = 1.00000000000000
            zoofe_obc_src_file_name = 'zoofe_obc_segment.nc'
            zoofe_obc_src_field_name = 'zoofe'
            zoofe_obc_has = T
            zoofe_obc_lfac_in = 3.000000000000000E-002
            zoofe_obc_lfac_out = 1.00000000000000
            det_obc_src_file_name = 'det_obc_segment.nc'
            det_obc_src_field_name = 'det'
            det_obc_has = T
            det_obc_lfac_in = 3.000000000000000E-002
            det_obc_lfac_out = 1.00000000000000
            detfe_obc_src_file_name = 'detfe_obc_segment.nc'
            detfe_obc_src_field_name = 'detfe'
            detfe_obc_has = T
            detfe_obc_lfac_in = 3.000000000000000E-002
            detfe_obc_lfac_out = 1.00000000000000
            caco3_obc_src_file_name = 'caco3_obc_segment.nc'
            caco3_obc_src_field_name = 'caco3'
            caco3_obc_has = T
            caco3_obc_lfac_in = 3.000000000000000E-002
            caco3_obc_lfac_out = 1.00000000000000
            dic_obc_src_file_name = 'dic_obc_segment.nc'
            dic_obc_src_field_name = 'dic'
            dic_obc_has = T
            dic_obc_lfac_in = 3.000000000000000E-002
            dic_obc_lfac_out = 1.00000000000000
            dicp_obc_src_file_name = 'dicp_obc_segment.nc'
            dicp_obc_src_field_name = 'dicp'
            dicp_obc_has = T
            dicp_obc_lfac_in = 3.000000000000000E-002
            dicp_obc_lfac_out = 1.00000000000000
            dicr_obc_src_file_name = 'dicr_obc_segment.nc'
            dicr_obc_src_field_name = 'dicr'
            dicr_obc_has = T
            dicr_obc_lfac_in = 3.000000000000000E-002
            dicr_obc_lfac_out = 1.00000000000000
            alk_obc_src_file_name = 'alk_obc_segment.nc'
            alk_obc_src_field_name = 'alk'
            alk_obc_has = T
            alk_obc_lfac_in = 3.000000000000000E-002
            alk_obc_lfac_out = 1.00000000000000
            fe_obc_src_file_name = 'fe_obc_segment.nc'
            fe_obc_src_field_name = 'fe'
            fe_obc_has = T
            fe_obc_lfac_in = 3.000000000000000E-002
            fe_obc_lfac_out = 1.00000000000000
            pchl_obc_src_file_name = 'pchl_obc_segment.nc'
            pchl_obc_src_field_name = 'pchl'
            pchl_obc_has = T
            pchl_obc_lfac_in = 3.000000000000000E-002
            pchl_obc_lfac_out = 1.00000000000000
NOTE from PE     0: g_tracer_print_info: Number of prognostic generic tracers =   15
NOTE from PE     0: g_tracer_print_info: Number of diagnostic generic tracers =    3
 
 ==>Note from atmos_ocean_fluxes_mod(aof_set_coupler_flux):
  Processing coupler fluxes dry_dep_fe
 
 ==>Note from atmos_ocean_fluxes_mod(aof_set_coupler_flux):
  Processing coupler fluxes runoff_alk
 
 ==>Note from atmos_ocean_fluxes_mod(aof_set_coupler_flux):
  Processing coupler fluxes co2_flux
 
 ==>Note from atmos_ocean_fluxes_mod(aof_set_coupler_flux):
  Processing coupler fluxes runoff_dic
 
 ==>Note from atmos_ocean_fluxes_mod(aof_set_coupler_flux):
  Processing coupler fluxes runoff_det
 
 ==>Note from atmos_ocean_fluxes_mod(aof_set_coupler_flux):
  Processing coupler fluxes o2_flux
 
 ==>Note from atmos_ocean_fluxes_mod(aof_set_coupler_flux):
  Processing coupler fluxes runoff_no3
 ==>Note from atmos_ocean_fluxes_mod(atmos_ocean_fluxes_init): Processing 
           7  gas fluxes
 
 Dumping fluxes tracer tree
fluxes/
      dry_dep_fe/
            flux_type = 'air_sea_deposition'
            implementation = 'dry'
            atm_tr_index = 0
            mol_wt = 0.000000000000000E+000
            ice_restart_file = 'ice_wombatlite.res.nc'
            ocean_restart_file = 'ocean_coupler_fluxes.res.nc'
            param = 1.00000000000000
            flag = NULL
            flux-units = 'mol/m^2/s'
            flux-long_name = 'Surface deposition'
            deposition-units = 'kg/m^2/s'
            deposition-long_name = 'Atmospheric deposition'
      runoff_alk/
            flux_type = 'land_sea_runoff'
            implementation = 'river'
            atm_tr_index = 0
            mol_wt = 0.000000000000000E+000
            ice_restart_file = 'ice_wombatlite.res.nc'
            ocean_restart_file = 'ocean_coupler_fluxes.res.nc'
            param = 1.00000000000000
            flag = NULL
            flux-units = 'mol/m^3'
            flux-long_name = 'Concentration in land runoff'
            runoff-units = 'mol/m^3'
            runoff-long_name = 'Concentration in land runoff'
      co2_flux/
            flux_type = 'air_sea_gas_flux_generic'
            implementation = 'ocmip2'
            atm_tr_index = 0
            mol_wt = 44.0099500000000
            ice_restart_file = 'ice_wombatlite.res.nc'
            ocean_restart_file = 'ocean_wombatlite_airsea_flux.res.nc'
            param[1] = 8.611111111111111E-007
            param[2] = 9.756100000000000E-006
            flag = NULL
            flux-units = 'mol/m^2/s'
            flux-long_name = 'Surface flux'
            deltap-units = 'uatm'
            deltap-long_name = 'Ocean-air delta pressure'
            kw-units = 'm/s'
            kw-long_name = 'Piston velocity'
            flux0-units = 'mol/m^2/s'
            flux0-long_name = 'Surface flux no atm'
            pcair-units = 'mol/mol'
            pcair-long_name = 'Atmospheric concentration'
            u10-units = 'm/s'
            u10-long_name = 'Wind speed at 10 m'
            psurf-units = 'Pa'
            psurf-long_name = 'Surface atmospheric pressure'
            alpha-units = 'mol/m^3/atm'
            alpha-long_name = 'Solubility w.r.t. atmosphere'
            csurf-units = 'mol/m^3'
            csurf-long_name = 'Ocean concentration'
            sc_no-units = 'dimensionless'
            sc_no-long_name = 'Schmidt number'
      runoff_dic/
            flux_type = 'land_sea_runoff'
            implementation = 'river'
            atm_tr_index = 0
            mol_wt = 0.000000000000000E+000
            ice_restart_file = 'ice_wombatlite.res.nc'
            ocean_restart_file = 'ocean_coupler_fluxes.res.nc'
            param = 1.00000000000000
            flag = NULL
            flux-units = 'mol/m^3'
            flux-long_name = 'Concentration in land runoff'
            runoff-units = 'mol/m^3'
            runoff-long_name = 'Concentration in land runoff'
      runoff_det/
            flux_type = 'land_sea_runoff'
            implementation = 'river'
            atm_tr_index = 0
            mol_wt = 0.000000000000000E+000
            ice_restart_file = 'ice_wombatlite.res.nc'
            ocean_restart_file = 'ocean_coupler_fluxes.res.nc'
            param = 1.00000000000000
            flag = NULL
            flux-units = 'mol/m^3'
            flux-long_name = 'Concentration in land runoff'
            runoff-units = 'mol/m^3'
            runoff-long_name = 'Concentration in land runoff'
      o2_flux/
            flux_type = 'air_sea_gas_flux_generic'
            implementation = 'ocmip2'
            atm_tr_index = 0
            mol_wt = 31.9988000000000
            ice_restart_file = 'ice_wombatlite.res.nc'
            ocean_restart_file = 'ocean_wombatlite_airsea_flux.res.nc'
            param[1] = 8.611111111111111E-007
            param[2] = 9.756100000000000E-006
            flag = NULL
            flux-units = 'mol/m^2/s'
            flux-long_name = 'Surface flux'
            deltap-units = 'uatm'
            deltap-long_name = 'Ocean-air delta pressure'
            kw-units = 'm/s'
            kw-long_name = 'Piston velocity'
            flux0-units = 'mol/m^2/s'
            flux0-long_name = 'Surface flux no atm'
            pcair-units = 'mol/mol'
            pcair-long_name = 'Atmospheric concentration'
            u10-units = 'm/s'
            u10-long_name = 'Wind speed at 10 m'
            psurf-units = 'Pa'
            psurf-long_name = 'Surface atmospheric pressure'
            alpha-units = 'mol/m^3/atm'
            alpha-long_name = 'Solubility w.r.t. atmosphere'
            csurf-units = 'mol/m^3'
            csurf-long_name = 'Ocean concentration'
            sc_no-units = 'dimensionless'
            sc_no-long_name = 'Schmidt number'
      runoff_no3/
            flux_type = 'land_sea_runoff'
            implementation = 'river'
            atm_tr_index = 0
            mol_wt = 0.000000000000000E+000
            ice_restart_file = 'ice_wombatlite.res.nc'
            ocean_restart_file = 'ocean_coupler_fluxes.res.nc'
            param = 1.00000000000000
            flag = NULL
            flux-units = 'mol/m^3'
            flux-long_name = 'Concentration in land runoff'
            runoff-units = 'mol/m^3'
            runoff-long_name = 'Concentration in land runoff'
NOTE from PE     0: callTree: ---> ocean_model_init(), ocean_model_MOM.F90
NOTE from PE     0: open_param_file: MOM_input has been opened successfully.
NOTE from PE     0: open_param_file: MOM_layout has been opened successfully.
NOTE from PE     0: open_param_file: MOM_override has been opened successfully.

WARNING from PE     0: MOM_file_parser : OBC_NUMBER_OF_SEGMENTS over-ridden.  Line: 'OBC_NUMBER_OF_SEGMENTS = 4' in file MOM_override.


WARNING from PE     0: MOM_file_parser : DT over-ridden.  Line: 'DT = 600' in file MOM_override.


WARNING from PE     0: MOM_file_parser : DT_THERM over-ridden.  Line: 'DT_THERM = 1800' in file MOM_override.

 MOM_in domain decomposition
whalo =    4, ehalo =    4, shalo =    4, nhalo =    4
  X-AXIS =   19  19  19  19  19  19  19  19  19  19
  Y-AXIS =   19  19  19  18  18  18  18  19  19  19
 MOM_inc domain decomposition
whalo =    2, ehalo =    2, shalo =    2, nhalo =    2
  X-AXIS =   10  10  10  10  10   9   9   9   9   9
  Y-AXIS =   10  10  10   9   9   9   9   9   9   9
NOTE from PE     0: diag_manager_mod::diag_manager_init: prepend_date only supported when diag_manager_init is called with time_init present.
NOTE from PE     0: diag_manager_mod::diag_manager_init: You are using the legacy version of the diag table
 MOM_in domain decomposition
whalo =    4, ehalo =    4, shalo =    4, nhalo =    4
  X-AXIS =   19  19  19  19  19  19  19  19  19  19
  Y-AXIS =   19  19  19  18  18  18  18  19  19  19
 MOM_in domain decomposition
whalo =    2, ehalo =    2, shalo =    2, nhalo =    2
  X-AXIS =   10  10  10  10  10   9   9   9   9   9
  Y-AXIS =   10  10  10   9   9   9   9   9   9   9
 MOM_MOSAIC domain decomposition
whalo =    9, ehalo =    9, shalo =    9, nhalo =    9
  X-AXIS =   38  38  38  38  38  38  38  38  38  38
  Y-AXIS =   38  38  38  36  36  36  36  38  38  38
 MOM_MOSAIC domain decomposition
whalo =    4, ehalo =    4, shalo =    4, nhalo =    4
  X-AXIS =   19  19  19  19  19  19  19  19  19  19
  Y-AXIS =   19  19  19  18  18  18  18  19  19  19

WARNING from PE     0: MOM_file_parser : MINIMUM_DEPTH over-ridden.  Line: 'MINIMUM_DEPTH = 12.0' in file MOM_override.


WARNING from PE     0: MOM_file_parser : NK over-ridden.  Line: 'NK = 100' in file MOM_override.


WARNING from PE     0: MOM_file_parser : OBC_FREESLIP_VORTICITY over-ridden.  Line: 'OBC_FREESLIP_VORTICITY = False' in file MOM_override.


WARNING from PE     0: MOM_file_parser : OBC_COMPUTED_VORTICITY over-ridden.  Line: 'OBC_COMPUTED_VORTICITY = True' in file MOM_override.


WARNING from PE     0: MOM_file_parser : OBC_FREESLIP_STRAIN over-ridden.  Line: 'OBC_FREESLIP_STRAIN = False' in file MOM_override.


WARNING from PE     0: MOM_file_parser : OBC_COMPUTED_STRAIN over-ridden.  Line: 'OBC_COMPUTED_STRAIN = True' in file MOM_override.


WARNING from PE     0: MOM_file_parser : OBC_ZERO_BIHARMONIC over-ridden.  Line: 'OBC_ZERO_BIHARMONIC = True' in file MOM_override.


WARNING from PE     0: MOM_file_parser : OBC_TIDE_N_CONSTITUENTS over-ridden.  Line: 'OBC_TIDE_N_CONSTITUENTS = 10' in file MOM_override.


WARNING from PE     0: MOM_file_parser : OBC_TRACER_RESERVOIR_LENGTH_SCALE_OUT over-ridden.  Line: 'OBC_TRACER_RESERVOIR_LENGTH_SCALE_OUT = 3.0E+04' in file MOM_override.


WARNING from PE     0: MOM_file_parser : OBC_TRACER_RESERVOIR_LENGTH_SCALE_IN over-ridden.  Line: 'OBC_TRACER_RESERVOIR_LENGTH_SCALE_IN = 3000.0' in file MOM_override.


WARNING from PE     0: MOM_file_parser : BRUSHCUTTER_MODE over-ridden.  Line: 'BRUSHCUTTER_MODE = True' in file MOM_override.


WARNING from PE     0: MOM_file_parser : OBC_TIDE_CONSTITUENTS over-ridden.  Line: 'OBC_TIDE_CONSTITUENTS = "M2, S2, N2, K2, K1, O1, P1, Q1, MM, MF"' in file MOM_override.


WARNING from PE     0: MOM_file_parser : TIDES over-ridden.  Line: 'TIDES = True' in file MOM_override.


WARNING from PE     0: MOM_file_parser : OBC_TIDE_ADD_EQ_PHASE over-ridden.  Line: 'OBC_TIDE_ADD_EQ_PHASE = True' in file MOM_override.


WARNING from PE     0: The runtime parameter TIDE_USE_EQ_PHASE is also being set consistently via its older name of OBC_TIDE_ADD_EQ_PHASE.  Please migrate to only using TIDE_USE_EQ_PHASE.


WARNING from PE     0: MOM_file_parser : TIDE_REF_DATE over-ridden.  Line: 'TIDE_REF_DATE = 2012, 01, 15' in file MOM_override.


WARNING from PE     0: Open_file is appending .nc to the filename ./ocean_geometry

 MOM_in domain decomposition
whalo =    4, ehalo =    4, shalo =    4, nhalo =    4
  X-AXIS =   19  19  19  19  19  19  19  19  19  19
  Y-AXIS =   19  19  19  18  18  18  18  19  19  19
 MOM_in domain decomposition
whalo =    2, ehalo =    2, shalo =    2, nhalo =    2
  X-AXIS =   10  10  10  10  10   9   9   9   9   9
  Y-AXIS =   10  10  10   9   9   9   9   9   9   9
NOTE from PE     0: MOM_restart: Unable to find tres_x_001   queried by pointer, probably because of the suspect comparison of pointers by ASSOCIATED.
NOTE from PE     0: MOM_restart: Unable to find tres_y_001   queried by pointer, probably because of the suspect comparison of pointers by ASSOCIATED.
NOTE from PE     0: MOM_restart: Unable to find tres_x_002   queried by pointer, probably because of the suspect comparison of pointers by ASSOCIATED.
NOTE from PE     0: MOM_restart: Unable to find tres_y_002   queried by pointer, probably because of the suspect comparison of pointers by ASSOCIATED.
NOTE from PE     0: MOM_restart: Unable to find tres_x_003   queried by pointer, probably because of the suspect comparison of pointers by ASSOCIATED.
NOTE from PE     0: MOM_restart: Unable to find tres_y_003   queried by pointer, probably because of the suspect comparison of pointers by ASSOCIATED.
NOTE from PE     0: MOM_restart: Unable to find tres_x_004   queried by pointer, probably because of the suspect comparison of pointers by ASSOCIATED.
NOTE from PE     0: MOM_restart: Unable to find tres_y_004   queried by pointer, probably because of the suspect comparison of pointers by ASSOCIATED.
NOTE from PE     0: MOM_restart: Unable to find tres_x_005   queried by pointer, probably because of the suspect comparison of pointers by ASSOCIATED.
NOTE from PE     0: MOM_restart: Unable to find tres_y_005   queried by pointer, probably because of the suspect comparison of pointers by ASSOCIATED.
NOTE from PE     0: MOM_restart: Unable to find tres_x_006   queried by pointer, probably because of the suspect comparison of pointers by ASSOCIATED.
NOTE from PE     0: MOM_restart: Unable to find tres_y_006   queried by pointer, probably because of the suspect comparison of pointers by ASSOCIATED.
NOTE from PE     0: MOM_restart: Unable to find tres_x_007   queried by pointer, probably because of the suspect comparison of pointers by ASSOCIATED.
NOTE from PE     0: MOM_restart: Unable to find tres_y_007   queried by pointer, probably because of the suspect comparison of pointers by ASSOCIATED.
NOTE from PE     0: MOM_restart: Unable to find tres_x_008   queried by pointer, probably because of the suspect comparison of pointers by ASSOCIATED.
NOTE from PE     0: MOM_restart: Unable to find tres_y_008   queried by pointer, probably because of the suspect comparison of pointers by ASSOCIATED.
NOTE from PE     0: MOM_restart: Unable to find tres_x_009   queried by pointer, probably because of the suspect comparison of pointers by ASSOCIATED.
NOTE from PE     0: MOM_restart: Unable to find tres_y_009   queried by pointer, probably because of the suspect comparison of pointers by ASSOCIATED.
NOTE from PE     0: MOM_restart: Unable to find tres_x_010   queried by pointer, probably because of the suspect comparison of pointers by ASSOCIATED.
NOTE from PE     0: MOM_restart: Unable to find tres_y_010   queried by pointer, probably because of the suspect comparison of pointers by ASSOCIATED.
NOTE from PE     0: MOM_restart: Unable to find tres_x_011   queried by pointer, probably because of the suspect comparison of pointers by ASSOCIATED.
NOTE from PE     0: MOM_restart: Unable to find tres_y_011   queried by pointer, probably because of the suspect comparison of pointers by ASSOCIATED.
NOTE from PE     0: MOM_restart: Unable to find tres_x_012   queried by pointer, probably because of the suspect comparison of pointers by ASSOCIATED.
NOTE from PE     0: MOM_restart: Unable to find tres_y_012   queried by pointer, probably because of the suspect comparison of pointers by ASSOCIATED.
NOTE from PE     0: MOM_restart: Unable to find tres_x_013   queried by pointer, probably because of the suspect comparison of pointers by ASSOCIATED.
NOTE from PE     0: MOM_restart: Unable to find tres_y_013   queried by pointer, probably because of the suspect comparison of pointers by ASSOCIATED.
NOTE from PE     0: MOM_restart: Unable to find tres_x_014   queried by pointer, probably because of the suspect comparison of pointers by ASSOCIATED.
NOTE from PE     0: MOM_restart: Unable to find tres_y_014   queried by pointer, probably because of the suspect comparison of pointers by ASSOCIATED.
NOTE from PE     0: MOM_restart: Unable to find tres_x_015   queried by pointer, probably because of the suspect comparison of pointers by ASSOCIATED.
NOTE from PE     0: MOM_restart: Unable to find tres_y_015   queried by pointer, probably because of the suspect comparison of pointers by ASSOCIATED.
NOTE from PE     0: MOM_restart: Unable to find tres_x_016   queried by pointer, probably because of the suspect comparison of pointers by ASSOCIATED.
NOTE from PE     0: MOM_restart: Unable to find tres_y_016   queried by pointer, probably because of the suspect comparison of pointers by ASSOCIATED.
NOTE from PE     0: MOM_restart: Unable to find tres_x_017   queried by pointer, probably because of the suspect comparison of pointers by ASSOCIATED.
NOTE from PE     0: MOM_restart: Unable to find tres_y_017   queried by pointer, probably because of the suspect comparison of pointers by ASSOCIATED.
NOTE from PE    90: time_interp_external_mod: file INPUT/tu_segment_001.nc  has only one time level
NOTE from PE     1: time_interp_external_mod: file INPUT/tu_segment_002.nc  has only one time level
NOTE from PE     7: time_interp_external_mod: file INPUT/tu_segment_002.nc  has only one time level
NOTE from PE     5: time_interp_external_mod: file INPUT/tu_segment_002.nc  has only one time level
NOTE from PE     8: time_interp_external_mod: file INPUT/tu_segment_002.nc  has only one time level
NOTE from PE     9: time_interp_external_mod: file INPUT/tu_segment_002.nc  has only one time level
NOTE from PE     3: time_interp_external_mod: file INPUT/tu_segment_002.nc  has only one time level
NOTE from PE     6: time_interp_external_mod: file INPUT/tu_segment_002.nc  has only one time level
NOTE from PE     4: time_interp_external_mod: file INPUT/tu_segment_002.nc  has only one time level
NOTE from PE     2: time_interp_external_mod: file INPUT/tu_segment_002.nc  has only one time level
NOTE from PE    91: time_interp_external_mod: file INPUT/tu_segment_001.nc  has only one time level
NOTE from PE    90: time_interp_external_mod: file INPUT/tu_segment_001.nc  has only one time level
NOTE from PE    94: time_interp_external_mod: file INPUT/tu_segment_001.nc  has only one time level
NOTE from PE    95: time_interp_external_mod: file INPUT/tu_segment_001.nc  has only one time level
NOTE from PE    92: time_interp_external_mod: file INPUT/tu_segment_001.nc  has only one time level
NOTE from PE    97: time_interp_external_mod: file INPUT/tu_segment_001.nc  has only one time level
NOTE from PE    99: time_interp_external_mod: file INPUT/tu_segment_001.nc  has only one time level
NOTE from PE    93: time_interp_external_mod: file INPUT/tu_segment_001.nc  has only one time level
NOTE from PE    98: time_interp_external_mod: file INPUT/tu_segment_001.nc  has only one time level
NOTE from PE    96: time_interp_external_mod: file INPUT/tu_segment_001.nc  has only one time level
NOTE from PE     7: time_interp_external_mod: file INPUT/tu_segment_002.nc  has only one time level
NOTE from PE     1: time_interp_external_mod: file INPUT/tu_segment_002.nc  has only one time level
NOTE from PE     5: time_interp_external_mod: file INPUT/tu_segment_002.nc  has only one time level
NOTE from PE    19: time_interp_external_mod: file INPUT/tu_segment_003.nc  has only one time level
NOTE from PE    29: time_interp_external_mod: file INPUT/tu_segment_003.nc  has only one time level
NOTE from PE     0: time_interp_external_mod: file INPUT/tu_segment_002.nc  has only one time level
NOTE from PE    49: time_interp_external_mod: file INPUT/tu_segment_003.nc  has only one time level
NOTE from PE     9: time_interp_external_mod: file INPUT/tu_segment_002.nc  has only one time level
NOTE from PE     6: time_interp_external_mod: file INPUT/tu_segment_002.nc  has only one time level
NOTE from PE     3: time_interp_external_mod: file INPUT/tu_segment_002.nc  has only one time level
NOTE from PE     8: time_interp_external_mod: file INPUT/tu_segment_002.nc  has only one time level
NOTE from PE     2: time_interp_external_mod: file INPUT/tu_segment_002.nc  has only one time level
NOTE from PE     4: time_interp_external_mod: file INPUT/tu_segment_002.nc  has only one time level
NOTE from PE    91: time_interp_external_mod: file INPUT/tu_segment_001.nc  has only one time level
NOTE from PE    90: time_interp_external_mod: file INPUT/tu_segment_001.nc  has only one time level
NOTE from PE    94: time_interp_external_mod: file INPUT/tu_segment_001.nc  has only one time level
NOTE from PE    95: time_interp_external_mod: file INPUT/tu_segment_001.nc  has only one time level
NOTE from PE    79: time_interp_external_mod: file INPUT/tu_segment_003.nc  has only one time level
NOTE from PE    92: time_interp_external_mod: file INPUT/tu_segment_001.nc  has only one time level
NOTE from PE    93: time_interp_external_mod: file INPUT/tu_segment_001.nc  has only one time level
NOTE from PE    69: time_interp_external_mod: file INPUT/tu_segment_003.nc  has only one time level
NOTE from PE    97: time_interp_external_mod: file INPUT/tu_segment_001.nc  has only one time level
NOTE from PE    59: time_interp_external_mod: file INPUT/tu_segment_003.nc  has only one time level
NOTE from PE    99: time_interp_external_mod: file INPUT/tu_segment_001.nc  has only one time level
NOTE from PE    89: time_interp_external_mod: file INPUT/tu_segment_003.nc  has only one time level
NOTE from PE    96: time_interp_external_mod: file INPUT/tu_segment_001.nc  has only one time level
NOTE from PE    98: time_interp_external_mod: file INPUT/tu_segment_001.nc  has only one time level
NOTE from PE    70: time_interp_external_mod: file INPUT/tu_segment_004.nc  has only one time level
NOTE from PE     7: time_interp_external_mod: file INPUT/tu_segment_002.nc  has only one time level
NOTE from PE     1: time_interp_external_mod: file INPUT/tu_segment_002.nc  has only one time level
NOTE from PE     5: time_interp_external_mod: file INPUT/tu_segment_002.nc  has only one time level
NOTE from PE    30: time_interp_external_mod: file INPUT/tu_segment_004.nc  has only one time level
NOTE from PE    20: time_interp_external_mod: file INPUT/tu_segment_004.nc  has only one time level
NOTE from PE     9: time_interp_external_mod: file INPUT/tu_segment_002.nc  has only one time level
NOTE from PE    19: time_interp_external_mod: file INPUT/tu_segment_003.nc  has only one time level
NOTE from PE    29: time_interp_external_mod: file INPUT/tu_segment_003.nc  has only one time level
NOTE from PE    40: time_interp_external_mod: file INPUT/tu_segment_004.nc  has only one time level
NOTE from PE    39: time_interp_external_mod: file INPUT/tu_segment_003.nc  has only one time level
NOTE from PE    49: time_interp_external_mod: file INPUT/tu_segment_003.nc  has only one time level
NOTE from PE     6: time_interp_external_mod: file INPUT/tu_segment_002.nc  has only one time level
NOTE from PE     2: time_interp_external_mod: file INPUT/tu_segment_002.nc  has only one time level
NOTE from PE     3: time_interp_external_mod: file INPUT/tu_segment_002.nc  has only one time level
NOTE from PE     8: time_interp_external_mod: file INPUT/tu_segment_002.nc  has only one time level
NOTE from PE     4: time_interp_external_mod: file INPUT/tu_segment_002.nc  has only one time level
NOTE from PE    80: time_interp_external_mod: file INPUT/tu_segment_004.nc  has only one time level
NOTE from PE    60: time_interp_external_mod: file INPUT/tu_segment_004.nc  has only one time level
NOTE from PE    91: time_interp_external_mod: file INPUT/tu_segment_001.nc  has only one time level
NOTE from PE     0: time_interp_external_mod: file INPUT/tu_segment_002.nc  has only one time level
NOTE from PE    90: time_interp_external_mod: file INPUT/tu_segment_001.nc  has only one time level
NOTE from PE    10: time_interp_external_mod: file INPUT/tu_segment_004.nc  has only one time level
NOTE from PE    50: time_interp_external_mod: file INPUT/tu_segment_004.nc  has only one time level
NOTE from PE    92: time_interp_external_mod: file INPUT/tu_segment_001.nc  has only one time level
NOTE from PE    93: time_interp_external_mod: file INPUT/tu_segment_001.nc  has only one time level
NOTE from PE    95: time_interp_external_mod: file INPUT/tu_segment_001.nc  has only one time level
NOTE from PE    59: time_interp_external_mod: file INPUT/tu_segment_003.nc  has only one time level
NOTE from PE    89: time_interp_external_mod: file INPUT/tu_segment_003.nc  has only one time level
NOTE from PE    69: time_interp_external_mod: file INPUT/tu_segment_003.nc  has only one time level
NOTE from PE    99: time_interp_external_mod: file INPUT/tu_segment_001.nc  has only one time level
NOTE from PE    94: time_interp_external_mod: file INPUT/tu_segment_001.nc  has only one time level
NOTE from PE    79: time_interp_external_mod: file INPUT/tu_segment_003.nc  has only one time level
NOTE from PE    97: time_interp_external_mod: file INPUT/tu_segment_001.nc  has only one time level
NOTE from PE    96: time_interp_external_mod: file INPUT/tu_segment_001.nc  has only one time level
NOTE from PE    98: time_interp_external_mod: file INPUT/tu_segment_001.nc  has only one time level
NOTE from PE     7: time_interp_external_mod: file INPUT/tu_segment_002.nc  has only one time level
NOTE from PE     1: time_interp_external_mod: file INPUT/tu_segment_002.nc  has only one time level
NOTE from PE     5: time_interp_external_mod: file INPUT/tu_segment_002.nc  has only one time level
NOTE from PE    70: time_interp_external_mod: file INPUT/tu_segment_004.nc  has only one time level
NOTE from PE    29: time_interp_external_mod: file INPUT/tu_segment_003.nc  has only one time level
NOTE from PE    30: time_interp_external_mod: file INPUT/tu_segment_004.nc  has only one time level
NOTE from PE     9: time_interp_external_mod: file INPUT/tu_segment_002.nc  has only one time level
NOTE from PE    20: time_interp_external_mod: file INPUT/tu_segment_004.nc  has only one time level
NOTE from PE    19: time_interp_external_mod: file INPUT/tu_segment_003.nc  has only one time level
NOTE from PE    40: time_interp_external_mod: file INPUT/tu_segment_004.nc  has only one time level
NOTE from PE     3: time_interp_external_mod: file INPUT/tu_segment_002.nc  has only one time level
NOTE from PE     6: time_interp_external_mod: file INPUT/tu_segment_002.nc  has only one time level
NOTE from PE    39: time_interp_external_mod: file INPUT/tu_segment_003.nc  has only one time level
NOTE from PE    49: time_interp_external_mod: file INPUT/tu_segment_003.nc  has only one time level
NOTE from PE     8: time_interp_external_mod: file INPUT/tu_segment_002.nc  has only one time level
NOTE from PE    80: time_interp_external_mod: file INPUT/tu_segment_004.nc  has only one time level
NOTE from PE     2: time_interp_external_mod: file INPUT/tu_segment_002.nc  has only one time level
NOTE from PE    60: time_interp_external_mod: file INPUT/tu_segment_004.nc  has only one time level
NOTE from PE     4: time_interp_external_mod: file INPUT/tu_segment_002.nc  has only one time level
NOTE from PE    91: time_interp_external_mod: file INPUT/tu_segment_001.nc  has only one time level
NOTE from PE    50: time_interp_external_mod: file INPUT/tu_segment_004.nc  has only one time level
NOTE from PE    93: time_interp_external_mod: file INPUT/tu_segment_001.nc  has only one time level
NOTE from PE    92: time_interp_external_mod: file INPUT/tu_segment_001.nc  has only one time level
NOTE from PE    95: time_interp_external_mod: file INPUT/tu_segment_001.nc  has only one time level
NOTE from PE    10: time_interp_external_mod: file INPUT/tu_segment_004.nc  has only one time level
NOTE from PE    89: time_interp_external_mod: file INPUT/tu_segment_003.nc  has only one time level
NOTE from PE     0: time_interp_external_mod: file INPUT/tu_segment_002.nc  has only one time level
NOTE from PE    97: time_interp_external_mod: file INPUT/tu_segment_001.nc  has only one time level
NOTE from PE    94: time_interp_external_mod: file INPUT/tu_segment_001.nc  has only one time level
NOTE from PE    59: time_interp_external_mod: file INPUT/tu_segment_003.nc  has only one time level
NOTE from PE    69: time_interp_external_mod: file INPUT/tu_segment_003.nc  has only one time level
NOTE from PE    99: time_interp_external_mod: file INPUT/tu_segment_001.nc  has only one time level
NOTE from PE    79: time_interp_external_mod: file INPUT/tu_segment_003.nc  has only one time level
NOTE from PE    90: time_interp_external_mod: file INPUT/tz_segment_001.nc  has only one time level
NOTE from PE    96: time_interp_external_mod: file INPUT/tu_segment_001.nc  has only one time level
NOTE from PE    98: time_interp_external_mod: file INPUT/tu_segment_001.nc  has only one time level
NOTE from PE    70: time_interp_external_mod: file INPUT/tu_segment_004.nc  has only one time level
NOTE from PE    30: time_interp_external_mod: file INPUT/tu_segment_004.nc  has only one time level
NOTE from PE    20: time_interp_external_mod: file INPUT/tu_segment_004.nc  has only one time level
NOTE from PE    19: time_interp_external_mod: file INPUT/tu_segment_003.nc  has only one time level
NOTE from PE    40: time_interp_external_mod: file INPUT/tu_segment_004.nc  has only one time level
NOTE from PE    29: time_interp_external_mod: file INPUT/tu_segment_003.nc  has only one time level
NOTE from PE    39: time_interp_external_mod: file INPUT/tu_segment_003.nc  has only one time level
NOTE from PE     5: time_interp_external_mod: file INPUT/tz_segment_002.nc  has only one time level
NOTE from PE     7: time_interp_external_mod: file INPUT/tz_segment_002.nc  has only one time level
NOTE from PE     1: time_interp_external_mod: file INPUT/tz_segment_002.nc  has only one time level
NOTE from PE     9: time_interp_external_mod: file INPUT/tz_segment_002.nc  has only one time level
NOTE from PE    60: time_interp_external_mod: file INPUT/tu_segment_004.nc  has only one time level
NOTE from PE    80: time_interp_external_mod: file INPUT/tu_segment_004.nc  has only one time level
NOTE from PE    49: time_interp_external_mod: file INPUT/tu_segment_003.nc  has only one time level
NOTE from PE     3: time_interp_external_mod: file INPUT/tz_segment_002.nc  has only one time level
NOTE from PE     8: time_interp_external_mod: file INPUT/tz_segment_002.nc  has only one time level
NOTE from PE    50: time_interp_external_mod: file INPUT/tu_segment_004.nc  has only one time level
NOTE from PE     6: time_interp_external_mod: file INPUT/tz_segment_002.nc  has only one time level
NOTE from PE    10: time_interp_external_mod: file INPUT/tu_segment_004.nc  has only one time level
NOTE from PE    89: time_interp_external_mod: file INPUT/tu_segment_003.nc  has only one time level
NOTE from PE     4: time_interp_external_mod: file INPUT/tz_segment_002.nc  has only one time level
NOTE from PE     2: time_interp_external_mod: file INPUT/tz_segment_002.nc  has only one time level
NOTE from PE    91: time_interp_external_mod: file INPUT/tz_segment_001.nc  has only one time level
NOTE from PE    69: time_interp_external_mod: file INPUT/tu_segment_003.nc  has only one time level
NOTE from PE    59: time_interp_external_mod: file INPUT/tu_segment_003.nc  has only one time level
NOTE from PE    93: time_interp_external_mod: file INPUT/tz_segment_001.nc  has only one time level
NOTE from PE    92: time_interp_external_mod: file INPUT/tz_segment_001.nc  has only one time level
NOTE from PE    90: time_interp_external_mod: file INPUT/tz_segment_001.nc  has only one time level
NOTE from PE    79: time_interp_external_mod: file INPUT/tu_segment_003.nc  has only one time level
NOTE from PE     0: time_interp_external_mod: file INPUT/tu_segment_002.nc  has only one time level
NOTE from PE    95: time_interp_external_mod: file INPUT/tz_segment_001.nc  has only one time level
NOTE from PE    20: time_interp_external_mod: file INPUT/tu_segment_004.nc  has only one time level
NOTE from PE    40: time_interp_external_mod: file INPUT/tu_segment_004.nc  has only one time level
NOTE from PE    70: time_interp_external_mod: file INPUT/tu_segment_004.nc  has only one time level
NOTE from PE    94: time_interp_external_mod: file INPUT/tz_segment_001.nc  has only one time level
NOTE from PE    30: time_interp_external_mod: file INPUT/tu_segment_004.nc  has only one time level
NOTE from PE    99: time_interp_external_mod: file INPUT/tz_segment_001.nc  has only one time level
NOTE from PE    39: time_interp_external_mod: file INPUT/tu_segment_003.nc  has only one time level
NOTE from PE     1: time_interp_external_mod: file INPUT/tz_segment_002.nc  has only one time level
NOTE from PE     7: time_interp_external_mod: file INPUT/tz_segment_002.nc  has only one time level
NOTE from PE     9: time_interp_external_mod: file INPUT/tz_segment_002.nc  has only one time level
NOTE from PE    97: time_interp_external_mod: file INPUT/tz_segment_001.nc  has only one time level
NOTE from PE    96: time_interp_external_mod: file INPUT/tz_segment_001.nc  has only one time level
NOTE from PE     5: time_interp_external_mod: file INPUT/tz_segment_002.nc  has only one time level
NOTE from PE    98: time_interp_external_mod: file INPUT/tz_segment_001.nc  has only one time level
NOTE from PE     3: time_interp_external_mod: file INPUT/tz_segment_002.nc  has only one time level
NOTE from PE    80: time_interp_external_mod: file INPUT/tu_segment_004.nc  has only one time level
NOTE from PE    60: time_interp_external_mod: file INPUT/tu_segment_004.nc  has only one time level
NOTE from PE    29: time_interp_external_mod: file INPUT/tz_segment_003.nc  has only one time level
NOTE from PE    19: time_interp_external_mod: file INPUT/tz_segment_003.nc  has only one time level
NOTE from PE     6: time_interp_external_mod: file INPUT/tz_segment_002.nc  has only one time level
NOTE from PE    50: time_interp_external_mod: file INPUT/tu_segment_004.nc  has only one time level
NOTE from PE     8: time_interp_external_mod: file INPUT/tz_segment_002.nc  has only one time level
NOTE from PE    10: time_interp_external_mod: file INPUT/tu_segment_004.nc  has only one time level
NOTE from PE     4: time_interp_external_mod: file INPUT/tz_segment_002.nc  has only one time level
NOTE from PE     2: time_interp_external_mod: file INPUT/tz_segment_002.nc  has only one time level
NOTE from PE    49: time_interp_external_mod: file INPUT/tz_segment_003.nc  has only one time level
NOTE from PE    91: time_interp_external_mod: file INPUT/tz_segment_001.nc  has only one time level
NOTE from PE    93: time_interp_external_mod: file INPUT/tz_segment_001.nc  has only one time level
NOTE from PE    92: time_interp_external_mod: file INPUT/tz_segment_001.nc  has only one time level
NOTE from PE    94: time_interp_external_mod: file INPUT/tz_segment_001.nc  has only one time level
NOTE from PE    89: time_interp_external_mod: file INPUT/tz_segment_003.nc  has only one time level
NOTE from PE    95: time_interp_external_mod: file INPUT/tz_segment_001.nc  has only one time level
NOTE from PE    99: time_interp_external_mod: file INPUT/tz_segment_001.nc  has only one time level
NOTE from PE    96: time_interp_external_mod: file INPUT/tz_segment_001.nc  has only one time level
NOTE from PE    69: time_interp_external_mod: file INPUT/tz_segment_003.nc  has only one time level
NOTE from PE    59: time_interp_external_mod: file INPUT/tz_segment_003.nc  has only one time level
NOTE from PE    98: time_interp_external_mod: file INPUT/tz_segment_001.nc  has only one time level
NOTE from PE    79: time_interp_external_mod: file INPUT/tz_segment_003.nc  has only one time level
NOTE from PE    97: time_interp_external_mod: file INPUT/tz_segment_001.nc  has only one time level
NOTE from PE    30: time_interp_external_mod: file INPUT/tz_segment_004.nc  has only one time level
NOTE from PE    20: time_interp_external_mod: file INPUT/tz_segment_004.nc  has only one time level
NOTE from PE    40: time_interp_external_mod: file INPUT/tz_segment_004.nc  has only one time level
NOTE from PE    70: time_interp_external_mod: file INPUT/tz_segment_004.nc  has only one time level
NOTE from PE    29: time_interp_external_mod: file INPUT/tz_segment_003.nc  has only one time level
NOTE from PE    39: time_interp_external_mod: file INPUT/tz_segment_003.nc  has only one time level
NOTE from PE    19: time_interp_external_mod: file INPUT/tz_segment_003.nc  has only one time level
NOTE from PE    49: time_interp_external_mod: file INPUT/tz_segment_003.nc  has only one time level
NOTE from PE     0: time_interp_external_mod: file INPUT/tz_segment_002.nc  has only one time level
NOTE from PE    80: time_interp_external_mod: file INPUT/tz_segment_004.nc  has only one time level
NOTE from PE    60: time_interp_external_mod: file INPUT/tz_segment_004.nc  has only one time level
NOTE from PE    50: time_interp_external_mod: file INPUT/tz_segment_004.nc  has only one time level
NOTE from PE    10: time_interp_external_mod: file INPUT/tz_segment_004.nc  has only one time level
NOTE from PE    89: time_interp_external_mod: file INPUT/tz_segment_003.nc  has only one time level
NOTE from PE    69: time_interp_external_mod: file INPUT/tz_segment_003.nc  has only one time level
NOTE from PE    30: time_interp_external_mod: file INPUT/tz_segment_004.nc  has only one time level
NOTE from PE    59: time_interp_external_mod: file INPUT/tz_segment_003.nc  has only one time level
NOTE from PE    20: time_interp_external_mod: file INPUT/tz_segment_004.nc  has only one time level
NOTE from PE    40: time_interp_external_mod: file INPUT/tz_segment_004.nc  has only one time level
NOTE from PE    39: time_interp_external_mod: file INPUT/tz_segment_003.nc  has only one time level
NOTE from PE    79: time_interp_external_mod: file INPUT/tz_segment_003.nc  has only one time level
NOTE from PE    70: time_interp_external_mod: file INPUT/tz_segment_004.nc  has only one time level
NOTE from PE    80: time_interp_external_mod: file INPUT/tz_segment_004.nc  has only one time level
NOTE from PE    60: time_interp_external_mod: file INPUT/tz_segment_004.nc  has only one time level
NOTE from PE    10: time_interp_external_mod: file INPUT/tz_segment_004.nc  has only one time level
NOTE from PE    50: time_interp_external_mod: file INPUT/tz_segment_004.nc  has only one time level
NOTE from PE     0: time_interp_external_mod: file INPUT/tz_segment_002.nc  has only one time level
NOTE from PE    90: time_interp_external_mod: file INPUT/tu_segment_004.nc  has only one time level
NOTE from PE    90: time_interp_external_mod: file INPUT/tu_segment_004.nc  has only one time level
NOTE from PE    90: time_interp_external_mod: file INPUT/tu_segment_004.nc  has only one time level
NOTE from PE     9: time_interp_external_mod: file INPUT/tu_segment_003.nc  has only one time level
NOTE from PE    90: time_interp_external_mod: file INPUT/tu_segment_004.nc  has only one time level
NOTE from PE    99: time_interp_external_mod: file INPUT/tu_segment_003.nc  has only one time level
NOTE from PE     9: time_interp_external_mod: file INPUT/tu_segment_003.nc  has only one time level
NOTE from PE    99: time_interp_external_mod: file INPUT/tu_segment_003.nc  has only one time level
NOTE from PE    90: time_interp_external_mod: file INPUT/tz_segment_004.nc  has only one time level
NOTE from PE     9: time_interp_external_mod: file INPUT/tu_segment_003.nc  has only one time level
NOTE from PE    99: time_interp_external_mod: file INPUT/tu_segment_003.nc  has only one time level
NOTE from PE    90: time_interp_external_mod: file INPUT/tz_segment_004.nc  has only one time level
NOTE from PE     9: time_interp_external_mod: file INPUT/tu_segment_003.nc  has only one time level
NOTE from PE    99: time_interp_external_mod: file INPUT/tu_segment_003.nc  has only one time level
NOTE from PE     9: time_interp_external_mod: file INPUT/tz_segment_003.nc  has only one time level
NOTE from PE    99: time_interp_external_mod: file INPUT/tz_segment_003.nc  has only one time level
NOTE from PE     9: time_interp_external_mod: file INPUT/tz_segment_003.nc  has only one time level
NOTE from PE    99: time_interp_external_mod: file INPUT/tz_segment_003.nc  has only one time level
NOTE from PE     0: time_interp_external_mod: file INPUT/tu_segment_004.nc  has only one time level
NOTE from PE     0: time_interp_external_mod: file INPUT/tu_segment_004.nc  has only one time level
NOTE from PE     0: time_interp_external_mod: file INPUT/tu_segment_004.nc  has only one time level
NOTE from PE     0: time_interp_external_mod: file INPUT/tu_segment_004.nc  has only one time level
NOTE from PE     0: time_interp_external_mod: file INPUT/tz_segment_004.nc  has only one time level
NOTE from PE     0: time_interp_external_mod: file INPUT/tz_segment_004.nc  has only one time level

WARNING from PE     0: The runtime parameter SAL_SCALAR_VALUE is being set via its soon to be obsolete name of TIDE_SAL_SCALAR_VALUE.  Please migrate to using SAL_SCALAR_VALUE.


WARNING from PE     0: The runtime parameter TIDE_USE_EQ_PHASE is also being set consistently via its older name of OBC_TIDE_ADD_EQ_PHASE.  Please migrate to only using TIDE_USE_EQ_PHASE.

NOTE from PE     0: MOM_harmonic_analysis: HA_END_TIME is zero or negative. Harmonic analysis will not be performed.
 MOM_in domain decomposition
whalo =    4, ehalo =    4, shalo =    4, nhalo =    4
  X-AXIS =   19  19  19  19  19  19  19  19  19  19
  Y-AXIS =   19  19  19  18  18  18  18  19  19  19
 MOM_in domain decomposition
whalo =    2, ehalo =    2, shalo =    2, nhalo =    2
  X-AXIS =   10  10  10  10  10   9   9   9   9   9
  Y-AXIS =   10  10  10   9   9   9   9   9   9   9
NOTE from PE     0: initialize_MOM_generic_tracer: initializing generic tracer caco3_sediment using MOM_initialize_tracer_from_Z
NOTE from PE     0: init_from_Z: min=  0.0000E+00 max=  1.0569E+01 Level=  1 Tracer from ALE()
NOTE from PE     0: init_from_Z: min=  0.0000E+00 max=  1.0569E+01 Level=  2 Tracer from ALE()
NOTE from PE     0: init_from_Z: min=  0.0000E+00 max=  1.0569E+01 Level=  3 Tracer from ALE()
NOTE from PE     0: init_from_Z: min=  0.0000E+00 max=  1.0569E+01 Level=  4 Tracer from ALE()
NOTE from PE     0: init_from_Z: min=  0.0000E+00 max=  1.0569E+01 Level=  5 Tracer from ALE()
NOTE from PE     0: init_from_Z: min=  0.0000E+00 max=  1.0569E+01 Level=  6 Tracer from ALE()
NOTE from PE     0: init_from_Z: min=  0.0000E+00 max=  1.0569E+01 Level=  7 Tracer from ALE()
NOTE from PE     0: init_from_Z: min=  0.0000E+00 max=  1.0569E+01 Level=  8 Tracer from ALE()
NOTE from PE     0: init_from_Z: min=  0.0000E+00 max=  1.0569E+01 Level=  9 Tracer from ALE()
NOTE from PE     0: init_from_Z: min=  0.0000E+00 max=  1.0569E+01 Level= 10 Tracer from ALE()
NOTE from PE     0: init_from_Z: min=  0.0000E+00 max=  1.0569E+01 Level= 11 Tracer from ALE()
NOTE from PE     0: init_from_Z: min=  0.0000E+00 max=  1.0569E+01 Level= 12 Tracer from ALE()
NOTE from PE     0: init_from_Z: min=  0.0000E+00 max=  1.0569E+01 Level= 13 Tracer from ALE()
NOTE from PE     0: init_from_Z: min=  0.0000E+00 max=  1.0569E+01 Level= 14 Tracer from ALE()
NOTE from PE     0: init_from_Z: min=  0.0000E+00 max=  1.0569E+01 Level= 15 Tracer from ALE()
NOTE from PE     0: init_from_Z: min=  0.0000E+00 max=  1.0569E+01 Level= 16 Tracer from ALE()
NOTE from PE     0: init_from_Z: min=  0.0000E+00 max=  1.0569E+01 Level= 17 Tracer from ALE()
NOTE from PE     0: init_from_Z: min=  0.0000E+00 max=  1.0569E+01 Level= 18 Tracer from ALE()
NOTE from PE     0: init_from_Z: min=  0.0000E+00 max=  1.0569E+01 Level= 19 Tracer from ALE()
NOTE from PE     0: init_from_Z: min=  0.0000E+00 max=  1.0569E+01 Level= 20 Tracer from ALE()
NOTE from PE     0: init_from_Z: min=  0.0000E+00 max=  1.0569E+01 Level= 21 Tracer from ALE()
NOTE from PE     0: init_from_Z: min=  0.0000E+00 max=  1.0569E+01 Level= 22 Tracer from ALE()
NOTE from PE     0: init_from_Z: min=  0.0000E+00 max=  1.0569E+01 Level= 23 Tracer from ALE()
NOTE from PE     0: init_from_Z: min=  0.0000E+00 max=  1.0569E+01 Level= 24 Tracer from ALE()
NOTE from PE     0: init_from_Z: min=  0.0000E+00 max=  1.0569E+01 Level= 25 Tracer from ALE()
NOTE from PE     0: init_from_Z: min=  0.0000E+00 max=  1.0569E+01 Level= 26 Tracer from ALE()
NOTE from PE     0: init_from_Z: min=  0.0000E+00 max=  1.0569E+01 Level= 27 Tracer from ALE()
NOTE from PE     0: init_from_Z: min=  0.0000E+00 max=  1.0569E+01 Level= 28 Tracer from ALE()
NOTE from PE     0: init_from_Z: min=  0.0000E+00 max=  1.0569E+01 Level= 29 Tracer from ALE()
NOTE from PE     0: init_from_Z: min=  0.0000E+00 max=  1.0569E+01 Level= 30 Tracer from ALE()
NOTE from PE     0: init_from_Z: min=  0.0000E+00 max=  1.0569E+01 Level= 31 Tracer from ALE()
NOTE from PE     0: init_from_Z: min=  0.0000E+00 max=  1.0569E+01 Level= 32 Tracer from ALE()
NOTE from PE     0: init_from_Z: min=  0.0000E+00 max=  1.0569E+01 Level= 33 Tracer from ALE()
NOTE from PE     0: init_from_Z: min=  0.0000E+00 max=  1.0569E+01 Level= 34 Tracer from ALE()
NOTE from PE     0: init_from_Z: min=  0.0000E+00 max=  1.0569E+01 Level= 35 Tracer from ALE()
NOTE from PE     0: init_from_Z: min=  0.0000E+00 max=  1.0569E+01 Level= 36 Tracer from ALE()
NOTE from PE     0: init_from_Z: min=  0.0000E+00 max=  1.0569E+01 Level= 37 Tracer from ALE()
NOTE from PE     0: init_from_Z: min=  0.0000E+00 max=  1.0569E+01 Level= 38 Tracer from ALE()
NOTE from PE     0: init_from_Z: min=  0.0000E+00 max=  1.0569E+01 Level= 39 Tracer from ALE()
NOTE from PE     0: init_from_Z: min=  0.0000E+00 max=  1.0569E+01 Level= 40 Tracer from ALE()
NOTE from PE     0: init_from_Z: min=  0.0000E+00 max=  1.0569E+01 Level= 41 Tracer from ALE()
NOTE from PE     0: init_from_Z: min=  0.0000E+00 max=  1.0569E+01 Level= 42 Tracer from ALE()
NOTE from PE     0: init_from_Z: min=  0.0000E+00 max=  1.0569E+01 Level= 43 Tracer from ALE()
NOTE from PE     0: init_from_Z: min=  0.0000E+00 max=  1.0569E+01 Level= 44 Tracer from ALE()
NOTE from PE     0: init_from_Z: min=  0.0000E+00 max=  1.0569E+01 Level= 45 Tracer from ALE()
NOTE from PE     0: init_from_Z: min=  0.0000E+00 max=  1.0569E+01 Level= 46 Tracer from ALE()
NOTE from PE     0: init_from_Z: min=  0.0000E+00 max=  1.0569E+01 Level= 47 Tracer from ALE()
NOTE from PE     0: init_from_Z: min=  0.0000E+00 max=  1.0569E+01 Level= 48 Tracer from ALE()
NOTE from PE     0: init_from_Z: min=  0.0000E+00 max=  1.0569E+01 Level= 49 Tracer from ALE()
NOTE from PE     0: init_from_Z: min=  0.0000E+00 max=  1.0569E+01 Level= 50 Tracer from ALE()
NOTE from PE     0: init_from_Z: min=  0.0000E+00 max=  1.0569E+01 Level= 51 Tracer from ALE()
NOTE from PE     0: init_from_Z: min=  0.0000E+00 max=  1.0569E+01 Level= 52 Tracer from ALE()
NOTE from PE     0: init_from_Z: min=  0.0000E+00 max=  1.0569E+01 Level= 53 Tracer from ALE()
NOTE from PE     0: init_from_Z: min=  0.0000E+00 max=  1.0569E+01 Level= 54 Tracer from ALE()
NOTE from PE     0: init_from_Z: min=  0.0000E+00 max=  1.0569E+01 Level= 55 Tracer from ALE()
NOTE from PE     0: init_from_Z: min=  0.0000E+00 max=  1.0569E+01 Level= 56 Tracer from ALE()
NOTE from PE     0: init_from_Z: min=  0.0000E+00 max=  1.0569E+01 Level= 57 Tracer from ALE()
NOTE from PE     0: init_from_Z: min=  0.0000E+00 max=  1.0569E+01 Level= 58 Tracer from ALE()
NOTE from PE     0: init_from_Z: min=  0.0000E+00 max=  1.0569E+01 Level= 59 Tracer from ALE()
NOTE from PE     0: init_from_Z: min=  0.0000E+00 max=  1.0569E+01 Level= 60 Tracer from ALE()
NOTE from PE     0: init_from_Z: min=  0.0000E+00 max=  1.0569E+01 Level= 61 Tracer from ALE()
NOTE from PE     0: init_from_Z: min=  0.0000E+00 max=  1.0569E+01 Level= 62 Tracer from ALE()
NOTE from PE     0: init_from_Z: min=  0.0000E+00 max=  1.0569E+01 Level= 63 Tracer from ALE()
NOTE from PE     0: init_from_Z: min=  0.0000E+00 max=  1.0569E+01 Level= 64 Tracer from ALE()
NOTE from PE     0: init_from_Z: min=  0.0000E+00 max=  1.0569E+01 Level= 65 Tracer from ALE()
NOTE from PE     0: init_from_Z: min=  0.0000E+00 max=  1.0569E+01 Level= 66 Tracer from ALE()
NOTE from PE     0: init_from_Z: min=  0.0000E+00 max=  1.0569E+01 Level= 67 Tracer from ALE()
NOTE from PE     0: init_from_Z: min=  0.0000E+00 max=  1.0569E+01 Level= 68 Tracer from ALE()
NOTE from PE     0: init_from_Z: min=  0.0000E+00 max=  1.0569E+01 Level= 69 Tracer from ALE()
NOTE from PE     0: init_from_Z: min=  0.0000E+00 max=  1.0569E+01 Level= 70 Tracer from ALE()
NOTE from PE     0: init_from_Z: min=  0.0000E+00 max=  1.0569E+01 Level= 71 Tracer from ALE()
NOTE from PE     0: init_from_Z: min=  0.0000E+00 max=  1.0569E+01 Level= 72 Tracer from ALE()
NOTE from PE     0: init_from_Z: min=  0.0000E+00 max=  1.0569E+01 Level= 73 Tracer from ALE()
NOTE from PE     0: init_from_Z: min=  0.0000E+00 max=  1.0569E+01 Level= 74 Tracer from ALE()
NOTE from PE     0: init_from_Z: min=  0.0000E+00 max=  1.0569E+01 Level= 75 Tracer from ALE()
NOTE from PE     0: init_from_Z: min=  0.0000E+00 max=  1.0569E+01 Level= 76 Tracer from ALE()
NOTE from PE     0: init_from_Z: min=  0.0000E+00 max=  1.0569E+01 Level= 77 Tracer from ALE()
NOTE from PE     0: init_from_Z: min=  0.0000E+00 max=  1.0569E+01 Level= 78 Tracer from ALE()
NOTE from PE     0: init_from_Z: min=  0.0000E+00 max=  1.0569E+01 Level= 79 Tracer from ALE()
NOTE from PE     0: init_from_Z: min=  0.0000E+00 max=  1.0569E+01 Level= 80 Tracer from ALE()
NOTE from PE     0: init_from_Z: min=  0.0000E+00 max=  1.0569E+01 Level= 81 Tracer from ALE()
NOTE from PE     0: init_from_Z: min=  0.0000E+00 max=  1.0569E+01 Level= 82 Tracer from ALE()
NOTE from PE     0: init_from_Z: min=  0.0000E+00 max=  1.0569E+01 Level= 83 Tracer from ALE()
NOTE from PE     0: init_from_Z: min=  0.0000E+00 max=  1.0569E+01 Level= 84 Tracer from ALE()
NOTE from PE     0: init_from_Z: min=  0.0000E+00 max=  1.0569E+01 Level= 85 Tracer from ALE()
NOTE from PE     0: init_from_Z: min=  0.0000E+00 max=  1.0569E+01 Level= 86 Tracer from ALE()
NOTE from PE     0: init_from_Z: min=  0.0000E+00 max=  1.0569E+01 Level= 87 Tracer from ALE()
NOTE from PE     0: init_from_Z: min=  0.0000E+00 max=  1.0569E+01 Level= 88 Tracer from ALE()
NOTE from PE     0: init_from_Z: min=  0.0000E+00 max=  1.0569E+01 Level= 89 Tracer from ALE()
NOTE from PE     0: init_from_Z: min=  0.0000E+00 max=  1.0569E+01 Level= 90 Tracer from ALE()
NOTE from PE     0: init_from_Z: min=  0.0000E+00 max=  1.0569E+01 Level= 91 Tracer from ALE()
NOTE from PE     0: init_from_Z: min=  0.0000E+00 max=  1.0569E+01 Level= 92 Tracer from ALE()
NOTE from PE     0: init_from_Z: min=  0.0000E+00 max=  1.0569E+01 Level= 93 Tracer from ALE()
NOTE from PE     0: init_from_Z: min=  0.0000E+00 max=  1.0569E+01 Level= 94 Tracer from ALE()
NOTE from PE     0: init_from_Z: min=  0.0000E+00 max=  1.0569E+01 Level= 95 Tracer from ALE()
NOTE from PE     0: init_from_Z: min=  0.0000E+00 max=  1.0569E+01 Level= 96 Tracer from ALE()
NOTE from PE     0: init_from_Z: min=  0.0000E+00 max=  1.0569E+01 Level= 97 Tracer from ALE()
NOTE from PE     0: init_from_Z: min=  0.0000E+00 max=  1.0569E+01 Level= 98 Tracer from ALE()
NOTE from PE     0: init_from_Z: min=  0.0000E+00 max=  1.0569E+01 Level= 99 Tracer from ALE()
NOTE from PE     0: init_from_Z: min=  0.0000E+00 max=  1.0569E+01 Level=100 Tracer from ALE()
NOTE from PE     0: initialize_MOM_generic_tracer: initializing generic tracer detfe_sediment using MOM_initialize_tracer_from_Z
NOTE from PE     0: init_from_Z: min=  0.0000E+00 max=  1.7416E-05 Level=  1 Tracer from ALE()
NOTE from PE     0: init_from_Z: min=  0.0000E+00 max=  1.7416E-05 Level=  2 Tracer from ALE()
NOTE from PE     0: init_from_Z: min=  0.0000E+00 max=  1.7416E-05 Level=  3 Tracer from ALE()
NOTE from PE     0: init_from_Z: min=  0.0000E+00 max=  1.7416E-05 Level=  4 Tracer from ALE()
NOTE from PE     0: init_from_Z: min=  0.0000E+00 max=  1.7416E-05 Level=  5 Tracer from ALE()
NOTE from PE     0: init_from_Z: min=  0.0000E+00 max=  1.7416E-05 Level=  6 Tracer from ALE()
NOTE from PE     0: init_from_Z: min=  0.0000E+00 max=  1.7416E-05 Level=  7 Tracer from ALE()
NOTE from PE     0: init_from_Z: min=  0.0000E+00 max=  1.7416E-05 Level=  8 Tracer from ALE()
NOTE from PE     0: init_from_Z: min=  0.0000E+00 max=  1.7416E-05 Level=  9 Tracer from ALE()
NOTE from PE     0: init_from_Z: min=  0.0000E+00 max=  1.7416E-05 Level= 10 Tracer from ALE()
NOTE from PE     0: init_from_Z: min=  0.0000E+00 max=  1.7416E-05 Level= 11 Tracer from ALE()
NOTE from PE     0: init_from_Z: min=  0.0000E+00 max=  1.7416E-05 Level= 12 Tracer from ALE()
NOTE from PE     0: init_from_Z: min=  0.0000E+00 max=  1.7416E-05 Level= 13 Tracer from ALE()
NOTE from PE     0: init_from_Z: min=  0.0000E+00 max=  1.7416E-05 Level= 14 Tracer from ALE()
NOTE from PE     0: init_from_Z: min=  0.0000E+00 max=  1.7416E-05 Level= 15 Tracer from ALE()
NOTE from PE     0: init_from_Z: min=  0.0000E+00 max=  1.7416E-05 Level= 16 Tracer from ALE()
NOTE from PE     0: init_from_Z: min=  0.0000E+00 max=  1.7416E-05 Level= 17 Tracer from ALE()
NOTE from PE     0: init_from_Z: min=  0.0000E+00 max=  1.7416E-05 Level= 18 Tracer from ALE()
NOTE from PE     0: init_from_Z: min=  0.0000E+00 max=  1.7416E-05 Level= 19 Tracer from ALE()
NOTE from PE     0: init_from_Z: min=  0.0000E+00 max=  1.7416E-05 Level= 20 Tracer from ALE()
NOTE from PE     0: init_from_Z: min=  0.0000E+00 max=  1.7416E-05 Level= 21 Tracer from ALE()
NOTE from PE     0: init_from_Z: min=  0.0000E+00 max=  1.7416E-05 Level= 22 Tracer from ALE()
NOTE from PE     0: init_from_Z: min=  0.0000E+00 max=  1.7416E-05 Level= 23 Tracer from ALE()
NOTE from PE     0: init_from_Z: min=  0.0000E+00 max=  1.7416E-05 Level= 24 Tracer from ALE()
NOTE from PE     0: init_from_Z: min=  0.0000E+00 max=  1.7416E-05 Level= 25 Tracer from ALE()
NOTE from PE     0: init_from_Z: min=  0.0000E+00 max=  1.7416E-05 Level= 26 Tracer from ALE()
NOTE from PE     0: init_from_Z: min=  0.0000E+00 max=  1.7416E-05 Level= 27 Tracer from ALE()
NOTE from PE     0: init_from_Z: min=  0.0000E+00 max=  1.7416E-05 Level= 28 Tracer from ALE()
NOTE from PE     0: init_from_Z: min=  0.0000E+00 max=  1.7416E-05 Level= 29 Tracer from ALE()
NOTE from PE     0: init_from_Z: min=  0.0000E+00 max=  1.7416E-05 Level= 30 Tracer from ALE()
NOTE from PE     0: init_from_Z: min=  0.0000E+00 max=  1.7416E-05 Level= 31 Tracer from ALE()
NOTE from PE     0: init_from_Z: min=  0.0000E+00 max=  1.7416E-05 Level= 32 Tracer from ALE()
NOTE from PE     0: init_from_Z: min=  0.0000E+00 max=  1.7416E-05 Level= 33 Tracer from ALE()
NOTE from PE     0: init_from_Z: min=  0.0000E+00 max=  1.7416E-05 Level= 34 Tracer from ALE()
NOTE from PE     0: init_from_Z: min=  0.0000E+00 max=  1.7416E-05 Level= 35 Tracer from ALE()
NOTE from PE     0: init_from_Z: min=  0.0000E+00 max=  1.7416E-05 Level= 36 Tracer from ALE()
NOTE from PE     0: init_from_Z: min=  0.0000E+00 max=  1.7416E-05 Level= 37 Tracer from ALE()
NOTE from PE     0: init_from_Z: min=  0.0000E+00 max=  1.7416E-05 Level= 38 Tracer from ALE()
NOTE from PE     0: init_from_Z: min=  0.0000E+00 max=  1.7416E-05 Level= 39 Tracer from ALE()
NOTE from PE     0: init_from_Z: min=  0.0000E+00 max=  1.7416E-05 Level= 40 Tracer from ALE()
NOTE from PE     0: init_from_Z: min=  0.0000E+00 max=  1.7416E-05 Level= 41 Tracer from ALE()
NOTE from PE     0: init_from_Z: min=  0.0000E+00 max=  1.7416E-05 Level= 42 Tracer from ALE()
NOTE from PE     0: init_from_Z: min=  0.0000E+00 max=  1.7416E-05 Level= 43 Tracer from ALE()
NOTE from PE     0: init_from_Z: min=  0.0000E+00 max=  1.7416E-05 Level= 44 Tracer from ALE()
NOTE from PE     0: init_from_Z: min=  0.0000E+00 max=  1.7416E-05 Level= 45 Tracer from ALE()
NOTE from PE     0: init_from_Z: min=  0.0000E+00 max=  1.7416E-05 Level= 46 Tracer from ALE()
NOTE from PE     0: init_from_Z: min=  0.0000E+00 max=  1.7416E-05 Level= 47 Tracer from ALE()
NOTE from PE     0: init_from_Z: min=  0.0000E+00 max=  1.7416E-05 Level= 48 Tracer from ALE()
NOTE from PE     0: init_from_Z: min=  0.0000E+00 max=  1.7416E-05 Level= 49 Tracer from ALE()
NOTE from PE     0: init_from_Z: min=  0.0000E+00 max=  1.7416E-05 Level= 50 Tracer from ALE()
NOTE from PE     0: init_from_Z: min=  0.0000E+00 max=  1.7416E-05 Level= 51 Tracer from ALE()
NOTE from PE     0: init_from_Z: min=  0.0000E+00 max=  1.7416E-05 Level= 52 Tracer from ALE()
NOTE from PE     0: init_from_Z: min=  0.0000E+00 max=  1.7416E-05 Level= 53 Tracer from ALE()
NOTE from PE     0: init_from_Z: min=  0.0000E+00 max=  1.7416E-05 Level= 54 Tracer from ALE()
NOTE from PE     0: init_from_Z: min=  0.0000E+00 max=  1.7416E-05 Level= 55 Tracer from ALE()
NOTE from PE     0: init_from_Z: min=  0.0000E+00 max=  1.7416E-05 Level= 56 Tracer from ALE()
NOTE from PE     0: init_from_Z: min=  0.0000E+00 max=  1.7416E-05 Level= 57 Tracer from ALE()
NOTE from PE     0: init_from_Z: min=  0.0000E+00 max=  1.7416E-05 Level= 58 Tracer from ALE()
NOTE from PE     0: init_from_Z: min=  0.0000E+00 max=  1.7416E-05 Level= 59 Tracer from ALE()
NOTE from PE     0: init_from_Z: min=  0.0000E+00 max=  1.7416E-05 Level= 60 Tracer from ALE()
NOTE from PE     0: init_from_Z: min=  0.0000E+00 max=  1.7416E-05 Level= 61 Tracer from ALE()
NOTE from PE     0: init_from_Z: min=  0.0000E+00 max=  1.7416E-05 Level= 62 Tracer from ALE()
NOTE from PE     0: init_from_Z: min=  0.0000E+00 max=  1.7416E-05 Level= 63 Tracer from ALE()
NOTE from PE     0: init_from_Z: min=  0.0000E+00 max=  1.7416E-05 Level= 64 Tracer from ALE()
NOTE from PE     0: init_from_Z: min=  0.0000E+00 max=  1.7416E-05 Level= 65 Tracer from ALE()
NOTE from PE     0: init_from_Z: min=  0.0000E+00 max=  1.7416E-05 Level= 66 Tracer from ALE()
NOTE from PE     0: init_from_Z: min=  0.0000E+00 max=  1.7416E-05 Level= 67 Tracer from ALE()
NOTE from PE     0: init_from_Z: min=  0.0000E+00 max=  1.7416E-05 Level= 68 Tracer from ALE()
NOTE from PE     0: init_from_Z: min=  0.0000E+00 max=  1.7416E-05 Level= 69 Tracer from ALE()
NOTE from PE     0: init_from_Z: min=  0.0000E+00 max=  1.7416E-05 Level= 70 Tracer from ALE()
NOTE from PE     0: init_from_Z: min=  0.0000E+00 max=  1.7416E-05 Level= 71 Tracer from ALE()
NOTE from PE     0: init_from_Z: min=  0.0000E+00 max=  1.7416E-05 Level= 72 Tracer from ALE()
NOTE from PE     0: init_from_Z: min=  0.0000E+00 max=  1.7416E-05 Level= 73 Tracer from ALE()
NOTE from PE     0: init_from_Z: min=  0.0000E+00 max=  1.7416E-05 Level= 74 Tracer from ALE()
NOTE from PE     0: init_from_Z: min=  0.0000E+00 max=  1.7416E-05 Level= 75 Tracer from ALE()
NOTE from PE     0: init_from_Z: min=  0.0000E+00 max=  1.7416E-05 Level= 76 Tracer from ALE()
NOTE from PE     0: init_from_Z: min=  0.0000E+00 max=  1.7416E-05 Level= 77 Tracer from ALE()
NOTE from PE     0: init_from_Z: min=  0.0000E+00 max=  1.7416E-05 Level= 78 Tracer from ALE()
NOTE from PE     0: init_from_Z: min=  0.0000E+00 max=  1.7416E-05 Level= 79 Tracer from ALE()
NOTE from PE     0: init_from_Z: min=  0.0000E+00 max=  1.7416E-05 Level= 80 Tracer from ALE()
NOTE from PE     0: init_from_Z: min=  0.0000E+00 max=  1.7416E-05 Level= 81 Tracer from ALE()
NOTE from PE     0: init_from_Z: min=  0.0000E+00 max=  1.7416E-05 Level= 82 Tracer from ALE()
NOTE from PE     0: init_from_Z: min=  0.0000E+00 max=  1.7416E-05 Level= 83 Tracer from ALE()
NOTE from PE     0: init_from_Z: min=  0.0000E+00 max=  1.7416E-05 Level= 84 Tracer from ALE()
NOTE from PE     0: init_from_Z: min=  0.0000E+00 max=  1.7416E-05 Level= 85 Tracer from ALE()
NOTE from PE     0: init_from_Z: min=  0.0000E+00 max=  1.7416E-05 Level= 86 Tracer from ALE()
NOTE from PE     0: init_from_Z: min=  0.0000E+00 max=  1.7416E-05 Level= 87 Tracer from ALE()
NOTE from PE     0: init_from_Z: min=  0.0000E+00 max=  1.7416E-05 Level= 88 Tracer from ALE()
NOTE from PE     0: init_from_Z: min=  0.0000E+00 max=  1.7416E-05 Level= 89 Tracer from ALE()
NOTE from PE     0: init_from_Z: min=  0.0000E+00 max=  1.7416E-05 Level= 90 Tracer from ALE()
NOTE from PE     0: init_from_Z: min=  0.0000E+00 max=  1.7416E-05 Level= 91 Tracer from ALE()
NOTE from PE     0: init_from_Z: min=  0.0000E+00 max=  1.7416E-05 Level= 92 Tracer from ALE()
NOTE from PE     0: init_from_Z: min=  0.0000E+00 max=  1.7416E-05 Level= 93 Tracer from ALE()
NOTE from PE     0: init_from_Z: min=  0.0000E+00 max=  1.7416E-05 Level= 94 Tracer from ALE()
NOTE from PE     0: init_from_Z: min=  0.0000E+00 max=  1.7416E-05 Level= 95 Tracer from ALE()
NOTE from PE     0: init_from_Z: min=  0.0000E+00 max=  1.7416E-05 Level= 96 Tracer from ALE()
NOTE from PE     0: init_from_Z: min=  0.0000E+00 max=  1.7416E-05 Level= 97 Tracer from ALE()
NOTE from PE     0: init_from_Z: min=  0.0000E+00 max=  1.7416E-05 Level= 98 Tracer from ALE()
NOTE from PE     0: init_from_Z: min=  0.0000E+00 max=  1.7416E-05 Level= 99 Tracer from ALE()
NOTE from PE     0: init_from_Z: min=  0.0000E+00 max=  1.7416E-05 Level=100 Tracer from ALE()
NOTE from PE     0: initialize_MOM_generic_tracer: initializing generic tracer det_sediment using MOM_initialize_tracer_from_Z
NOTE from PE     0: init_from_Z: min=  0.0000E+00 max=  2.9045E-01 Level=  1 Tracer from ALE()
NOTE from PE     0: init_from_Z: min=  0.0000E+00 max=  2.9045E-01 Level=  2 Tracer from ALE()
NOTE from PE     0: init_from_Z: min=  0.0000E+00 max=  2.9045E-01 Level=  3 Tracer from ALE()
NOTE from PE     0: init_from_Z: min=  0.0000E+00 max=  2.9045E-01 Level=  4 Tracer from ALE()
NOTE from PE     0: init_from_Z: min=  0.0000E+00 max=  2.9045E-01 Level=  5 Tracer from ALE()
NOTE from PE     0: init_from_Z: min=  0.0000E+00 max=  2.9045E-01 Level=  6 Tracer from ALE()
NOTE from PE     0: init_from_Z: min=  0.0000E+00 max=  2.9045E-01 Level=  7 Tracer from ALE()
NOTE from PE     0: init_from_Z: min=  0.0000E+00 max=  2.9045E-01 Level=  8 Tracer from ALE()
NOTE from PE     0: init_from_Z: min=  0.0000E+00 max=  2.9045E-01 Level=  9 Tracer from ALE()
NOTE from PE     0: init_from_Z: min=  0.0000E+00 max=  2.9045E-01 Level= 10 Tracer from ALE()
NOTE from PE     0: init_from_Z: min=  0.0000E+00 max=  2.9045E-01 Level= 11 Tracer from ALE()
NOTE from PE     0: init_from_Z: min=  0.0000E+00 max=  2.9045E-01 Level= 12 Tracer from ALE()
NOTE from PE     0: init_from_Z: min=  0.0000E+00 max=  2.9045E-01 Level= 13 Tracer from ALE()
NOTE from PE     0: init_from_Z: min=  0.0000E+00 max=  2.9045E-01 Level= 14 Tracer from ALE()
NOTE from PE     0: init_from_Z: min=  0.0000E+00 max=  2.9045E-01 Level= 15 Tracer from ALE()
NOTE from PE     0: init_from_Z: min=  0.0000E+00 max=  2.9045E-01 Level= 16 Tracer from ALE()
NOTE from PE     0: init_from_Z: min=  0.0000E+00 max=  2.9045E-01 Level= 17 Tracer from ALE()
NOTE from PE     0: init_from_Z: min=  0.0000E+00 max=  2.9045E-01 Level= 18 Tracer from ALE()
NOTE from PE     0: init_from_Z: min=  0.0000E+00 max=  2.9045E-01 Level= 19 Tracer from ALE()
NOTE from PE     0: init_from_Z: min=  0.0000E+00 max=  2.9045E-01 Level= 20 Tracer from ALE()
NOTE from PE     0: init_from_Z: min=  0.0000E+00 max=  2.9045E-01 Level= 21 Tracer from ALE()
NOTE from PE     0: init_from_Z: min=  0.0000E+00 max=  2.9045E-01 Level= 22 Tracer from ALE()
NOTE from PE     0: init_from_Z: min=  0.0000E+00 max=  2.9045E-01 Level= 23 Tracer from ALE()
NOTE from PE     0: init_from_Z: min=  0.0000E+00 max=  2.9045E-01 Level= 24 Tracer from ALE()
NOTE from PE     0: init_from_Z: min=  0.0000E+00 max=  2.9045E-01 Level= 25 Tracer from ALE()
NOTE from PE     0: init_from_Z: min=  0.0000E+00 max=  2.9045E-01 Level= 26 Tracer from ALE()
NOTE from PE     0: init_from_Z: min=  0.0000E+00 max=  2.9045E-01 Level= 27 Tracer from ALE()
NOTE from PE     0: init_from_Z: min=  0.0000E+00 max=  2.9045E-01 Level= 28 Tracer from ALE()
NOTE from PE     0: init_from_Z: min=  0.0000E+00 max=  2.9045E-01 Level= 29 Tracer from ALE()
NOTE from PE     0: init_from_Z: min=  0.0000E+00 max=  2.9045E-01 Level= 30 Tracer from ALE()
NOTE from PE     0: init_from_Z: min=  0.0000E+00 max=  2.9045E-01 Level= 31 Tracer from ALE()
NOTE from PE     0: init_from_Z: min=  0.0000E+00 max=  2.9045E-01 Level= 32 Tracer from ALE()
NOTE from PE     0: init_from_Z: min=  0.0000E+00 max=  2.9045E-01 Level= 33 Tracer from ALE()
NOTE from PE     0: init_from_Z: min=  0.0000E+00 max=  2.9045E-01 Level= 34 Tracer from ALE()
NOTE from PE     0: init_from_Z: min=  0.0000E+00 max=  2.9045E-01 Level= 35 Tracer from ALE()
NOTE from PE     0: init_from_Z: min=  0.0000E+00 max=  2.9045E-01 Level= 36 Tracer from ALE()
NOTE from PE     0: init_from_Z: min=  0.0000E+00 max=  2.9045E-01 Level= 37 Tracer from ALE()
NOTE from PE     0: init_from_Z: min=  0.0000E+00 max=  2.9045E-01 Level= 38 Tracer from ALE()
NOTE from PE     0: init_from_Z: min=  0.0000E+00 max=  2.9045E-01 Level= 39 Tracer from ALE()
NOTE from PE     0: init_from_Z: min=  0.0000E+00 max=  2.9045E-01 Level= 40 Tracer from ALE()
NOTE from PE     0: init_from_Z: min=  0.0000E+00 max=  2.9045E-01 Level= 41 Tracer from ALE()
NOTE from PE     0: init_from_Z: min=  0.0000E+00 max=  2.9045E-01 Level= 42 Tracer from ALE()
NOTE from PE     0: init_from_Z: min=  0.0000E+00 max=  2.9045E-01 Level= 43 Tracer from ALE()
NOTE from PE     0: init_from_Z: min=  0.0000E+00 max=  2.9045E-01 Level= 44 Tracer from ALE()
NOTE from PE     0: init_from_Z: min=  0.0000E+00 max=  2.9045E-01 Level= 45 Tracer from ALE()
NOTE from PE     0: init_from_Z: min=  0.0000E+00 max=  2.9045E-01 Level= 46 Tracer from ALE()
NOTE from PE     0: init_from_Z: min=  0.0000E+00 max=  2.9045E-01 Level= 47 Tracer from ALE()
NOTE from PE     0: init_from_Z: min=  0.0000E+00 max=  2.9045E-01 Level= 48 Tracer from ALE()
NOTE from PE     0: init_from_Z: min=  0.0000E+00 max=  2.9045E-01 Level= 49 Tracer from ALE()
NOTE from PE     0: init_from_Z: min=  0.0000E+00 max=  2.9045E-01 Level= 50 Tracer from ALE()
NOTE from PE     0: init_from_Z: min=  0.0000E+00 max=  2.9045E-01 Level= 51 Tracer from ALE()
NOTE from PE     0: init_from_Z: min=  0.0000E+00 max=  2.9045E-01 Level= 52 Tracer from ALE()
NOTE from PE     0: init_from_Z: min=  0.0000E+00 max=  2.9045E-01 Level= 53 Tracer from ALE()
NOTE from PE     0: init_from_Z: min=  0.0000E+00 max=  2.9045E-01 Level= 54 Tracer from ALE()
NOTE from PE     0: init_from_Z: min=  0.0000E+00 max=  2.9045E-01 Level= 55 Tracer from ALE()
NOTE from PE     0: init_from_Z: min=  0.0000E+00 max=  2.9045E-01 Level= 56 Tracer from ALE()
NOTE from PE     0: init_from_Z: min=  0.0000E+00 max=  2.9045E-01 Level= 57 Tracer from ALE()
NOTE from PE     0: init_from_Z: min=  0.0000E+00 max=  2.9045E-01 Level= 58 Tracer from ALE()
NOTE from PE     0: init_from_Z: min=  0.0000E+00 max=  2.9045E-01 Level= 59 Tracer from ALE()
NOTE from PE     0: init_from_Z: min=  0.0000E+00 max=  2.9045E-01 Level= 60 Tracer from ALE()
NOTE from PE     0: init_from_Z: min=  0.0000E+00 max=  2.9045E-01 Level= 61 Tracer from ALE()
NOTE from PE     0: init_from_Z: min=  0.0000E+00 max=  2.9045E-01 Level= 62 Tracer from ALE()
NOTE from PE     0: init_from_Z: min=  0.0000E+00 max=  2.9045E-01 Level= 63 Tracer from ALE()
NOTE from PE     0: init_from_Z: min=  0.0000E+00 max=  2.9045E-01 Level= 64 Tracer from ALE()
NOTE from PE     0: init_from_Z: min=  0.0000E+00 max=  2.9045E-01 Level= 65 Tracer from ALE()
NOTE from PE     0: init_from_Z: min=  0.0000E+00 max=  2.9045E-01 Level= 66 Tracer from ALE()
NOTE from PE     0: init_from_Z: min=  0.0000E+00 max=  2.9045E-01 Level= 67 Tracer from ALE()
NOTE from PE     0: init_from_Z: min=  0.0000E+00 max=  2.9045E-01 Level= 68 Tracer from ALE()
NOTE from PE     0: init_from_Z: min=  0.0000E+00 max=  2.9045E-01 Level= 69 Tracer from ALE()
NOTE from PE     0: init_from_Z: min=  0.0000E+00 max=  2.9045E-01 Level= 70 Tracer from ALE()
NOTE from PE     0: init_from_Z: min=  0.0000E+00 max=  2.9045E-01 Level= 71 Tracer from ALE()
NOTE from PE     0: init_from_Z: min=  0.0000E+00 max=  2.9045E-01 Level= 72 Tracer from ALE()
NOTE from PE     0: init_from_Z: min=  0.0000E+00 max=  2.9045E-01 Level= 73 Tracer from ALE()
NOTE from PE     0: init_from_Z: min=  0.0000E+00 max=  2.9045E-01 Level= 74 Tracer from ALE()
NOTE from PE     0: init_from_Z: min=  0.0000E+00 max=  2.9045E-01 Level= 75 Tracer from ALE()
NOTE from PE     0: init_from_Z: min=  0.0000E+00 max=  2.9045E-01 Level= 76 Tracer from ALE()
NOTE from PE     0: init_from_Z: min=  0.0000E+00 max=  2.9045E-01 Level= 77 Tracer from ALE()
NOTE from PE     0: init_from_Z: min=  0.0000E+00 max=  2.9045E-01 Level= 78 Tracer from ALE()
NOTE from PE     0: init_from_Z: min=  0.0000E+00 max=  2.9045E-01 Level= 79 Tracer from ALE()
NOTE from PE     0: init_from_Z: min=  0.0000E+00 max=  2.9045E-01 Level= 80 Tracer from ALE()
NOTE from PE     0: init_from_Z: min=  0.0000E+00 max=  2.9045E-01 Level= 81 Tracer from ALE()
NOTE from PE     0: init_from_Z: min=  0.0000E+00 max=  2.9045E-01 Level= 82 Tracer from ALE()
NOTE from PE     0: init_from_Z: min=  0.0000E+00 max=  2.9045E-01 Level= 83 Tracer from ALE()
NOTE from PE     0: init_from_Z: min=  0.0000E+00 max=  2.9045E-01 Level= 84 Tracer from ALE()
NOTE from PE     0: init_from_Z: min=  0.0000E+00 max=  2.9045E-01 Level= 85 Tracer from ALE()
NOTE from PE     0: init_from_Z: min=  0.0000E+00 max=  2.9045E-01 Level= 86 Tracer from ALE()
NOTE from PE     0: init_from_Z: min=  0.0000E+00 max=  2.9045E-01 Level= 87 Tracer from ALE()
NOTE from PE     0: init_from_Z: min=  0.0000E+00 max=  2.9045E-01 Level= 88 Tracer from ALE()
NOTE from PE     0: init_from_Z: min=  0.0000E+00 max=  2.9045E-01 Level= 89 Tracer from ALE()
NOTE from PE     0: init_from_Z: min=  0.0000E+00 max=  2.9045E-01 Level= 90 Tracer from ALE()
NOTE from PE     0: init_from_Z: min=  0.0000E+00 max=  2.9045E-01 Level= 91 Tracer from ALE()
NOTE from PE     0: init_from_Z: min=  0.0000E+00 max=  2.9045E-01 Level= 92 Tracer from ALE()
NOTE from PE     0: init_from_Z: min=  0.0000E+00 max=  2.9045E-01 Level= 93 Tracer from ALE()
NOTE from PE     0: init_from_Z: min=  0.0000E+00 max=  2.9045E-01 Level= 94 Tracer from ALE()
NOTE from PE     0: init_from_Z: min=  0.0000E+00 max=  2.9045E-01 Level= 95 Tracer from ALE()
NOTE from PE     0: init_from_Z: min=  0.0000E+00 max=  2.9045E-01 Level= 96 Tracer from ALE()
NOTE from PE     0: init_from_Z: min=  0.0000E+00 max=  2.9045E-01 Level= 97 Tracer from ALE()
NOTE from PE     0: init_from_Z: min=  0.0000E+00 max=  2.9045E-01 Level= 98 Tracer from ALE()
NOTE from PE     0: init_from_Z: min=  0.0000E+00 max=  2.9045E-01 Level= 99 Tracer from ALE()
NOTE from PE     0: init_from_Z: min=  0.0000E+00 max=  2.9045E-01 Level=100 Tracer from ALE()
NOTE from PE     0: initialize_MOM_generic_tracer: initializing generic tracer fe using MOM_initialize_tracer_from_Z
NOTE from PE     0: init_from_Z: min=  0.0000E+00 max=  2.3579E-09 Level=  1 Tracer from ALE()
NOTE from PE     0: init_from_Z: min=  0.0000E+00 max=  2.3570E-09 Level=  2 Tracer from ALE()
NOTE from PE     0: init_from_Z: min=  0.0000E+00 max=  2.3559E-09 Level=  3 Tracer from ALE()
NOTE from PE     0: init_from_Z: min=  0.0000E+00 max=  2.3545E-09 Level=  4 Tracer from ALE()
NOTE from PE     0: init_from_Z: min=  0.0000E+00 max=  2.3541E-09 Level=  5 Tracer from ALE()
NOTE from PE     0: init_from_Z: min=  0.0000E+00 max=  2.3543E-09 Level=  6 Tracer from ALE()
NOTE from PE     0: init_from_Z: min=  0.0000E+00 max=  2.3543E-09 Level=  7 Tracer from ALE()
NOTE from PE     0: init_from_Z: min=  0.0000E+00 max=  2.3543E-09 Level=  8 Tracer from ALE()
NOTE from PE     0: init_from_Z: min=  0.0000E+00 max=  2.3543E-09 Level=  9 Tracer from ALE()
NOTE from PE     0: init_from_Z: min=  0.0000E+00 max=  2.5707E-09 Level= 10 Tracer from ALE()
NOTE from PE     0: init_from_Z: min=  0.0000E+00 max=  2.7622E-09 Level= 11 Tracer from ALE()
NOTE from PE     0: init_from_Z: min=  0.0000E+00 max=  2.7867E-09 Level= 12 Tracer from ALE()
NOTE from PE     0: init_from_Z: min=  0.0000E+00 max=  2.8235E-09 Level= 13 Tracer from ALE()
NOTE from PE     0: init_from_Z: min=  0.0000E+00 max=  2.8348E-09 Level= 14 Tracer from ALE()
NOTE from PE     0: init_from_Z: min=  0.0000E+00 max=  2.8348E-09 Level= 15 Tracer from ALE()
NOTE from PE     0: init_from_Z: min=  0.0000E+00 max=  2.8348E-09 Level= 16 Tracer from ALE()
NOTE from PE     0: init_from_Z: min=  0.0000E+00 max=  2.8771E-09 Level= 17 Tracer from ALE()
NOTE from PE     0: init_from_Z: min=  0.0000E+00 max=  2.9430E-09 Level= 18 Tracer from ALE()
NOTE from PE     0: init_from_Z: min=  0.0000E+00 max=  2.9430E-09 Level= 19 Tracer from ALE()
NOTE from PE     0: init_from_Z: min=  0.0000E+00 max=  2.9430E-09 Level= 20 Tracer from ALE()
NOTE from PE     0: init_from_Z: min=  0.0000E+00 max=  2.9430E-09 Level= 21 Tracer from ALE()
NOTE from PE     0: init_from_Z: min=  0.0000E+00 max=  2.9430E-09 Level= 22 Tracer from ALE()
NOTE from PE     0: init_from_Z: min=  0.0000E+00 max=  2.9430E-09 Level= 23 Tracer from ALE()
NOTE from PE     0: init_from_Z: min=  0.0000E+00 max=  2.9430E-09 Level= 24 Tracer from ALE()
NOTE from PE     0: init_from_Z: min=  0.0000E+00 max=  2.9430E-09 Level= 25 Tracer from ALE()
NOTE from PE     0: init_from_Z: min=  0.0000E+00 max=  2.9430E-09 Level= 26 Tracer from ALE()
NOTE from PE     0: init_from_Z: min=  0.0000E+00 max=  2.9430E-09 Level= 27 Tracer from ALE()
NOTE from PE     0: init_from_Z: min=  0.0000E+00 max=  2.9430E-09 Level= 28 Tracer from ALE()
NOTE from PE     0: init_from_Z: min=  0.0000E+00 max=  3.0264E-09 Level= 29 Tracer from ALE()
NOTE from PE     0: init_from_Z: min=  0.0000E+00 max=  3.2509E-09 Level= 30 Tracer from ALE()
NOTE from PE     0: init_from_Z: min=  0.0000E+00 max=  3.4436E-09 Level= 31 Tracer from ALE()
NOTE from PE     0: init_from_Z: min=  0.0000E+00 max=  3.5564E-09 Level= 32 Tracer from ALE()
NOTE from PE     0: init_from_Z: min=  0.0000E+00 max=  3.5969E-09 Level= 33 Tracer from ALE()
NOTE from PE     0: init_from_Z: min=  0.0000E+00 max=  3.6268E-09 Level= 34 Tracer from ALE()
NOTE from PE     0: init_from_Z: min=  0.0000E+00 max=  3.5854E-09 Level= 35 Tracer from ALE()
NOTE from PE     0: init_from_Z: min=  0.0000E+00 max=  3.7438E-09 Level= 36 Tracer from ALE()
NOTE from PE     0: init_from_Z: min=  0.0000E+00 max=  3.7450E-09 Level= 37 Tracer from ALE()
NOTE from PE     0: init_from_Z: min=  0.0000E+00 max=  3.7450E-09 Level= 38 Tracer from ALE()
NOTE from PE     0: init_from_Z: min=  0.0000E+00 max=  3.7450E-09 Level= 39 Tracer from ALE()
NOTE from PE     0: init_from_Z: min=  0.0000E+00 max=  3.7450E-09 Level= 40 Tracer from ALE()
NOTE from PE     0: init_from_Z: min=  0.0000E+00 max=  3.7450E-09 Level= 41 Tracer from ALE()
NOTE from PE     0: init_from_Z: min=  0.0000E+00 max=  3.7450E-09 Level= 42 Tracer from ALE()
NOTE from PE     0: init_from_Z: min=  0.0000E+00 max=  3.7450E-09 Level= 43 Tracer from ALE()
NOTE from PE     0: init_from_Z: min=  0.0000E+00 max=  3.7450E-09 Level= 44 Tracer from ALE()
NOTE from PE     0: init_from_Z: min=  0.0000E+00 max=  3.7450E-09 Level= 45 Tracer from ALE()
NOTE from PE     0: init_from_Z: min=  0.0000E+00 max=  3.7450E-09 Level= 46 Tracer from ALE()
NOTE from PE     0: init_from_Z: min=  0.0000E+00 max=  3.7450E-09 Level= 47 Tracer from ALE()
NOTE from PE     0: init_from_Z: min=  0.0000E+00 max=  3.7450E-09 Level= 48 Tracer from ALE()
NOTE from PE     0: init_from_Z: min=  0.0000E+00 max=  3.7450E-09 Level= 49 Tracer from ALE()
NOTE from PE     0: init_from_Z: min=  0.0000E+00 max=  3.7450E-09 Level= 50 Tracer from ALE()
NOTE from PE     0: init_from_Z: min=  0.0000E+00 max=  3.7450E-09 Level= 51 Tracer from ALE()
NOTE from PE     0: init_from_Z: min=  0.0000E+00 max=  3.7450E-09 Level= 52 Tracer from ALE()
NOTE from PE     0: init_from_Z: min=  0.0000E+00 max=  3.7450E-09 Level= 53 Tracer from ALE()
NOTE from PE     0: init_from_Z: min=  0.0000E+00 max=  3.7450E-09 Level= 54 Tracer from ALE()
NOTE from PE     0: init_from_Z: min=  0.0000E+00 max=  3.7450E-09 Level= 55 Tracer from ALE()
NOTE from PE     0: init_from_Z: min=  0.0000E+00 max=  3.7450E-09 Level= 56 Tracer from ALE()
NOTE from PE     0: init_from_Z: min=  0.0000E+00 max=  3.7450E-09 Level= 57 Tracer from ALE()
NOTE from PE     0: init_from_Z: min=  0.0000E+00 max=  3.7450E-09 Level= 58 Tracer from ALE()
NOTE from PE     0: init_from_Z: min=  0.0000E+00 max=  3.7450E-09 Level= 59 Tracer from ALE()
NOTE from PE     0: init_from_Z: min=  0.0000E+00 max=  3.7450E-09 Level= 60 Tracer from ALE()
NOTE from PE     0: init_from_Z: min=  0.0000E+00 max=  3.7450E-09 Level= 61 Tracer from ALE()
NOTE from PE     0: init_from_Z: min=  0.0000E+00 max=  3.7450E-09 Level= 62 Tracer from ALE()
NOTE from PE     0: init_from_Z: min=  0.0000E+00 max=  3.7450E-09 Level= 63 Tracer from ALE()
NOTE from PE     0: init_from_Z: min=  0.0000E+00 max=  3.7450E-09 Level= 64 Tracer from ALE()
NOTE from PE     0: init_from_Z: min=  0.0000E+00 max=  3.7450E-09 Level= 65 Tracer from ALE()
NOTE from PE     0: init_from_Z: min=  0.0000E+00 max=  3.7450E-09 Level= 66 Tracer from ALE()
NOTE from PE     0: init_from_Z: min=  0.0000E+00 max=  3.7450E-09 Level= 67 Tracer from ALE()
NOTE from PE     0: init_from_Z: min=  0.0000E+00 max=  3.7450E-09 Level= 68 Tracer from ALE()
NOTE from PE     0: init_from_Z: min=  0.0000E+00 max=  3.7450E-09 Level= 69 Tracer from ALE()
NOTE from PE     0: init_from_Z: min=  0.0000E+00 max=  3.7450E-09 Level= 70 Tracer from ALE()
NOTE from PE     0: init_from_Z: min=  0.0000E+00 max=  3.7450E-09 Level= 71 Tracer from ALE()
NOTE from PE     0: init_from_Z: min=  0.0000E+00 max=  3.7450E-09 Level= 72 Tracer from ALE()
NOTE from PE     0: init_from_Z: min=  0.0000E+00 max=  3.7450E-09 Level= 73 Tracer from ALE()
NOTE from PE     0: init_from_Z: min=  0.0000E+00 max=  3.7450E-09 Level= 74 Tracer from ALE()
NOTE from PE     0: init_from_Z: min=  0.0000E+00 max=  3.7450E-09 Level= 75 Tracer from ALE()
NOTE from PE     0: init_from_Z: min=  0.0000E+00 max=  3.7450E-09 Level= 76 Tracer from ALE()
NOTE from PE     0: init_from_Z: min=  0.0000E+00 max=  3.7450E-09 Level= 77 Tracer from ALE()
NOTE from PE     0: init_from_Z: min=  0.0000E+00 max=  3.7450E-09 Level= 78 Tracer from ALE()
NOTE from PE     0: init_from_Z: min=  0.0000E+00 max=  3.7450E-09 Level= 79 Tracer from ALE()
NOTE from PE     0: init_from_Z: min=  0.0000E+00 max=  3.7450E-09 Level= 80 Tracer from ALE()
NOTE from PE     0: init_from_Z: min=  0.0000E+00 max=  3.7450E-09 Level= 81 Tracer from ALE()
NOTE from PE     0: init_from_Z: min=  0.0000E+00 max=  3.7450E-09 Level= 82 Tracer from ALE()
NOTE from PE     0: init_from_Z: min=  0.0000E+00 max=  3.7450E-09 Level= 83 Tracer from ALE()
NOTE from PE     0: init_from_Z: min=  0.0000E+00 max=  3.7450E-09 Level= 84 Tracer from ALE()
NOTE from PE     0: init_from_Z: min=  0.0000E+00 max=  3.7450E-09 Level= 85 Tracer from ALE()
NOTE from PE     0: init_from_Z: min=  0.0000E+00 max=  3.7450E-09 Level= 86 Tracer from ALE()
NOTE from PE     0: init_from_Z: min=  0.0000E+00 max=  3.7450E-09 Level= 87 Tracer from ALE()
NOTE from PE     0: init_from_Z: min=  0.0000E+00 max=  3.7450E-09 Level= 88 Tracer from ALE()
NOTE from PE     0: init_from_Z: min=  0.0000E+00 max=  3.7450E-09 Level= 89 Tracer from ALE()
NOTE from PE     0: init_from_Z: min=  0.0000E+00 max=  3.7450E-09 Level= 90 Tracer from ALE()
NOTE from PE     0: init_from_Z: min=  0.0000E+00 max=  3.7450E-09 Level= 91 Tracer from ALE()
NOTE from PE     0: init_from_Z: min=  0.0000E+00 max=  3.7450E-09 Level= 92 Tracer from ALE()
NOTE from PE     0: init_from_Z: min=  0.0000E+00 max=  3.7450E-09 Level= 93 Tracer from ALE()
NOTE from PE     0: init_from_Z: min=  0.0000E+00 max=  3.7450E-09 Level= 94 Tracer from ALE()
NOTE from PE     0: init_from_Z: min=  0.0000E+00 max=  3.7450E-09 Level= 95 Tracer from ALE()
NOTE from PE     0: init_from_Z: min=  0.0000E+00 max=  3.7450E-09 Level= 96 Tracer from ALE()
NOTE from PE     0: init_from_Z: min=  0.0000E+00 max=  3.7450E-09 Level= 97 Tracer from ALE()
NOTE from PE     0: init_from_Z: min=  0.0000E+00 max=  3.7450E-09 Level= 98 Tracer from ALE()
NOTE from PE     0: init_from_Z: min=  0.0000E+00 max=  3.7450E-09 Level= 99 Tracer from ALE()
NOTE from PE     0: init_from_Z: min=  0.0000E+00 max=  3.7450E-09 Level=100 Tracer from ALE()
NOTE from PE     0: initialize_MOM_generic_tracer: initializing generic tracer alk using MOM_initialize_tracer_from_Z
NOTE from PE     0: init_from_Z: min=  0.0000E+00 max=  2.3947E-03 Level=  1 Tracer from ALE()
NOTE from PE     0: init_from_Z: min=  0.0000E+00 max=  2.3948E-03 Level=  2 Tracer from ALE()
NOTE from PE     0: init_from_Z: min=  0.0000E+00 max=  2.3948E-03 Level=  3 Tracer from ALE()
NOTE from PE     0: init_from_Z: min=  0.0000E+00 max=  2.3948E-03 Level=  4 Tracer from ALE()
NOTE from PE     0: init_from_Z: min=  0.0000E+00 max=  2.3948E-03 Level=  5 Tracer from ALE()
NOTE from PE     0: init_from_Z: min=  0.0000E+00 max=  2.3948E-03 Level=  6 Tracer from ALE()
NOTE from PE     0: init_from_Z: min=  0.0000E+00 max=  2.3948E-03 Level=  7 Tracer from ALE()
NOTE from PE     0: init_from_Z: min=  0.0000E+00 max=  2.3948E-03 Level=  8 Tracer from ALE()
NOTE from PE     0: init_from_Z: min=  0.0000E+00 max=  2.3948E-03 Level=  9 Tracer from ALE()
NOTE from PE     0: init_from_Z: min=  0.0000E+00 max=  2.3948E-03 Level= 10 Tracer from ALE()
NOTE from PE     0: init_from_Z: min=  0.0000E+00 max=  2.3948E-03 Level= 11 Tracer from ALE()
NOTE from PE     0: init_from_Z: min=  0.0000E+00 max=  2.3948E-03 Level= 12 Tracer from ALE()
NOTE from PE     0: init_from_Z: min=  0.0000E+00 max=  2.3948E-03 Level= 13 Tracer from ALE()
NOTE from PE     0: init_from_Z: min=  0.0000E+00 max=  2.3948E-03 Level= 14 Tracer from ALE()
NOTE from PE     0: init_from_Z: min=  0.0000E+00 max=  2.3948E-03 Level= 15 Tracer from ALE()
NOTE from PE     0: init_from_Z: min=  0.0000E+00 max=  2.3948E-03 Level= 16 Tracer from ALE()
NOTE from PE     0: init_from_Z: min=  0.0000E+00 max=  2.3948E-03 Level= 17 Tracer from ALE()
NOTE from PE     0: init_from_Z: min=  0.0000E+00 max=  2.3948E-03 Level= 18 Tracer from ALE()
NOTE from PE     0: init_from_Z: min=  0.0000E+00 max=  2.3948E-03 Level= 19 Tracer from ALE()
NOTE from PE     0: init_from_Z: min=  0.0000E+00 max=  2.3948E-03 Level= 20 Tracer from ALE()
NOTE from PE     0: init_from_Z: min=  0.0000E+00 max=  2.3948E-03 Level= 21 Tracer from ALE()
NOTE from PE     0: init_from_Z: min=  0.0000E+00 max=  2.3948E-03 Level= 22 Tracer from ALE()
NOTE from PE     0: init_from_Z: min=  0.0000E+00 max=  2.3948E-03 Level= 23 Tracer from ALE()
NOTE from PE     0: init_from_Z: min=  0.0000E+00 max=  2.3948E-03 Level= 24 Tracer from ALE()
NOTE from PE     0: init_from_Z: min=  0.0000E+00 max=  2.3948E-03 Level= 25 Tracer from ALE()
NOTE from PE     0: init_from_Z: min=  0.0000E+00 max=  2.3948E-03 Level= 26 Tracer from ALE()
NOTE from PE     0: init_from_Z: min=  0.0000E+00 max=  2.3948E-03 Level= 27 Tracer from ALE()
NOTE from PE     0: init_from_Z: min=  0.0000E+00 max=  2.3948E-03 Level= 28 Tracer from ALE()
NOTE from PE     0: init_from_Z: min=  0.0000E+00 max=  2.3948E-03 Level= 29 Tracer from ALE()
NOTE from PE     0: init_from_Z: min=  0.0000E+00 max=  2.3948E-03 Level= 30 Tracer from ALE()
NOTE from PE     0: init_from_Z: min=  0.0000E+00 max=  2.3948E-03 Level= 31 Tracer from ALE()
NOTE from PE     0: init_from_Z: min=  0.0000E+00 max=  2.3948E-03 Level= 32 Tracer from ALE()
NOTE from PE     0: init_from_Z: min=  0.0000E+00 max=  2.3948E-03 Level= 33 Tracer from ALE()
NOTE from PE     0: init_from_Z: min=  0.0000E+00 max=  2.3948E-03 Level= 34 Tracer from ALE()
NOTE from PE     0: init_from_Z: min=  0.0000E+00 max=  2.3948E-03 Level= 35 Tracer from ALE()
NOTE from PE     0: init_from_Z: min=  0.0000E+00 max=  2.3948E-03 Level= 36 Tracer from ALE()
NOTE from PE     0: init_from_Z: min=  0.0000E+00 max=  2.3948E-03 Level= 37 Tracer from ALE()
NOTE from PE     0: init_from_Z: min=  0.0000E+00 max=  2.3948E-03 Level= 38 Tracer from ALE()
NOTE from PE     0: init_from_Z: min=  0.0000E+00 max=  2.3948E-03 Level= 39 Tracer from ALE()
NOTE from PE     0: init_from_Z: min=  0.0000E+00 max=  2.3948E-03 Level= 40 Tracer from ALE()
NOTE from PE     0: init_from_Z: min=  0.0000E+00 max=  2.3948E-03 Level= 41 Tracer from ALE()
NOTE from PE     0: init_from_Z: min=  0.0000E+00 max=  2.3948E-03 Level= 42 Tracer from ALE()
NOTE from PE     0: init_from_Z: min=  0.0000E+00 max=  2.3948E-03 Level= 43 Tracer from ALE()
NOTE from PE     0: init_from_Z: min=  0.0000E+00 max=  2.3948E-03 Level= 44 Tracer from ALE()
NOTE from PE     0: init_from_Z: min=  0.0000E+00 max=  2.3948E-03 Level= 45 Tracer from ALE()
NOTE from PE     0: init_from_Z: min=  0.0000E+00 max=  2.3948E-03 Level= 46 Tracer from ALE()
NOTE from PE     0: init_from_Z: min=  0.0000E+00 max=  2.3948E-03 Level= 47 Tracer from ALE()
NOTE from PE     0: init_from_Z: min=  0.0000E+00 max=  2.3948E-03 Level= 48 Tracer from ALE()
NOTE from PE     0: init_from_Z: min=  0.0000E+00 max=  2.3948E-03 Level= 49 Tracer from ALE()
NOTE from PE     0: init_from_Z: min=  0.0000E+00 max=  2.3948E-03 Level= 50 Tracer from ALE()
NOTE from PE     0: init_from_Z: min=  0.0000E+00 max=  2.3948E-03 Level= 51 Tracer from ALE()
NOTE from PE     0: init_from_Z: min=  0.0000E+00 max=  2.3948E-03 Level= 52 Tracer from ALE()
NOTE from PE     0: init_from_Z: min=  0.0000E+00 max=  2.3948E-03 Level= 53 Tracer from ALE()
NOTE from PE     0: init_from_Z: min=  0.0000E+00 max=  2.3948E-03 Level= 54 Tracer from ALE()
NOTE from PE     0: init_from_Z: min=  0.0000E+00 max=  2.3948E-03 Level= 55 Tracer from ALE()
NOTE from PE     0: init_from_Z: min=  0.0000E+00 max=  2.3948E-03 Level= 56 Tracer from ALE()
NOTE from PE     0: init_from_Z: min=  0.0000E+00 max=  2.3948E-03 Level= 57 Tracer from ALE()
NOTE from PE     0: init_from_Z: min=  0.0000E+00 max=  2.3948E-03 Level= 58 Tracer from ALE()
NOTE from PE     0: init_from_Z: min=  0.0000E+00 max=  2.3948E-03 Level= 59 Tracer from ALE()
NOTE from PE     0: init_from_Z: min=  0.0000E+00 max=  2.3948E-03 Level= 60 Tracer from ALE()
NOTE from PE     0: init_from_Z: min=  0.0000E+00 max=  2.3953E-03 Level= 61 Tracer from ALE()
NOTE from PE     0: init_from_Z: min=  0.0000E+00 max=  2.3967E-03 Level= 62 Tracer from ALE()
NOTE from PE     0: init_from_Z: min=  0.0000E+00 max=  2.3974E-03 Level= 63 Tracer from ALE()
NOTE from PE     0: init_from_Z: min=  0.0000E+00 max=  2.3978E-03 Level= 64 Tracer from ALE()
NOTE from PE     0: init_from_Z: min=  0.0000E+00 max=  2.3980E-03 Level= 65 Tracer from ALE()
NOTE from PE     0: init_from_Z: min=  0.0000E+00 max=  2.3991E-03 Level= 66 Tracer from ALE()
NOTE from PE     0: init_from_Z: min=  0.0000E+00 max=  2.4000E-03 Level= 67 Tracer from ALE()
NOTE from PE     0: init_from_Z: min=  0.0000E+00 max=  2.4008E-03 Level= 68 Tracer from ALE()
NOTE from PE     0: init_from_Z: min=  0.0000E+00 max=  2.4016E-03 Level= 69 Tracer from ALE()
NOTE from PE     0: init_from_Z: min=  0.0000E+00 max=  2.4023E-03 Level= 70 Tracer from ALE()
NOTE from PE     0: init_from_Z: min=  0.0000E+00 max=  2.4028E-03 Level= 71 Tracer from ALE()
NOTE from PE     0: init_from_Z: min=  0.0000E+00 max=  2.4030E-03 Level= 72 Tracer from ALE()
NOTE from PE     0: init_from_Z: min=  0.0000E+00 max=  2.4030E-03 Level= 73 Tracer from ALE()
NOTE from PE     0: init_from_Z: min=  0.0000E+00 max=  2.4028E-03 Level= 74 Tracer from ALE()
NOTE from PE     0: init_from_Z: min=  0.0000E+00 max=  2.4025E-03 Level= 75 Tracer from ALE()
NOTE from PE     0: init_from_Z: min=  0.0000E+00 max=  2.4025E-03 Level= 76 Tracer from ALE()
NOTE from PE     0: init_from_Z: min=  0.0000E+00 max=  2.4025E-03 Level= 77 Tracer from ALE()
NOTE from PE     0: init_from_Z: min=  0.0000E+00 max=  2.4025E-03 Level= 78 Tracer from ALE()
NOTE from PE     0: init_from_Z: min=  0.0000E+00 max=  2.4025E-03 Level= 79 Tracer from ALE()
NOTE from PE     0: init_from_Z: min=  0.0000E+00 max=  2.4025E-03 Level= 80 Tracer from ALE()
NOTE from PE     0: init_from_Z: min=  0.0000E+00 max=  2.4025E-03 Level= 81 Tracer from ALE()
NOTE from PE     0: init_from_Z: min=  0.0000E+00 max=  2.4025E-03 Level= 82 Tracer from ALE()
NOTE from PE     0: init_from_Z: min=  0.0000E+00 max=  2.4025E-03 Level= 83 Tracer from ALE()
NOTE from PE     0: init_from_Z: min=  0.0000E+00 max=  2.4025E-03 Level= 84 Tracer from ALE()
NOTE from PE     0: init_from_Z: min=  0.0000E+00 max=  2.4025E-03 Level= 85 Tracer from ALE()
NOTE from PE     0: init_from_Z: min=  0.0000E+00 max=  2.4025E-03 Level= 86 Tracer from ALE()
NOTE from PE     0: init_from_Z: min=  0.0000E+00 max=  2.4025E-03 Level= 87 Tracer from ALE()
NOTE from PE     0: init_from_Z: min=  0.0000E+00 max=  2.4025E-03 Level= 88 Tracer from ALE()
NOTE from PE     0: init_from_Z: min=  0.0000E+00 max=  2.4025E-03 Level= 89 Tracer from ALE()
NOTE from PE     0: init_from_Z: min=  0.0000E+00 max=  2.4025E-03 Level= 90 Tracer from ALE()
NOTE from PE     0: init_from_Z: min=  0.0000E+00 max=  2.4025E-03 Level= 91 Tracer from ALE()
NOTE from PE     0: init_from_Z: min=  0.0000E+00 max=  2.4025E-03 Level= 92 Tracer from ALE()
NOTE from PE     0: init_from_Z: min=  0.0000E+00 max=  2.4025E-03 Level= 93 Tracer from ALE()
NOTE from PE     0: init_from_Z: min=  0.0000E+00 max=  2.4025E-03 Level= 94 Tracer from ALE()
NOTE from PE     0: init_from_Z: min=  0.0000E+00 max=  2.4025E-03 Level= 95 Tracer from ALE()
NOTE from PE     0: init_from_Z: min=  0.0000E+00 max=  2.4025E-03 Level= 96 Tracer from ALE()
NOTE from PE     0: init_from_Z: min=  0.0000E+00 max=  2.4025E-03 Level= 97 Tracer from ALE()
NOTE from PE     0: init_from_Z: min=  0.0000E+00 max=  2.4025E-03 Level= 98 Tracer from ALE()
NOTE from PE     0: init_from_Z: min=  0.0000E+00 max=  2.4025E-03 Level= 99 Tracer from ALE()
NOTE from PE     0: init_from_Z: min=  0.0000E+00 max=  2.4025E-03 Level=100 Tracer from ALE()
NOTE from PE     0: initialize_MOM_generic_tracer: initializing generic tracer dicr using MOM_initialize_tracer_from_Z
NOTE from PE     0: init_from_Z: min= -1.9601E-04 max=  0.0000E+00 Level=  1 Tracer from ALE()
NOTE from PE     0: init_from_Z: min= -1.9600E-04 max=  0.0000E+00 Level=  2 Tracer from ALE()
NOTE from PE     0: init_from_Z: min= -1.9599E-04 max=  0.0000E+00 Level=  3 Tracer from ALE()
NOTE from PE     0: init_from_Z: min= -1.9597E-04 max=  0.0000E+00 Level=  4 Tracer from ALE()
NOTE from PE     0: init_from_Z: min= -1.9596E-04 max=  0.0000E+00 Level=  5 Tracer from ALE()
NOTE from PE     0: init_from_Z: min= -1.9595E-04 max=  0.0000E+00 Level=  6 Tracer from ALE()
NOTE from PE     0: init_from_Z: min= -1.9595E-04 max=  0.0000E+00 Level=  7 Tracer from ALE()
NOTE from PE     0: init_from_Z: min= -1.9595E-04 max=  0.0000E+00 Level=  8 Tracer from ALE()
NOTE from PE     0: init_from_Z: min= -1.9595E-04 max=  0.0000E+00 Level=  9 Tracer from ALE()
NOTE from PE     0: init_from_Z: min= -1.9595E-04 max=  0.0000E+00 Level= 10 Tracer from ALE()
NOTE from PE     0: init_from_Z: min= -1.9595E-04 max=  0.0000E+00 Level= 11 Tracer from ALE()
NOTE from PE     0: init_from_Z: min= -1.9595E-04 max=  0.0000E+00 Level= 12 Tracer from ALE()
NOTE from PE     0: init_from_Z: min= -1.9595E-04 max=  0.0000E+00 Level= 13 Tracer from ALE()
NOTE from PE     0: init_from_Z: min= -1.9595E-04 max=  0.0000E+00 Level= 14 Tracer from ALE()
NOTE from PE     0: init_from_Z: min= -1.9595E-04 max=  0.0000E+00 Level= 15 Tracer from ALE()
NOTE from PE     0: init_from_Z: min= -1.9595E-04 max=  0.0000E+00 Level= 16 Tracer from ALE()
NOTE from PE     0: init_from_Z: min= -1.9595E-04 max=  0.0000E+00 Level= 17 Tracer from ALE()
NOTE from PE     0: init_from_Z: min= -1.9595E-04 max=  0.0000E+00 Level= 18 Tracer from ALE()
NOTE from PE     0: init_from_Z: min= -1.9595E-04 max=  0.0000E+00 Level= 19 Tracer from ALE()
NOTE from PE     0: init_from_Z: min= -1.9595E-04 max=  0.0000E+00 Level= 20 Tracer from ALE()
NOTE from PE     0: init_from_Z: min= -1.9595E-04 max=  0.0000E+00 Level= 21 Tracer from ALE()
NOTE from PE     0: init_from_Z: min= -1.9595E-04 max=  0.0000E+00 Level= 22 Tracer from ALE()
NOTE from PE     0: init_from_Z: min= -1.9595E-04 max=  0.0000E+00 Level= 23 Tracer from ALE()
NOTE from PE     0: init_from_Z: min= -1.9595E-04 max=  0.0000E+00 Level= 24 Tracer from ALE()
NOTE from PE     0: init_from_Z: min= -1.9595E-04 max=  0.0000E+00 Level= 25 Tracer from ALE()
NOTE from PE     0: init_from_Z: min= -1.9595E-04 max=  0.0000E+00 Level= 26 Tracer from ALE()
NOTE from PE     0: init_from_Z: min= -1.9595E-04 max=  0.0000E+00 Level= 27 Tracer from ALE()
NOTE from PE     0: init_from_Z: min= -1.9595E-04 max=  0.0000E+00 Level= 28 Tracer from ALE()
NOTE from PE     0: init_from_Z: min= -1.9595E-04 max=  0.0000E+00 Level= 29 Tracer from ALE()
NOTE from PE     0: init_from_Z: min= -1.9595E-04 max=  0.0000E+00 Level= 30 Tracer from ALE()
NOTE from PE     0: init_from_Z: min= -1.9595E-04 max=  0.0000E+00 Level= 31 Tracer from ALE()
NOTE from PE     0: init_from_Z: min= -1.9595E-04 max=  0.0000E+00 Level= 32 Tracer from ALE()
NOTE from PE     0: init_from_Z: min= -1.9595E-04 max=  0.0000E+00 Level= 33 Tracer from ALE()
NOTE from PE     0: init_from_Z: min= -1.9595E-04 max=  0.0000E+00 Level= 34 Tracer from ALE()
NOTE from PE     0: init_from_Z: min= -1.9595E-04 max=  0.0000E+00 Level= 35 Tracer from ALE()
NOTE from PE     0: init_from_Z: min= -1.9595E-04 max=  0.0000E+00 Level= 36 Tracer from ALE()
NOTE from PE     0: init_from_Z: min= -1.9595E-04 max=  0.0000E+00 Level= 37 Tracer from ALE()
NOTE from PE     0: init_from_Z: min= -1.9595E-04 max=  1.8701E-06 Level= 38 Tracer from ALE()
NOTE from PE     0: init_from_Z: min= -1.9595E-04 max=  8.5130E-06 Level= 39 Tracer from ALE()
NOTE from PE     0: init_from_Z: min= -1.9595E-04 max=  1.4017E-05 Level= 40 Tracer from ALE()
NOTE from PE     0: init_from_Z: min= -1.9595E-04 max=  2.3737E-05 Level= 41 Tracer from ALE()
NOTE from PE     0: init_from_Z: min= -1.9595E-04 max=  3.1144E-05 Level= 42 Tracer from ALE()
NOTE from PE     0: init_from_Z: min= -1.9595E-04 max=  3.1217E-05 Level= 43 Tracer from ALE()
NOTE from PE     0: init_from_Z: min= -1.9595E-04 max=  3.1223E-05 Level= 44 Tracer from ALE()
NOTE from PE     0: init_from_Z: min= -1.9595E-04 max=  3.1226E-05 Level= 45 Tracer from ALE()
NOTE from PE     0: init_from_Z: min= -1.9595E-04 max=  3.1230E-05 Level= 46 Tracer from ALE()
NOTE from PE     0: init_from_Z: min= -1.9595E-04 max=  3.1233E-05 Level= 47 Tracer from ALE()
NOTE from PE     0: init_from_Z: min= -1.9595E-04 max=  3.1236E-05 Level= 48 Tracer from ALE()
NOTE from PE     0: init_from_Z: min= -1.9595E-04 max=  3.1240E-05 Level= 49 Tracer from ALE()
NOTE from PE     0: init_from_Z: min= -1.9595E-04 max=  3.1240E-05 Level= 50 Tracer from ALE()
NOTE from PE     0: init_from_Z: min= -1.9595E-04 max=  3.1240E-05 Level= 51 Tracer from ALE()
NOTE from PE     0: init_from_Z: min= -1.9595E-04 max=  3.1240E-05 Level= 52 Tracer from ALE()
NOTE from PE     0: init_from_Z: min= -1.9595E-04 max=  3.1240E-05 Level= 53 Tracer from ALE()
NOTE from PE     0: init_from_Z: min= -1.9595E-04 max=  3.1240E-05 Level= 54 Tracer from ALE()
NOTE from PE     0: init_from_Z: min= -1.9595E-04 max=  3.1240E-05 Level= 55 Tracer from ALE()
NOTE from PE     0: init_from_Z: min= -1.9595E-04 max=  3.1240E-05 Level= 56 Tracer from ALE()
NOTE from PE     0: init_from_Z: min= -1.9595E-04 max=  3.1240E-05 Level= 57 Tracer from ALE()
NOTE from PE     0: init_from_Z: min= -1.9595E-04 max=  3.1240E-05 Level= 58 Tracer from ALE()
NOTE from PE     0: init_from_Z: min= -1.9595E-04 max=  4.3761E-05 Level= 59 Tracer from ALE()
NOTE from PE     0: init_from_Z: min= -1.9595E-04 max=  4.3782E-05 Level= 60 Tracer from ALE()
NOTE from PE     0: init_from_Z: min= -1.9595E-04 max=  4.3784E-05 Level= 61 Tracer from ALE()
NOTE from PE     0: init_from_Z: min= -1.9595E-04 max=  4.3784E-05 Level= 62 Tracer from ALE()
NOTE from PE     0: init_from_Z: min= -1.9595E-04 max=  4.3784E-05 Level= 63 Tracer from ALE()
NOTE from PE     0: init_from_Z: min= -1.9595E-04 max=  4.3784E-05 Level= 64 Tracer from ALE()
NOTE from PE     0: init_from_Z: min= -1.9595E-04 max=  4.3784E-05 Level= 65 Tracer from ALE()
NOTE from PE     0: init_from_Z: min= -1.9595E-04 max=  4.3784E-05 Level= 66 Tracer from ALE()
NOTE from PE     0: init_from_Z: min= -1.9595E-04 max=  4.3784E-05 Level= 67 Tracer from ALE()
NOTE from PE     0: init_from_Z: min= -1.9595E-04 max=  4.3784E-05 Level= 68 Tracer from ALE()
NOTE from PE     0: init_from_Z: min= -1.9595E-04 max=  4.3784E-05 Level= 69 Tracer from ALE()
NOTE from PE     0: init_from_Z: min= -1.9595E-04 max=  4.3784E-05 Level= 70 Tracer from ALE()
NOTE from PE     0: init_from_Z: min= -1.9595E-04 max=  4.3784E-05 Level= 71 Tracer from ALE()
NOTE from PE     0: init_from_Z: min= -1.9595E-04 max=  4.3784E-05 Level= 72 Tracer from ALE()
NOTE from PE     0: init_from_Z: min= -1.9595E-04 max=  4.3784E-05 Level= 73 Tracer from ALE()
NOTE from PE     0: init_from_Z: min= -1.9595E-04 max=  4.3784E-05 Level= 74 Tracer from ALE()
NOTE from PE     0: init_from_Z: min= -1.9595E-04 max=  4.3784E-05 Level= 75 Tracer from ALE()
NOTE from PE     0: init_from_Z: min= -1.9595E-04 max=  4.3784E-05 Level= 76 Tracer from ALE()
NOTE from PE     0: init_from_Z: min= -1.9595E-04 max=  4.3784E-05 Level= 77 Tracer from ALE()
NOTE from PE     0: init_from_Z: min= -1.9595E-04 max=  4.3784E-05 Level= 78 Tracer from ALE()
NOTE from PE     0: init_from_Z: min= -1.9595E-04 max=  4.3784E-05 Level= 79 Tracer from ALE()
NOTE from PE     0: init_from_Z: min= -1.9595E-04 max=  4.3784E-05 Level= 80 Tracer from ALE()
NOTE from PE     0: init_from_Z: min= -1.9595E-04 max=  4.3784E-05 Level= 81 Tracer from ALE()
NOTE from PE     0: init_from_Z: min= -1.9595E-04 max=  4.3784E-05 Level= 82 Tracer from ALE()
NOTE from PE     0: init_from_Z: min= -1.9595E-04 max=  4.3784E-05 Level= 83 Tracer from ALE()
NOTE from PE     0: init_from_Z: min= -1.9595E-04 max=  4.3784E-05 Level= 84 Tracer from ALE()
NOTE from PE     0: init_from_Z: min= -1.9595E-04 max=  4.3784E-05 Level= 85 Tracer from ALE()
NOTE from PE     0: init_from_Z: min= -1.9595E-04 max=  4.3784E-05 Level= 86 Tracer from ALE()
NOTE from PE     0: init_from_Z: min= -1.9595E-04 max=  4.3784E-05 Level= 87 Tracer from ALE()
NOTE from PE     0: init_from_Z: min= -1.9595E-04 max=  4.3784E-05 Level= 88 Tracer from ALE()
NOTE from PE     0: init_from_Z: min= -1.9595E-04 max=  4.3784E-05 Level= 89 Tracer from ALE()
NOTE from PE     0: init_from_Z: min= -1.9595E-04 max=  4.3784E-05 Level= 90 Tracer from ALE()
NOTE from PE     0: init_from_Z: min= -1.9595E-04 max=  4.3784E-05 Level= 91 Tracer from ALE()
NOTE from PE     0: init_from_Z: min= -1.9595E-04 max=  4.3784E-05 Level= 92 Tracer from ALE()
NOTE from PE     0: init_from_Z: min= -1.9595E-04 max=  4.3784E-05 Level= 93 Tracer from ALE()
NOTE from PE     0: init_from_Z: min= -1.9595E-04 max=  4.3784E-05 Level= 94 Tracer from ALE()
NOTE from PE     0: init_from_Z: min= -1.9595E-04 max=  4.3784E-05 Level= 95 Tracer from ALE()
NOTE from PE     0: init_from_Z: min= -1.9595E-04 max=  4.3784E-05 Level= 96 Tracer from ALE()
NOTE from PE     0: init_from_Z: min= -1.9595E-04 max=  4.3784E-05 Level= 97 Tracer from ALE()
NOTE from PE     0: init_from_Z: min= -1.9595E-04 max=  4.3784E-05 Level= 98 Tracer from ALE()
NOTE from PE     0: init_from_Z: min= -1.9595E-04 max=  4.3784E-05 Level= 99 Tracer from ALE()
NOTE from PE     0: init_from_Z: min= -1.9595E-04 max=  4.3784E-05 Level=100 Tracer from ALE()
NOTE from PE     0: initialize_MOM_generic_tracer: initializing generic tracer dicp using MOM_initialize_tracer_from_Z
NOTE from PE     0: init_from_Z: min= -2.4914E-04 max=  1.7777E-05 Level=  1 Tracer from ALE()
NOTE from PE     0: init_from_Z: min= -2.4903E-04 max=  1.2785E-06 Level=  2 Tracer from ALE()
NOTE from PE     0: init_from_Z: min= -2.4887E-04 max=  0.0000E+00 Level=  3 Tracer from ALE()
NOTE from PE     0: init_from_Z: min= -2.4870E-04 max=  0.0000E+00 Level=  4 Tracer from ALE()
NOTE from PE     0: init_from_Z: min= -2.4863E-04 max=  0.0000E+00 Level=  5 Tracer from ALE()
NOTE from PE     0: init_from_Z: min= -2.4863E-04 max=  0.0000E+00 Level=  6 Tracer from ALE()
NOTE from PE     0: init_from_Z: min= -2.4863E-04 max=  0.0000E+00 Level=  7 Tracer from ALE()
NOTE from PE     0: init_from_Z: min= -2.4863E-04 max=  0.0000E+00 Level=  8 Tracer from ALE()
NOTE from PE     0: init_from_Z: min= -2.4863E-04 max=  0.0000E+00 Level=  9 Tracer from ALE()
NOTE from PE     0: init_from_Z: min= -2.4863E-04 max=  0.0000E+00 Level= 10 Tracer from ALE()
NOTE from PE     0: init_from_Z: min= -2.4863E-04 max=  0.0000E+00 Level= 11 Tracer from ALE()
NOTE from PE     0: init_from_Z: min= -2.4863E-04 max=  0.0000E+00 Level= 12 Tracer from ALE()
NOTE from PE     0: init_from_Z: min= -2.4863E-04 max=  0.0000E+00 Level= 13 Tracer from ALE()
NOTE from PE     0: init_from_Z: min= -2.4863E-04 max=  0.0000E+00 Level= 14 Tracer from ALE()
NOTE from PE     0: init_from_Z: min= -2.4863E-04 max=  0.0000E+00 Level= 15 Tracer from ALE()
NOTE from PE     0: init_from_Z: min= -2.4863E-04 max=  0.0000E+00 Level= 16 Tracer from ALE()
NOTE from PE     0: init_from_Z: min= -2.4863E-04 max=  0.0000E+00 Level= 17 Tracer from ALE()
NOTE from PE     0: init_from_Z: min= -2.4863E-04 max=  0.0000E+00 Level= 18 Tracer from ALE()
NOTE from PE     0: init_from_Z: min= -2.4863E-04 max=  0.0000E+00 Level= 19 Tracer from ALE()
NOTE from PE     0: init_from_Z: min= -2.4863E-04 max=  0.0000E+00 Level= 20 Tracer from ALE()
NOTE from PE     0: init_from_Z: min= -2.4863E-04 max=  0.0000E+00 Level= 21 Tracer from ALE()
NOTE from PE     0: init_from_Z: min= -2.4863E-04 max=  0.0000E+00 Level= 22 Tracer from ALE()
NOTE from PE     0: init_from_Z: min= -2.4863E-04 max=  0.0000E+00 Level= 23 Tracer from ALE()
NOTE from PE     0: init_from_Z: min= -2.4863E-04 max=  0.0000E+00 Level= 24 Tracer from ALE()
NOTE from PE     0: init_from_Z: min= -2.4863E-04 max=  0.0000E+00 Level= 25 Tracer from ALE()
NOTE from PE     0: init_from_Z: min= -2.4863E-04 max=  0.0000E+00 Level= 26 Tracer from ALE()
NOTE from PE     0: init_from_Z: min= -2.4863E-04 max=  0.0000E+00 Level= 27 Tracer from ALE()
NOTE from PE     0: init_from_Z: min= -2.4863E-04 max=  0.0000E+00 Level= 28 Tracer from ALE()
NOTE from PE     0: init_from_Z: min= -2.4863E-04 max=  0.0000E+00 Level= 29 Tracer from ALE()
NOTE from PE     0: init_from_Z: min= -2.4863E-04 max=  0.0000E+00 Level= 30 Tracer from ALE()
NOTE from PE     0: init_from_Z: min= -2.4863E-04 max=  0.0000E+00 Level= 31 Tracer from ALE()
NOTE from PE     0: init_from_Z: min= -2.4863E-04 max=  0.0000E+00 Level= 32 Tracer from ALE()
NOTE from PE     0: init_from_Z: min= -2.4863E-04 max=  0.0000E+00 Level= 33 Tracer from ALE()
NOTE from PE     0: init_from_Z: min= -2.4863E-04 max=  1.9664E-06 Level= 34 Tracer from ALE()
NOTE from PE     0: init_from_Z: min= -2.4863E-04 max=  5.2008E-06 Level= 35 Tracer from ALE()
NOTE from PE     0: init_from_Z: min= -2.4863E-04 max=  8.6797E-06 Level= 36 Tracer from ALE()
NOTE from PE     0: init_from_Z: min= -2.4863E-04 max=  1.4065E-05 Level= 37 Tracer from ALE()
NOTE from PE     0: init_from_Z: min= -2.4863E-04 max=  1.7980E-05 Level= 38 Tracer from ALE()
NOTE from PE     0: init_from_Z: min= -2.4863E-04 max=  2.1234E-05 Level= 39 Tracer from ALE()
NOTE from PE     0: init_from_Z: min= -2.4863E-04 max=  2.3089E-05 Level= 40 Tracer from ALE()
NOTE from PE     0: init_from_Z: min= -2.4863E-04 max=  2.4109E-05 Level= 41 Tracer from ALE()
NOTE from PE     0: init_from_Z: min= -2.4863E-04 max=  2.4332E-05 Level= 42 Tracer from ALE()
NOTE from PE     0: init_from_Z: min= -2.4863E-04 max=  2.4248E-05 Level= 43 Tracer from ALE()
NOTE from PE     0: init_from_Z: min= -2.4863E-04 max=  2.3195E-05 Level= 44 Tracer from ALE()
NOTE from PE     0: init_from_Z: min= -2.4863E-04 max=  1.9262E-05 Level= 45 Tracer from ALE()
NOTE from PE     0: init_from_Z: min= -2.4863E-04 max=  1.2492E-05 Level= 46 Tracer from ALE()
NOTE from PE     0: init_from_Z: min= -2.4863E-04 max=  8.8847E-06 Level= 47 Tracer from ALE()
NOTE from PE     0: init_from_Z: min= -2.4863E-04 max=  8.8847E-06 Level= 48 Tracer from ALE()
NOTE from PE     0: init_from_Z: min= -2.4863E-04 max=  8.8847E-06 Level= 49 Tracer from ALE()
NOTE from PE     0: init_from_Z: min= -2.4863E-04 max=  8.8847E-06 Level= 50 Tracer from ALE()
NOTE from PE     0: init_from_Z: min= -2.4863E-04 max=  8.8847E-06 Level= 51 Tracer from ALE()
NOTE from PE     0: init_from_Z: min= -2.4863E-04 max=  8.8847E-06 Level= 52 Tracer from ALE()
NOTE from PE     0: init_from_Z: min= -2.4863E-04 max=  8.8847E-06 Level= 53 Tracer from ALE()
NOTE from PE     0: init_from_Z: min= -2.4863E-04 max=  8.8847E-06 Level= 54 Tracer from ALE()
NOTE from PE     0: init_from_Z: min= -2.4863E-04 max=  8.8847E-06 Level= 55 Tracer from ALE()
NOTE from PE     0: init_from_Z: min= -2.4863E-04 max=  8.8847E-06 Level= 56 Tracer from ALE()
NOTE from PE     0: init_from_Z: min= -2.4863E-04 max=  8.8847E-06 Level= 57 Tracer from ALE()
NOTE from PE     0: init_from_Z: min= -2.4863E-04 max=  8.8847E-06 Level= 58 Tracer from ALE()
NOTE from PE     0: init_from_Z: min= -2.4863E-04 max=  8.8847E-06 Level= 59 Tracer from ALE()
NOTE from PE     0: init_from_Z: min= -2.4863E-04 max=  8.8847E-06 Level= 60 Tracer from ALE()
NOTE from PE     0: init_from_Z: min= -2.4863E-04 max=  8.8847E-06 Level= 61 Tracer from ALE()
NOTE from PE     0: init_from_Z: min= -2.4863E-04 max=  8.8847E-06 Level= 62 Tracer from ALE()
NOTE from PE     0: init_from_Z: min= -2.4863E-04 max=  8.8847E-06 Level= 63 Tracer from ALE()
NOTE from PE     0: init_from_Z: min= -2.4863E-04 max=  8.8847E-06 Level= 64 Tracer from ALE()
NOTE from PE     0: init_from_Z: min= -2.4863E-04 max=  8.8847E-06 Level= 65 Tracer from ALE()
NOTE from PE     0: init_from_Z: min= -2.4863E-04 max=  8.8847E-06 Level= 66 Tracer from ALE()
NOTE from PE     0: init_from_Z: min= -2.4863E-04 max=  8.8847E-06 Level= 67 Tracer from ALE()
NOTE from PE     0: init_from_Z: min= -2.4863E-04 max=  8.8847E-06 Level= 68 Tracer from ALE()
NOTE from PE     0: init_from_Z: min= -2.4863E-04 max=  8.8847E-06 Level= 69 Tracer from ALE()
NOTE from PE     0: init_from_Z: min= -2.4863E-04 max=  8.8847E-06 Level= 70 Tracer from ALE()
NOTE from PE     0: init_from_Z: min= -2.4863E-04 max=  8.8847E-06 Level= 71 Tracer from ALE()
NOTE from PE     0: init_from_Z: min= -2.4863E-04 max=  8.8847E-06 Level= 72 Tracer from ALE()
NOTE from PE     0: init_from_Z: min= -2.4863E-04 max=  8.8847E-06 Level= 73 Tracer from ALE()
NOTE from PE     0: init_from_Z: min= -2.4863E-04 max=  8.8847E-06 Level= 74 Tracer from ALE()
NOTE from PE     0: init_from_Z: min= -2.4863E-04 max=  8.8847E-06 Level= 75 Tracer from ALE()
NOTE from PE     0: init_from_Z: min= -2.4863E-04 max=  8.8847E-06 Level= 76 Tracer from ALE()
NOTE from PE     0: init_from_Z: min= -2.4863E-04 max=  8.8847E-06 Level= 77 Tracer from ALE()
NOTE from PE     0: init_from_Z: min= -2.4863E-04 max=  8.8847E-06 Level= 78 Tracer from ALE()
NOTE from PE     0: init_from_Z: min= -2.4863E-04 max=  8.8847E-06 Level= 79 Tracer from ALE()
NOTE from PE     0: init_from_Z: min= -2.4863E-04 max=  8.8847E-06 Level= 80 Tracer from ALE()
NOTE from PE     0: init_from_Z: min= -2.4863E-04 max=  8.8847E-06 Level= 81 Tracer from ALE()
NOTE from PE     0: init_from_Z: min= -2.4863E-04 max=  8.8847E-06 Level= 82 Tracer from ALE()
NOTE from PE     0: init_from_Z: min= -2.4863E-04 max=  8.8847E-06 Level= 83 Tracer from ALE()
NOTE from PE     0: init_from_Z: min= -2.4863E-04 max=  8.8847E-06 Level= 84 Tracer from ALE()
NOTE from PE     0: init_from_Z: min= -2.4863E-04 max=  8.8847E-06 Level= 85 Tracer from ALE()
NOTE from PE     0: init_from_Z: min= -2.4863E-04 max=  8.8847E-06 Level= 86 Tracer from ALE()
NOTE from PE     0: init_from_Z: min= -2.4863E-04 max=  8.8847E-06 Level= 87 Tracer from ALE()
NOTE from PE     0: init_from_Z: min= -2.4863E-04 max=  8.8847E-06 Level= 88 Tracer from ALE()
NOTE from PE     0: init_from_Z: min= -2.4863E-04 max=  8.8847E-06 Level= 89 Tracer from ALE()
NOTE from PE     0: init_from_Z: min= -2.4863E-04 max=  8.8847E-06 Level= 90 Tracer from ALE()
NOTE from PE     0: init_from_Z: min= -2.4863E-04 max=  8.8847E-06 Level= 91 Tracer from ALE()
NOTE from PE     0: init_from_Z: min= -2.4863E-04 max=  8.8847E-06 Level= 92 Tracer from ALE()
NOTE from PE     0: init_from_Z: min= -2.4863E-04 max=  8.8847E-06 Level= 93 Tracer from ALE()
NOTE from PE     0: init_from_Z: min= -2.4863E-04 max=  8.8847E-06 Level= 94 Tracer from ALE()
NOTE from PE     0: init_from_Z: min= -2.4863E-04 max=  8.8847E-06 Level= 95 Tracer from ALE()
NOTE from PE     0: init_from_Z: min= -2.4863E-04 max=  8.8847E-06 Level= 96 Tracer from ALE()
NOTE from PE     0: init_from_Z: min= -2.4863E-04 max=  8.8847E-06 Level= 97 Tracer from ALE()
NOTE from PE     0: init_from_Z: min= -2.4863E-04 max=  8.8847E-06 Level= 98 Tracer from ALE()
NOTE from PE     0: init_from_Z: min= -2.4863E-04 max=  8.8847E-06 Level= 99 Tracer from ALE()
NOTE from PE     0: init_from_Z: min= -2.4863E-04 max=  8.8847E-06 Level=100 Tracer from ALE()
NOTE from PE     0: initialize_MOM_generic_tracer: initializing generic tracer dic using MOM_initialize_tracer_from_Z
NOTE from PE     0: init_from_Z: min=  0.0000E+00 max=  2.0627E-03 Level=  1 Tracer from ALE()
NOTE from PE     0: init_from_Z: min=  0.0000E+00 max=  2.0627E-03 Level=  2 Tracer from ALE()
NOTE from PE     0: init_from_Z: min=  0.0000E+00 max=  2.0628E-03 Level=  3 Tracer from ALE()
NOTE from PE     0: init_from_Z: min=  0.0000E+00 max=  2.0628E-03 Level=  4 Tracer from ALE()
NOTE from PE     0: init_from_Z: min=  0.0000E+00 max=  2.0629E-03 Level=  5 Tracer from ALE()
NOTE from PE     0: init_from_Z: min=  0.0000E+00 max=  2.0629E-03 Level=  6 Tracer from ALE()
NOTE from PE     0: init_from_Z: min=  0.0000E+00 max=  2.0629E-03 Level=  7 Tracer from ALE()
NOTE from PE     0: init_from_Z: min=  0.0000E+00 max=  2.0629E-03 Level=  8 Tracer from ALE()
NOTE from PE     0: init_from_Z: min=  0.0000E+00 max=  2.0629E-03 Level=  9 Tracer from ALE()
NOTE from PE     0: init_from_Z: min=  0.0000E+00 max=  2.0629E-03 Level= 10 Tracer from ALE()
NOTE from PE     0: init_from_Z: min=  0.0000E+00 max=  2.0629E-03 Level= 11 Tracer from ALE()
NOTE from PE     0: init_from_Z: min=  0.0000E+00 max=  2.0629E-03 Level= 12 Tracer from ALE()
NOTE from PE     0: init_from_Z: min=  0.0000E+00 max=  2.0629E-03 Level= 13 Tracer from ALE()
NOTE from PE     0: init_from_Z: min=  0.0000E+00 max=  2.0629E-03 Level= 14 Tracer from ALE()
NOTE from PE     0: init_from_Z: min=  0.0000E+00 max=  2.0629E-03 Level= 15 Tracer from ALE()
NOTE from PE     0: init_from_Z: min=  0.0000E+00 max=  2.0629E-03 Level= 16 Tracer from ALE()
NOTE from PE     0: init_from_Z: min=  0.0000E+00 max=  2.0629E-03 Level= 17 Tracer from ALE()
NOTE from PE     0: init_from_Z: min=  0.0000E+00 max=  2.0629E-03 Level= 18 Tracer from ALE()
NOTE from PE     0: init_from_Z: min=  0.0000E+00 max=  2.0629E-03 Level= 19 Tracer from ALE()
NOTE from PE     0: init_from_Z: min=  0.0000E+00 max=  2.0629E-03 Level= 20 Tracer from ALE()
NOTE from PE     0: init_from_Z: min=  0.0000E+00 max=  2.0629E-03 Level= 21 Tracer from ALE()
NOTE from PE     0: init_from_Z: min=  0.0000E+00 max=  2.0629E-03 Level= 22 Tracer from ALE()
NOTE from PE     0: init_from_Z: min=  0.0000E+00 max=  2.0629E-03 Level= 23 Tracer from ALE()
NOTE from PE     0: init_from_Z: min=  0.0000E+00 max=  2.0629E-03 Level= 24 Tracer from ALE()
NOTE from PE     0: init_from_Z: min=  0.0000E+00 max=  2.0629E-03 Level= 25 Tracer from ALE()
NOTE from PE     0: init_from_Z: min=  0.0000E+00 max=  2.0629E-03 Level= 26 Tracer from ALE()
NOTE from PE     0: init_from_Z: min=  0.0000E+00 max=  2.0629E-03 Level= 27 Tracer from ALE()
NOTE from PE     0: init_from_Z: min=  0.0000E+00 max=  2.0629E-03 Level= 28 Tracer from ALE()
NOTE from PE     0: init_from_Z: min=  0.0000E+00 max=  2.0629E-03 Level= 29 Tracer from ALE()
NOTE from PE     0: init_from_Z: min=  0.0000E+00 max=  2.0690E-03 Level= 30 Tracer from ALE()
NOTE from PE     0: init_from_Z: min=  0.0000E+00 max=  2.0917E-03 Level= 31 Tracer from ALE()
NOTE from PE     0: init_from_Z: min=  0.0000E+00 max=  2.1095E-03 Level= 32 Tracer from ALE()
NOTE from PE     0: init_from_Z: min=  0.0000E+00 max=  2.1238E-03 Level= 33 Tracer from ALE()
NOTE from PE     0: init_from_Z: min=  0.0000E+00 max=  2.1342E-03 Level= 34 Tracer from ALE()
NOTE from PE     0: init_from_Z: min=  0.0000E+00 max=  2.1384E-03 Level= 35 Tracer from ALE()
NOTE from PE     0: init_from_Z: min=  0.0000E+00 max=  2.1417E-03 Level= 36 Tracer from ALE()
NOTE from PE     0: init_from_Z: min=  0.0000E+00 max=  2.1478E-03 Level= 37 Tracer from ALE()
NOTE from PE     0: init_from_Z: min=  0.0000E+00 max=  2.1628E-03 Level= 38 Tracer from ALE()
NOTE from PE     0: init_from_Z: min=  0.0000E+00 max=  2.1699E-03 Level= 39 Tracer from ALE()
NOTE from PE     0: init_from_Z: min=  0.0000E+00 max=  2.1773E-03 Level= 40 Tracer from ALE()
NOTE from PE     0: init_from_Z: min=  0.0000E+00 max=  2.1891E-03 Level= 41 Tracer from ALE()
NOTE from PE     0: init_from_Z: min=  0.0000E+00 max=  2.1991E-03 Level= 42 Tracer from ALE()
NOTE from PE     0: init_from_Z: min=  0.0000E+00 max=  2.1992E-03 Level= 43 Tracer from ALE()
NOTE from PE     0: init_from_Z: min=  0.0000E+00 max=  2.2006E-03 Level= 44 Tracer from ALE()
NOTE from PE     0: init_from_Z: min=  0.0000E+00 max=  2.2037E-03 Level= 45 Tracer from ALE()
NOTE from PE     0: init_from_Z: min=  0.0000E+00 max=  2.2077E-03 Level= 46 Tracer from ALE()
NOTE from PE     0: init_from_Z: min=  0.0000E+00 max=  2.2157E-03 Level= 47 Tracer from ALE()
NOTE from PE     0: init_from_Z: min=  0.0000E+00 max=  2.2254E-03 Level= 48 Tracer from ALE()
NOTE from PE     0: init_from_Z: min=  0.0000E+00 max=  2.2352E-03 Level= 49 Tracer from ALE()
NOTE from PE     0: init_from_Z: min=  0.0000E+00 max=  2.2433E-03 Level= 50 Tracer from ALE()
NOTE from PE     0: init_from_Z: min=  0.0000E+00 max=  2.2488E-03 Level= 51 Tracer from ALE()
NOTE from PE     0: init_from_Z: min=  0.0000E+00 max=  2.2625E-03 Level= 52 Tracer from ALE()
NOTE from PE     0: init_from_Z: min=  0.0000E+00 max=  2.2678E-03 Level= 53 Tracer from ALE()
NOTE from PE     0: init_from_Z: min=  0.0000E+00 max=  2.2760E-03 Level= 54 Tracer from ALE()
NOTE from PE     0: init_from_Z: min=  0.0000E+00 max=  2.2840E-03 Level= 55 Tracer from ALE()
NOTE from PE     0: init_from_Z: min=  0.0000E+00 max=  2.2990E-03 Level= 56 Tracer from ALE()
NOTE from PE     0: init_from_Z: min=  0.0000E+00 max=  2.3028E-03 Level= 57 Tracer from ALE()
NOTE from PE     0: init_from_Z: min=  0.0000E+00 max=  2.3097E-03 Level= 58 Tracer from ALE()
NOTE from PE     0: init_from_Z: min=  0.0000E+00 max=  2.3171E-03 Level= 59 Tracer from ALE()
NOTE from PE     0: init_from_Z: min=  0.0000E+00 max=  2.3181E-03 Level= 60 Tracer from ALE()
NOTE from PE     0: init_from_Z: min=  0.0000E+00 max=  2.3187E-03 Level= 61 Tracer from ALE()
NOTE from PE     0: init_from_Z: min=  0.0000E+00 max=  2.3191E-03 Level= 62 Tracer from ALE()
NOTE from PE     0: init_from_Z: min=  0.0000E+00 max=  2.3194E-03 Level= 63 Tracer from ALE()
NOTE from PE     0: init_from_Z: min=  0.0000E+00 max=  2.3196E-03 Level= 64 Tracer from ALE()
NOTE from PE     0: init_from_Z: min=  0.0000E+00 max=  2.3197E-03 Level= 65 Tracer from ALE()
NOTE from PE     0: init_from_Z: min=  0.0000E+00 max=  2.3198E-03 Level= 66 Tracer from ALE()
NOTE from PE     0: init_from_Z: min=  0.0000E+00 max=  2.3213E-03 Level= 67 Tracer from ALE()
NOTE from PE     0: init_from_Z: min=  0.0000E+00 max=  2.3235E-03 Level= 68 Tracer from ALE()
NOTE from PE     0: init_from_Z: min=  0.0000E+00 max=  2.3235E-03 Level= 69 Tracer from ALE()
NOTE from PE     0: init_from_Z: min=  0.0000E+00 max=  2.3235E-03 Level= 70 Tracer from ALE()
NOTE from PE     0: init_from_Z: min=  0.0000E+00 max=  2.3235E-03 Level= 71 Tracer from ALE()
NOTE from PE     0: init_from_Z: min=  0.0000E+00 max=  2.3235E-03 Level= 72 Tracer from ALE()
NOTE from PE     0: init_from_Z: min=  0.0000E+00 max=  2.3235E-03 Level= 73 Tracer from ALE()
NOTE from PE     0: init_from_Z: min=  0.0000E+00 max=  2.3235E-03 Level= 74 Tracer from ALE()
NOTE from PE     0: init_from_Z: min=  0.0000E+00 max=  2.3235E-03 Level= 75 Tracer from ALE()
NOTE from PE     0: init_from_Z: min=  0.0000E+00 max=  2.3235E-03 Level= 76 Tracer from ALE()
NOTE from PE     0: init_from_Z: min=  0.0000E+00 max=  2.3235E-03 Level= 77 Tracer from ALE()
NOTE from PE     0: init_from_Z: min=  0.0000E+00 max=  2.3235E-03 Level= 78 Tracer from ALE()
NOTE from PE     0: init_from_Z: min=  0.0000E+00 max=  2.3235E-03 Level= 79 Tracer from ALE()
NOTE from PE     0: init_from_Z: min=  0.0000E+00 max=  2.3235E-03 Level= 80 Tracer from ALE()
NOTE from PE     0: init_from_Z: min=  0.0000E+00 max=  2.3235E-03 Level= 81 Tracer from ALE()
NOTE from PE     0: init_from_Z: min=  0.0000E+00 max=  2.3235E-03 Level= 82 Tracer from ALE()
NOTE from PE     0: init_from_Z: min=  0.0000E+00 max=  2.3235E-03 Level= 83 Tracer from ALE()
NOTE from PE     0: init_from_Z: min=  0.0000E+00 max=  2.3235E-03 Level= 84 Tracer from ALE()
NOTE from PE     0: init_from_Z: min=  0.0000E+00 max=  2.3235E-03 Level= 85 Tracer from ALE()
NOTE from PE     0: init_from_Z: min=  0.0000E+00 max=  2.3235E-03 Level= 86 Tracer from ALE()
NOTE from PE     0: init_from_Z: min=  0.0000E+00 max=  2.3235E-03 Level= 87 Tracer from ALE()
NOTE from PE     0: init_from_Z: min=  0.0000E+00 max=  2.3235E-03 Level= 88 Tracer from ALE()
NOTE from PE     0: init_from_Z: min=  0.0000E+00 max=  2.3235E-03 Level= 89 Tracer from ALE()
NOTE from PE     0: init_from_Z: min=  0.0000E+00 max=  2.3235E-03 Level= 90 Tracer from ALE()
NOTE from PE     0: init_from_Z: min=  0.0000E+00 max=  2.3235E-03 Level= 91 Tracer from ALE()
NOTE from PE     0: init_from_Z: min=  0.0000E+00 max=  2.3235E-03 Level= 92 Tracer from ALE()
NOTE from PE     0: init_from_Z: min=  0.0000E+00 max=  2.3235E-03 Level= 93 Tracer from ALE()
NOTE from PE     0: init_from_Z: min=  0.0000E+00 max=  2.3235E-03 Level= 94 Tracer from ALE()
NOTE from PE     0: init_from_Z: min=  0.0000E+00 max=  2.3235E-03 Level= 95 Tracer from ALE()
NOTE from PE     0: init_from_Z: min=  0.0000E+00 max=  2.3235E-03 Level= 96 Tracer from ALE()
NOTE from PE     0: init_from_Z: min=  0.0000E+00 max=  2.3235E-03 Level= 97 Tracer from ALE()
NOTE from PE     0: init_from_Z: min=  0.0000E+00 max=  2.3235E-03 Level= 98 Tracer from ALE()
NOTE from PE     0: init_from_Z: min=  0.0000E+00 max=  2.3235E-03 Level= 99 Tracer from ALE()
NOTE from PE     0: init_from_Z: min=  0.0000E+00 max=  2.3235E-03 Level=100 Tracer from ALE()
NOTE from PE     0: initialize_MOM_generic_tracer: initializing generic tracer caco3 using MOM_initialize_tracer_from_Z
NOTE from PE     0: init_from_Z: min=  0.0000E+00 max=  3.3724E-08 Level=  1 Tracer from ALE()
NOTE from PE     0: init_from_Z: min=  0.0000E+00 max=  3.7786E-08 Level=  2 Tracer from ALE()
NOTE from PE     0: init_from_Z: min=  0.0000E+00 max=  4.1078E-08 Level=  3 Tracer from ALE()
NOTE from PE     0: init_from_Z: min=  0.0000E+00 max=  4.4842E-08 Level=  4 Tracer from ALE()
NOTE from PE     0: init_from_Z: min=  0.0000E+00 max=  5.6248E-08 Level=  5 Tracer from ALE()
NOTE from PE     0: init_from_Z: min=  0.0000E+00 max=  6.5214E-08 Level=  6 Tracer from ALE()
NOTE from PE     0: init_from_Z: min=  0.0000E+00 max=  8.4385E-08 Level=  7 Tracer from ALE()
NOTE from PE     0: init_from_Z: min=  0.0000E+00 max=  9.9353E-08 Level=  8 Tracer from ALE()
NOTE from PE     0: init_from_Z: min=  0.0000E+00 max=  1.0841E-07 Level=  9 Tracer from ALE()
NOTE from PE     0: init_from_Z: min=  0.0000E+00 max=  1.1169E-07 Level= 10 Tracer from ALE()
NOTE from PE     0: init_from_Z: min=  0.0000E+00 max=  1.1206E-07 Level= 11 Tracer from ALE()
NOTE from PE     0: init_from_Z: min=  0.0000E+00 max=  1.1214E-07 Level= 12 Tracer from ALE()
NOTE from PE     0: init_from_Z: min=  0.0000E+00 max=  1.1214E-07 Level= 13 Tracer from ALE()
NOTE from PE     0: init_from_Z: min=  0.0000E+00 max=  1.1214E-07 Level= 14 Tracer from ALE()
NOTE from PE     0: init_from_Z: min=  0.0000E+00 max=  1.1214E-07 Level= 15 Tracer from ALE()
NOTE from PE     0: init_from_Z: min=  0.0000E+00 max=  1.1214E-07 Level= 16 Tracer from ALE()
NOTE from PE     0: init_from_Z: min=  0.0000E+00 max=  1.1214E-07 Level= 17 Tracer from ALE()
NOTE from PE     0: init_from_Z: min=  0.0000E+00 max=  1.1214E-07 Level= 18 Tracer from ALE()
NOTE from PE     0: init_from_Z: min=  0.0000E+00 max=  1.1214E-07 Level= 19 Tracer from ALE()
NOTE from PE     0: init_from_Z: min=  0.0000E+00 max=  1.1214E-07 Level= 20 Tracer from ALE()
NOTE from PE     0: init_from_Z: min=  0.0000E+00 max=  1.1214E-07 Level= 21 Tracer from ALE()
NOTE from PE     0: init_from_Z: min=  0.0000E+00 max=  1.1214E-07 Level= 22 Tracer from ALE()
NOTE from PE     0: init_from_Z: min=  0.0000E+00 max=  1.1214E-07 Level= 23 Tracer from ALE()
NOTE from PE     0: init_from_Z: min=  0.0000E+00 max=  1.1214E-07 Level= 24 Tracer from ALE()
NOTE from PE     0: init_from_Z: min=  0.0000E+00 max=  1.1214E-07 Level= 25 Tracer from ALE()
NOTE from PE     0: init_from_Z: min=  0.0000E+00 max=  1.1214E-07 Level= 26 Tracer from ALE()
NOTE from PE     0: init_from_Z: min=  0.0000E+00 max=  1.1214E-07 Level= 27 Tracer from ALE()
NOTE from PE     0: init_from_Z: min=  0.0000E+00 max=  1.1214E-07 Level= 28 Tracer from ALE()
NOTE from PE     0: init_from_Z: min=  0.0000E+00 max=  1.1214E-07 Level= 29 Tracer from ALE()
NOTE from PE     0: init_from_Z: min=  0.0000E+00 max=  1.1214E-07 Level= 30 Tracer from ALE()
NOTE from PE     0: init_from_Z: min=  0.0000E+00 max=  1.1214E-07 Level= 31 Tracer from ALE()
NOTE from PE     0: init_from_Z: min=  0.0000E+00 max=  1.1214E-07 Level= 32 Tracer from ALE()
NOTE from PE     0: init_from_Z: min=  0.0000E+00 max=  1.1214E-07 Level= 33 Tracer from ALE()
NOTE from PE     0: init_from_Z: min=  0.0000E+00 max=  1.1214E-07 Level= 34 Tracer from ALE()
NOTE from PE     0: init_from_Z: min=  0.0000E+00 max=  1.1214E-07 Level= 35 Tracer from ALE()
NOTE from PE     0: init_from_Z: min=  0.0000E+00 max=  1.1214E-07 Level= 36 Tracer from ALE()
NOTE from PE     0: init_from_Z: min=  0.0000E+00 max=  1.1214E-07 Level= 37 Tracer from ALE()
NOTE from PE     0: init_from_Z: min=  0.0000E+00 max=  1.1214E-07 Level= 38 Tracer from ALE()
NOTE from PE     0: init_from_Z: min=  0.0000E+00 max=  1.1214E-07 Level= 39 Tracer from ALE()
NOTE from PE     0: init_from_Z: min=  0.0000E+00 max=  1.1214E-07 Level= 40 Tracer from ALE()
NOTE from PE     0: init_from_Z: min=  0.0000E+00 max=  1.1214E-07 Level= 41 Tracer from ALE()
NOTE from PE     0: init_from_Z: min=  0.0000E+00 max=  1.1214E-07 Level= 42 Tracer from ALE()
NOTE from PE     0: init_from_Z: min=  0.0000E+00 max=  1.1214E-07 Level= 43 Tracer from ALE()
NOTE from PE     0: init_from_Z: min=  0.0000E+00 max=  1.1214E-07 Level= 44 Tracer from ALE()
NOTE from PE     0: init_from_Z: min=  0.0000E+00 max=  1.1214E-07 Level= 45 Tracer from ALE()
NOTE from PE     0: init_from_Z: min=  0.0000E+00 max=  1.1214E-07 Level= 46 Tracer from ALE()
NOTE from PE     0: init_from_Z: min=  0.0000E+00 max=  1.1214E-07 Level= 47 Tracer from ALE()
NOTE from PE     0: init_from_Z: min=  0.0000E+00 max=  1.1214E-07 Level= 48 Tracer from ALE()
NOTE from PE     0: init_from_Z: min=  0.0000E+00 max=  1.1214E-07 Level= 49 Tracer from ALE()
NOTE from PE     0: init_from_Z: min=  0.0000E+00 max=  1.1214E-07 Level= 50 Tracer from ALE()
NOTE from PE     0: init_from_Z: min=  0.0000E+00 max=  1.1214E-07 Level= 51 Tracer from ALE()
NOTE from PE     0: init_from_Z: min=  0.0000E+00 max=  1.1214E-07 Level= 52 Tracer from ALE()
NOTE from PE     0: init_from_Z: min=  0.0000E+00 max=  1.1214E-07 Level= 53 Tracer from ALE()
NOTE from PE     0: init_from_Z: min=  0.0000E+00 max=  1.1214E-07 Level= 54 Tracer from ALE()
NOTE from PE     0: init_from_Z: min=  0.0000E+00 max=  1.1214E-07 Level= 55 Tracer from ALE()
NOTE from PE     0: init_from_Z: min=  0.0000E+00 max=  1.1214E-07 Level= 56 Tracer from ALE()
NOTE from PE     0: init_from_Z: min=  0.0000E+00 max=  1.1214E-07 Level= 57 Tracer from ALE()
NOTE from PE     0: init_from_Z: min=  0.0000E+00 max=  1.1214E-07 Level= 58 Tracer from ALE()
NOTE from PE     0: init_from_Z: min=  0.0000E+00 max=  1.1214E-07 Level= 59 Tracer from ALE()
NOTE from PE     0: init_from_Z: min=  0.0000E+00 max=  1.1214E-07 Level= 60 Tracer from ALE()
NOTE from PE     0: init_from_Z: min=  0.0000E+00 max=  1.1214E-07 Level= 61 Tracer from ALE()
NOTE from PE     0: init_from_Z: min=  0.0000E+00 max=  1.1214E-07 Level= 62 Tracer from ALE()
NOTE from PE     0: init_from_Z: min=  0.0000E+00 max=  1.1214E-07 Level= 63 Tracer from ALE()
NOTE from PE     0: init_from_Z: min=  0.0000E+00 max=  1.1214E-07 Level= 64 Tracer from ALE()
NOTE from PE     0: init_from_Z: min=  0.0000E+00 max=  1.1214E-07 Level= 65 Tracer from ALE()
NOTE from PE     0: init_from_Z: min=  0.0000E+00 max=  1.1214E-07 Level= 66 Tracer from ALE()
NOTE from PE     0: init_from_Z: min=  0.0000E+00 max=  1.1214E-07 Level= 67 Tracer from ALE()
NOTE from PE     0: init_from_Z: min=  0.0000E+00 max=  1.1214E-07 Level= 68 Tracer from ALE()
NOTE from PE     0: init_from_Z: min=  0.0000E+00 max=  1.1214E-07 Level= 69 Tracer from ALE()
NOTE from PE     0: init_from_Z: min=  0.0000E+00 max=  1.1214E-07 Level= 70 Tracer from ALE()
NOTE from PE     0: init_from_Z: min=  0.0000E+00 max=  1.1214E-07 Level= 71 Tracer from ALE()
NOTE from PE     0: init_from_Z: min=  0.0000E+00 max=  1.1214E-07 Level= 72 Tracer from ALE()
NOTE from PE     0: init_from_Z: min=  0.0000E+00 max=  1.1214E-07 Level= 73 Tracer from ALE()
NOTE from PE     0: init_from_Z: min=  0.0000E+00 max=  1.1214E-07 Level= 74 Tracer from ALE()
NOTE from PE     0: init_from_Z: min=  0.0000E+00 max=  1.1214E-07 Level= 75 Tracer from ALE()
NOTE from PE     0: init_from_Z: min=  0.0000E+00 max=  1.1214E-07 Level= 76 Tracer from ALE()
NOTE from PE     0: init_from_Z: min=  0.0000E+00 max=  1.1214E-07 Level= 77 Tracer from ALE()
NOTE from PE     0: init_from_Z: min=  0.0000E+00 max=  1.1214E-07 Level= 78 Tracer from ALE()
NOTE from PE     0: init_from_Z: min=  0.0000E+00 max=  1.1214E-07 Level= 79 Tracer from ALE()
NOTE from PE     0: init_from_Z: min=  0.0000E+00 max=  1.1214E-07 Level= 80 Tracer from ALE()
NOTE from PE     0: init_from_Z: min=  0.0000E+00 max=  1.1214E-07 Level= 81 Tracer from ALE()
NOTE from PE     0: init_from_Z: min=  0.0000E+00 max=  1.1214E-07 Level= 82 Tracer from ALE()
NOTE from PE     0: init_from_Z: min=  0.0000E+00 max=  1.1214E-07 Level= 83 Tracer from ALE()
NOTE from PE     0: init_from_Z: min=  0.0000E+00 max=  1.1214E-07 Level= 84 Tracer from ALE()
NOTE from PE     0: init_from_Z: min=  0.0000E+00 max=  1.1214E-07 Level= 85 Tracer from ALE()
NOTE from PE     0: init_from_Z: min=  0.0000E+00 max=  1.1214E-07 Level= 86 Tracer from ALE()
NOTE from PE     0: init_from_Z: min=  0.0000E+00 max=  1.1214E-07 Level= 87 Tracer from ALE()
NOTE from PE     0: init_from_Z: min=  0.0000E+00 max=  1.1214E-07 Level= 88 Tracer from ALE()
NOTE from PE     0: init_from_Z: min=  0.0000E+00 max=  1.1214E-07 Level= 89 Tracer from ALE()
NOTE from PE     0: init_from_Z: min=  0.0000E+00 max=  1.1214E-07 Level= 90 Tracer from ALE()
NOTE from PE     0: init_from_Z: min=  0.0000E+00 max=  1.1214E-07 Level= 91 Tracer from ALE()
NOTE from PE     0: init_from_Z: min=  0.0000E+00 max=  1.1214E-07 Level= 92 Tracer from ALE()
NOTE from PE     0: init_from_Z: min=  0.0000E+00 max=  1.1214E-07 Level= 93 Tracer from ALE()
NOTE from PE     0: init_from_Z: min=  0.0000E+00 max=  1.1214E-07 Level= 94 Tracer from ALE()
NOTE from PE     0: init_from_Z: min=  0.0000E+00 max=  1.1214E-07 Level= 95 Tracer from ALE()
NOTE from PE     0: init_from_Z: min=  0.0000E+00 max=  1.1214E-07 Level= 96 Tracer from ALE()
NOTE from PE     0: init_from_Z: min=  0.0000E+00 max=  1.1214E-07 Level= 97 Tracer from ALE()
NOTE from PE     0: init_from_Z: min=  0.0000E+00 max=  1.1214E-07 Level= 98 Tracer from ALE()
NOTE from PE     0: init_from_Z: min=  0.0000E+00 max=  1.1214E-07 Level= 99 Tracer from ALE()
NOTE from PE     0: init_from_Z: min=  0.0000E+00 max=  1.1214E-07 Level=100 Tracer from ALE()
NOTE from PE     0: initialize_MOM_generic_tracer: initializing generic tracer detfe using MOM_initialize_tracer_from_Z
NOTE from PE     0: init_from_Z: min=  0.0000E+00 max=  1.1957E-11 Level=  1 Tracer from ALE()
NOTE from PE     0: init_from_Z: min=  0.0000E+00 max=  1.4035E-11 Level=  2 Tracer from ALE()
NOTE from PE     0: init_from_Z: min=  0.0000E+00 max=  1.5558E-11 Level=  3 Tracer from ALE()
NOTE from PE     0: init_from_Z: min=  0.0000E+00 max=  2.0712E-11 Level=  4 Tracer from ALE()
NOTE from PE     0: init_from_Z: min=  0.0000E+00 max=  2.6531E-11 Level=  5 Tracer from ALE()
NOTE from PE     0: init_from_Z: min=  0.0000E+00 max=  2.9717E-11 Level=  6 Tracer from ALE()
NOTE from PE     0: init_from_Z: min=  0.0000E+00 max=  3.6973E-11 Level=  7 Tracer from ALE()
NOTE from PE     0: init_from_Z: min=  0.0000E+00 max=  4.1916E-11 Level=  8 Tracer from ALE()
NOTE from PE     0: init_from_Z: min=  0.0000E+00 max=  4.4070E-11 Level=  9 Tracer from ALE()
NOTE from PE     0: init_from_Z: min=  0.0000E+00 max=  4.4712E-11 Level= 10 Tracer from ALE()
NOTE from PE     0: init_from_Z: min=  0.0000E+00 max=  4.5109E-11 Level= 11 Tracer from ALE()
NOTE from PE     0: init_from_Z: min=  0.0000E+00 max=  4.5224E-11 Level= 12 Tracer from ALE()
NOTE from PE     0: init_from_Z: min=  0.0000E+00 max=  4.5248E-11 Level= 13 Tracer from ALE()
NOTE from PE     0: init_from_Z: min=  0.0000E+00 max=  4.5255E-11 Level= 14 Tracer from ALE()
NOTE from PE     0: init_from_Z: min=  0.0000E+00 max=  4.5255E-11 Level= 15 Tracer from ALE()
NOTE from PE     0: init_from_Z: min=  0.0000E+00 max=  4.5255E-11 Level= 16 Tracer from ALE()
NOTE from PE     0: init_from_Z: min=  0.0000E+00 max=  4.5255E-11 Level= 17 Tracer from ALE()
NOTE from PE     0: init_from_Z: min=  0.0000E+00 max=  4.5255E-11 Level= 18 Tracer from ALE()
NOTE from PE     0: init_from_Z: min=  0.0000E+00 max=  4.5255E-11 Level= 19 Tracer from ALE()
NOTE from PE     0: init_from_Z: min=  0.0000E+00 max=  4.5255E-11 Level= 20 Tracer from ALE()
NOTE from PE     0: init_from_Z: min=  0.0000E+00 max=  4.5255E-11 Level= 21 Tracer from ALE()
NOTE from PE     0: init_from_Z: min=  0.0000E+00 max=  4.5255E-11 Level= 22 Tracer from ALE()
NOTE from PE     0: init_from_Z: min=  0.0000E+00 max=  4.5255E-11 Level= 23 Tracer from ALE()
NOTE from PE     0: init_from_Z: min=  0.0000E+00 max=  4.5255E-11 Level= 24 Tracer from ALE()
NOTE from PE     0: init_from_Z: min=  0.0000E+00 max=  4.5255E-11 Level= 25 Tracer from ALE()
NOTE from PE     0: init_from_Z: min=  0.0000E+00 max=  4.5255E-11 Level= 26 Tracer from ALE()
NOTE from PE     0: init_from_Z: min=  0.0000E+00 max=  4.5255E-11 Level= 27 Tracer from ALE()
NOTE from PE     0: init_from_Z: min=  0.0000E+00 max=  4.5255E-11 Level= 28 Tracer from ALE()
NOTE from PE     0: init_from_Z: min=  0.0000E+00 max=  4.5255E-11 Level= 29 Tracer from ALE()
NOTE from PE     0: init_from_Z: min=  0.0000E+00 max=  4.5255E-11 Level= 30 Tracer from ALE()
NOTE from PE     0: init_from_Z: min=  0.0000E+00 max=  4.5255E-11 Level= 31 Tracer from ALE()
NOTE from PE     0: init_from_Z: min=  0.0000E+00 max=  4.5255E-11 Level= 32 Tracer from ALE()
NOTE from PE     0: init_from_Z: min=  0.0000E+00 max=  4.5255E-11 Level= 33 Tracer from ALE()
NOTE from PE     0: init_from_Z: min=  0.0000E+00 max=  4.5255E-11 Level= 34 Tracer from ALE()
NOTE from PE     0: init_from_Z: min=  0.0000E+00 max=  4.5255E-11 Level= 35 Tracer from ALE()
NOTE from PE     0: init_from_Z: min=  0.0000E+00 max=  4.5255E-11 Level= 36 Tracer from ALE()
NOTE from PE     0: init_from_Z: min=  0.0000E+00 max=  4.5255E-11 Level= 37 Tracer from ALE()
NOTE from PE     0: init_from_Z: min=  0.0000E+00 max=  4.5255E-11 Level= 38 Tracer from ALE()
NOTE from PE     0: init_from_Z: min=  0.0000E+00 max=  4.5255E-11 Level= 39 Tracer from ALE()
NOTE from PE     0: init_from_Z: min=  0.0000E+00 max=  4.5255E-11 Level= 40 Tracer from ALE()
NOTE from PE     0: init_from_Z: min=  0.0000E+00 max=  4.5255E-11 Level= 41 Tracer from ALE()
NOTE from PE     0: init_from_Z: min=  0.0000E+00 max=  4.5255E-11 Level= 42 Tracer from ALE()
NOTE from PE     0: init_from_Z: min=  0.0000E+00 max=  4.5255E-11 Level= 43 Tracer from ALE()
NOTE from PE     0: init_from_Z: min=  0.0000E+00 max=  4.5255E-11 Level= 44 Tracer from ALE()
NOTE from PE     0: init_from_Z: min=  0.0000E+00 max=  4.5255E-11 Level= 45 Tracer from ALE()
NOTE from PE     0: init_from_Z: min=  0.0000E+00 max=  4.5255E-11 Level= 46 Tracer from ALE()
NOTE from PE     0: init_from_Z: min=  0.0000E+00 max=  4.5255E-11 Level= 47 Tracer from ALE()
NOTE from PE     0: init_from_Z: min=  0.0000E+00 max=  4.5255E-11 Level= 48 Tracer from ALE()
NOTE from PE     0: init_from_Z: min=  0.0000E+00 max=  4.5255E-11 Level= 49 Tracer from ALE()
NOTE from PE     0: init_from_Z: min=  0.0000E+00 max=  4.5255E-11 Level= 50 Tracer from ALE()
NOTE from PE     0: init_from_Z: min=  0.0000E+00 max=  4.5255E-11 Level= 51 Tracer from ALE()
NOTE from PE     0: init_from_Z: min=  0.0000E+00 max=  4.5255E-11 Level= 52 Tracer from ALE()
NOTE from PE     0: init_from_Z: min=  0.0000E+00 max=  4.5255E-11 Level= 53 Tracer from ALE()
NOTE from PE     0: init_from_Z: min=  0.0000E+00 max=  4.5255E-11 Level= 54 Tracer from ALE()
NOTE from PE     0: init_from_Z: min=  0.0000E+00 max=  4.5255E-11 Level= 55 Tracer from ALE()
NOTE from PE     0: init_from_Z: min=  0.0000E+00 max=  4.5255E-11 Level= 56 Tracer from ALE()
NOTE from PE     0: init_from_Z: min=  0.0000E+00 max=  4.5255E-11 Level= 57 Tracer from ALE()
NOTE from PE     0: init_from_Z: min=  0.0000E+00 max=  4.5255E-11 Level= 58 Tracer from ALE()
NOTE from PE     0: init_from_Z: min=  0.0000E+00 max=  4.5255E-11 Level= 59 Tracer from ALE()
NOTE from PE     0: init_from_Z: min=  0.0000E+00 max=  4.5255E-11 Level= 60 Tracer from ALE()
NOTE from PE     0: init_from_Z: min=  0.0000E+00 max=  4.5255E-11 Level= 61 Tracer from ALE()
NOTE from PE     0: init_from_Z: min=  0.0000E+00 max=  4.5255E-11 Level= 62 Tracer from ALE()
NOTE from PE     0: init_from_Z: min=  0.0000E+00 max=  4.5255E-11 Level= 63 Tracer from ALE()
NOTE from PE     0: init_from_Z: min=  0.0000E+00 max=  4.5255E-11 Level= 64 Tracer from ALE()
NOTE from PE     0: init_from_Z: min=  0.0000E+00 max=  4.5255E-11 Level= 65 Tracer from ALE()
NOTE from PE     0: init_from_Z: min=  0.0000E+00 max=  4.5255E-11 Level= 66 Tracer from ALE()
NOTE from PE     0: init_from_Z: min=  0.0000E+00 max=  4.5255E-11 Level= 67 Tracer from ALE()
NOTE from PE     0: init_from_Z: min=  0.0000E+00 max=  4.5255E-11 Level= 68 Tracer from ALE()
NOTE from PE     0: init_from_Z: min=  0.0000E+00 max=  4.5255E-11 Level= 69 Tracer from ALE()
NOTE from PE     0: init_from_Z: min=  0.0000E+00 max=  4.5255E-11 Level= 70 Tracer from ALE()
NOTE from PE     0: init_from_Z: min=  0.0000E+00 max=  4.5255E-11 Level= 71 Tracer from ALE()
NOTE from PE     0: init_from_Z: min=  0.0000E+00 max=  4.5255E-11 Level= 72 Tracer from ALE()
NOTE from PE     0: init_from_Z: min=  0.0000E+00 max=  4.5255E-11 Level= 73 Tracer from ALE()
NOTE from PE     0: init_from_Z: min=  0.0000E+00 max=  4.5255E-11 Level= 74 Tracer from ALE()
NOTE from PE     0: init_from_Z: min=  0.0000E+00 max=  4.5255E-11 Level= 75 Tracer from ALE()
NOTE from PE     0: init_from_Z: min=  0.0000E+00 max=  4.5255E-11 Level= 76 Tracer from ALE()
NOTE from PE     0: init_from_Z: min=  0.0000E+00 max=  4.5255E-11 Level= 77 Tracer from ALE()
NOTE from PE     0: init_from_Z: min=  0.0000E+00 max=  4.5255E-11 Level= 78 Tracer from ALE()
NOTE from PE     0: init_from_Z: min=  0.0000E+00 max=  4.5255E-11 Level= 79 Tracer from ALE()
NOTE from PE     0: init_from_Z: min=  0.0000E+00 max=  4.5255E-11 Level= 80 Tracer from ALE()
NOTE from PE     0: init_from_Z: min=  0.0000E+00 max=  4.5255E-11 Level= 81 Tracer from ALE()
NOTE from PE     0: init_from_Z: min=  0.0000E+00 max=  4.5255E-11 Level= 82 Tracer from ALE()
NOTE from PE     0: init_from_Z: min=  0.0000E+00 max=  4.5255E-11 Level= 83 Tracer from ALE()
NOTE from PE     0: init_from_Z: min=  0.0000E+00 max=  4.5255E-11 Level= 84 Tracer from ALE()
NOTE from PE     0: init_from_Z: min=  0.0000E+00 max=  4.5255E-11 Level= 85 Tracer from ALE()
NOTE from PE     0: init_from_Z: min=  0.0000E+00 max=  4.5255E-11 Level= 86 Tracer from ALE()
NOTE from PE     0: init_from_Z: min=  0.0000E+00 max=  4.5255E-11 Level= 87 Tracer from ALE()
NOTE from PE     0: init_from_Z: min=  0.0000E+00 max=  4.5255E-11 Level= 88 Tracer from ALE()
NOTE from PE     0: init_from_Z: min=  0.0000E+00 max=  4.5255E-11 Level= 89 Tracer from ALE()
NOTE from PE     0: init_from_Z: min=  0.0000E+00 max=  4.5255E-11 Level= 90 Tracer from ALE()
NOTE from PE     0: init_from_Z: min=  0.0000E+00 max=  4.5255E-11 Level= 91 Tracer from ALE()
NOTE from PE     0: init_from_Z: min=  0.0000E+00 max=  4.5255E-11 Level= 92 Tracer from ALE()
NOTE from PE     0: init_from_Z: min=  0.0000E+00 max=  4.5255E-11 Level= 93 Tracer from ALE()
NOTE from PE     0: init_from_Z: min=  0.0000E+00 max=  4.5255E-11 Level= 94 Tracer from ALE()
NOTE from PE     0: init_from_Z: min=  0.0000E+00 max=  4.5255E-11 Level= 95 Tracer from ALE()
NOTE from PE     0: init_from_Z: min=  0.0000E+00 max=  4.5255E-11 Level= 96 Tracer from ALE()
NOTE from PE     0: init_from_Z: min=  0.0000E+00 max=  4.5255E-11 Level= 97 Tracer from ALE()
NOTE from PE     0: init_from_Z: min=  0.0000E+00 max=  4.5255E-11 Level= 98 Tracer from ALE()
NOTE from PE     0: init_from_Z: min=  0.0000E+00 max=  4.5255E-11 Level= 99 Tracer from ALE()
NOTE from PE     0: init_from_Z: min=  0.0000E+00 max=  4.5255E-11 Level=100 Tracer from ALE()
NOTE from PE     0: initialize_MOM_generic_tracer: initializing generic tracer det using MOM_initialize_tracer_from_Z
NOTE from PE     0: init_from_Z: min=  0.0000E+00 max=  1.9528E-07 Level=  1 Tracer from ALE()
NOTE from PE     0: init_from_Z: min=  0.0000E+00 max=  2.2920E-07 Level=  2 Tracer from ALE()
NOTE from PE     0: init_from_Z: min=  0.0000E+00 max=  2.8312E-07 Level=  3 Tracer from ALE()
NOTE from PE     0: init_from_Z: min=  0.0000E+00 max=  3.6137E-07 Level=  4 Tracer from ALE()
NOTE from PE     0: init_from_Z: min=  0.0000E+00 max=  4.4947E-07 Level=  5 Tracer from ALE()
NOTE from PE     0: init_from_Z: min=  0.0000E+00 max=  5.0596E-07 Level=  6 Tracer from ALE()
NOTE from PE     0: init_from_Z: min=  0.0000E+00 max=  6.3234E-07 Level=  7 Tracer from ALE()
NOTE from PE     0: init_from_Z: min=  0.0000E+00 max=  7.1554E-07 Level=  8 Tracer from ALE()
NOTE from PE     0: init_from_Z: min=  0.0000E+00 max=  7.4894E-07 Level=  9 Tracer from ALE()
NOTE from PE     0: init_from_Z: min=  0.0000E+00 max=  7.5819E-07 Level= 10 Tracer from ALE()
NOTE from PE     0: init_from_Z: min=  0.0000E+00 max=  7.5844E-07 Level= 11 Tracer from ALE()
NOTE from PE     0: init_from_Z: min=  0.0000E+00 max=  7.5684E-07 Level= 12 Tracer from ALE()
NOTE from PE     0: init_from_Z: min=  0.0000E+00 max=  7.5684E-07 Level= 13 Tracer from ALE()
NOTE from PE     0: init_from_Z: min=  0.0000E+00 max=  7.5684E-07 Level= 14 Tracer from ALE()
NOTE from PE     0: init_from_Z: min=  0.0000E+00 max=  7.5684E-07 Level= 15 Tracer from ALE()
NOTE from PE     0: init_from_Z: min=  0.0000E+00 max=  7.5684E-07 Level= 16 Tracer from ALE()
NOTE from PE     0: init_from_Z: min=  0.0000E+00 max=  7.5684E-07 Level= 17 Tracer from ALE()
NOTE from PE     0: init_from_Z: min=  0.0000E+00 max=  7.5684E-07 Level= 18 Tracer from ALE()
NOTE from PE     0: init_from_Z: min=  0.0000E+00 max=  7.5684E-07 Level= 19 Tracer from ALE()
NOTE from PE     0: init_from_Z: min=  0.0000E+00 max=  7.5684E-07 Level= 20 Tracer from ALE()
NOTE from PE     0: init_from_Z: min=  0.0000E+00 max=  7.5684E-07 Level= 21 Tracer from ALE()
NOTE from PE     0: init_from_Z: min=  0.0000E+00 max=  7.5684E-07 Level= 22 Tracer from ALE()
NOTE from PE     0: init_from_Z: min=  0.0000E+00 max=  7.5684E-07 Level= 23 Tracer from ALE()
NOTE from PE     0: init_from_Z: min=  0.0000E+00 max=  7.5684E-07 Level= 24 Tracer from ALE()
NOTE from PE     0: init_from_Z: min=  0.0000E+00 max=  7.5684E-07 Level= 25 Tracer from ALE()
NOTE from PE     0: init_from_Z: min=  0.0000E+00 max=  7.5684E-07 Level= 26 Tracer from ALE()
NOTE from PE     0: init_from_Z: min=  0.0000E+00 max=  7.5684E-07 Level= 27 Tracer from ALE()
NOTE from PE     0: init_from_Z: min=  0.0000E+00 max=  7.5684E-07 Level= 28 Tracer from ALE()
NOTE from PE     0: init_from_Z: min=  0.0000E+00 max=  7.5684E-07 Level= 29 Tracer from ALE()
NOTE from PE     0: init_from_Z: min=  0.0000E+00 max=  7.5684E-07 Level= 30 Tracer from ALE()
NOTE from PE     0: init_from_Z: min=  0.0000E+00 max=  7.5684E-07 Level= 31 Tracer from ALE()
NOTE from PE     0: init_from_Z: min=  0.0000E+00 max=  7.5684E-07 Level= 32 Tracer from ALE()
NOTE from PE     0: init_from_Z: min=  0.0000E+00 max=  7.5684E-07 Level= 33 Tracer from ALE()
NOTE from PE     0: init_from_Z: min=  0.0000E+00 max=  7.5684E-07 Level= 34 Tracer from ALE()
NOTE from PE     0: init_from_Z: min=  0.0000E+00 max=  7.5684E-07 Level= 35 Tracer from ALE()
NOTE from PE     0: init_from_Z: min=  0.0000E+00 max=  7.5684E-07 Level= 36 Tracer from ALE()
NOTE from PE     0: init_from_Z: min=  0.0000E+00 max=  7.5684E-07 Level= 37 Tracer from ALE()
NOTE from PE     0: init_from_Z: min=  0.0000E+00 max=  7.5684E-07 Level= 38 Tracer from ALE()
NOTE from PE     0: init_from_Z: min=  0.0000E+00 max=  7.5684E-07 Level= 39 Tracer from ALE()
NOTE from PE     0: init_from_Z: min=  0.0000E+00 max=  7.5684E-07 Level= 40 Tracer from ALE()
NOTE from PE     0: init_from_Z: min=  0.0000E+00 max=  7.5684E-07 Level= 41 Tracer from ALE()
NOTE from PE     0: init_from_Z: min=  0.0000E+00 max=  7.5684E-07 Level= 42 Tracer from ALE()
NOTE from PE     0: init_from_Z: min=  0.0000E+00 max=  7.5684E-07 Level= 43 Tracer from ALE()
NOTE from PE     0: init_from_Z: min=  0.0000E+00 max=  7.5684E-07 Level= 44 Tracer from ALE()
NOTE from PE     0: init_from_Z: min=  0.0000E+00 max=  7.5684E-07 Level= 45 Tracer from ALE()
NOTE from PE     0: init_from_Z: min=  0.0000E+00 max=  7.5684E-07 Level= 46 Tracer from ALE()
NOTE from PE     0: init_from_Z: min=  0.0000E+00 max=  7.5684E-07 Level= 47 Tracer from ALE()
NOTE from PE     0: init_from_Z: min=  0.0000E+00 max=  7.5684E-07 Level= 48 Tracer from ALE()
NOTE from PE     0: init_from_Z: min=  0.0000E+00 max=  7.5684E-07 Level= 49 Tracer from ALE()
NOTE from PE     0: init_from_Z: min=  0.0000E+00 max=  7.5684E-07 Level= 50 Tracer from ALE()
NOTE from PE     0: init_from_Z: min=  0.0000E+00 max=  7.5684E-07 Level= 51 Tracer from ALE()
NOTE from PE     0: init_from_Z: min=  0.0000E+00 max=  7.5684E-07 Level= 52 Tracer from ALE()
NOTE from PE     0: init_from_Z: min=  0.0000E+00 max=  7.5684E-07 Level= 53 Tracer from ALE()
NOTE from PE     0: init_from_Z: min=  0.0000E+00 max=  7.5684E-07 Level= 54 Tracer from ALE()
NOTE from PE     0: init_from_Z: min=  0.0000E+00 max=  7.5684E-07 Level= 55 Tracer from ALE()
NOTE from PE     0: init_from_Z: min=  0.0000E+00 max=  7.5684E-07 Level= 56 Tracer from ALE()
NOTE from PE     0: init_from_Z: min=  0.0000E+00 max=  7.5684E-07 Level= 57 Tracer from ALE()
NOTE from PE     0: init_from_Z: min=  0.0000E+00 max=  7.5684E-07 Level= 58 Tracer from ALE()
NOTE from PE     0: init_from_Z: min=  0.0000E+00 max=  7.5684E-07 Level= 59 Tracer from ALE()
NOTE from PE     0: init_from_Z: min=  0.0000E+00 max=  7.5684E-07 Level= 60 Tracer from ALE()
NOTE from PE     0: init_from_Z: min=  0.0000E+00 max=  7.5684E-07 Level= 61 Tracer from ALE()
NOTE from PE     0: init_from_Z: min=  0.0000E+00 max=  7.5684E-07 Level= 62 Tracer from ALE()
NOTE from PE     0: init_from_Z: min=  0.0000E+00 max=  7.5684E-07 Level= 63 Tracer from ALE()
NOTE from PE     0: init_from_Z: min=  0.0000E+00 max=  7.5684E-07 Level= 64 Tracer from ALE()
NOTE from PE     0: init_from_Z: min=  0.0000E+00 max=  7.5684E-07 Level= 65 Tracer from ALE()
NOTE from PE     0: init_from_Z: min=  0.0000E+00 max=  7.5684E-07 Level= 66 Tracer from ALE()
NOTE from PE     0: init_from_Z: min=  0.0000E+00 max=  7.5684E-07 Level= 67 Tracer from ALE()
NOTE from PE     0: init_from_Z: min=  0.0000E+00 max=  7.5684E-07 Level= 68 Tracer from ALE()
NOTE from PE     0: init_from_Z: min=  0.0000E+00 max=  7.5684E-07 Level= 69 Tracer from ALE()
NOTE from PE     0: init_from_Z: min=  0.0000E+00 max=  7.5684E-07 Level= 70 Tracer from ALE()
NOTE from PE     0: init_from_Z: min=  0.0000E+00 max=  7.5684E-07 Level= 71 Tracer from ALE()
NOTE from PE     0: init_from_Z: min=  0.0000E+00 max=  7.5684E-07 Level= 72 Tracer from ALE()
NOTE from PE     0: init_from_Z: min=  0.0000E+00 max=  7.5684E-07 Level= 73 Tracer from ALE()
NOTE from PE     0: init_from_Z: min=  0.0000E+00 max=  7.5684E-07 Level= 74 Tracer from ALE()
NOTE from PE     0: init_from_Z: min=  0.0000E+00 max=  7.5684E-07 Level= 75 Tracer from ALE()
NOTE from PE     0: init_from_Z: min=  0.0000E+00 max=  7.5684E-07 Level= 76 Tracer from ALE()
NOTE from PE     0: init_from_Z: min=  0.0000E+00 max=  7.5684E-07 Level= 77 Tracer from ALE()
NOTE from PE     0: init_from_Z: min=  0.0000E+00 max=  7.5684E-07 Level= 78 Tracer from ALE()
NOTE from PE     0: init_from_Z: min=  0.0000E+00 max=  7.5684E-07 Level= 79 Tracer from ALE()
NOTE from PE     0: init_from_Z: min=  0.0000E+00 max=  7.5684E-07 Level= 80 Tracer from ALE()
NOTE from PE     0: init_from_Z: min=  0.0000E+00 max=  7.5684E-07 Level= 81 Tracer from ALE()
NOTE from PE     0: init_from_Z: min=  0.0000E+00 max=  7.5684E-07 Level= 82 Tracer from ALE()
NOTE from PE     0: init_from_Z: min=  0.0000E+00 max=  7.5684E-07 Level= 83 Tracer from ALE()
NOTE from PE     0: init_from_Z: min=  0.0000E+00 max=  7.5684E-07 Level= 84 Tracer from ALE()
NOTE from PE     0: init_from_Z: min=  0.0000E+00 max=  7.5684E-07 Level= 85 Tracer from ALE()
NOTE from PE     0: init_from_Z: min=  0.0000E+00 max=  7.5684E-07 Level= 86 Tracer from ALE()
NOTE from PE     0: init_from_Z: min=  0.0000E+00 max=  7.5684E-07 Level= 87 Tracer from ALE()
NOTE from PE     0: init_from_Z: min=  0.0000E+00 max=  7.5684E-07 Level= 88 Tracer from ALE()
NOTE from PE     0: init_from_Z: min=  0.0000E+00 max=  7.5684E-07 Level= 89 Tracer from ALE()
NOTE from PE     0: init_from_Z: min=  0.0000E+00 max=  7.5684E-07 Level= 90 Tracer from ALE()
NOTE from PE     0: init_from_Z: min=  0.0000E+00 max=  7.5684E-07 Level= 91 Tracer from ALE()
NOTE from PE     0: init_from_Z: min=  0.0000E+00 max=  7.5684E-07 Level= 92 Tracer from ALE()
NOTE from PE     0: init_from_Z: min=  0.0000E+00 max=  7.5684E-07 Level= 93 Tracer from ALE()
NOTE from PE     0: init_from_Z: min=  0.0000E+00 max=  7.5684E-07 Level= 94 Tracer from ALE()
NOTE from PE     0: init_from_Z: min=  0.0000E+00 max=  7.5684E-07 Level= 95 Tracer from ALE()
NOTE from PE     0: init_from_Z: min=  0.0000E+00 max=  7.5684E-07 Level= 96 Tracer from ALE()
NOTE from PE     0: init_from_Z: min=  0.0000E+00 max=  7.5684E-07 Level= 97 Tracer from ALE()
NOTE from PE     0: init_from_Z: min=  0.0000E+00 max=  7.5684E-07 Level= 98 Tracer from ALE()
NOTE from PE     0: init_from_Z: min=  0.0000E+00 max=  7.5684E-07 Level= 99 Tracer from ALE()
NOTE from PE     0: init_from_Z: min=  0.0000E+00 max=  7.5684E-07 Level=100 Tracer from ALE()
NOTE from PE     0: initialize_MOM_generic_tracer: initializing generic tracer zoofe using MOM_initialize_tracer_from_Z
NOTE from PE     0: init_from_Z: min=  0.0000E+00 max=  1.6873E-11 Level=  1 Tracer from ALE()
NOTE from PE     0: init_from_Z: min=  0.0000E+00 max=  1.7103E-11 Level=  2 Tracer from ALE()
NOTE from PE     0: init_from_Z: min=  0.0000E+00 max=  1.8082E-11 Level=  3 Tracer from ALE()
NOTE from PE     0: init_from_Z: min=  0.0000E+00 max=  2.0175E-11 Level=  4 Tracer from ALE()
NOTE from PE     0: init_from_Z: min=  0.0000E+00 max=  2.1960E-11 Level=  5 Tracer from ALE()
NOTE from PE     0: init_from_Z: min=  0.0000E+00 max=  2.2158E-11 Level=  6 Tracer from ALE()
NOTE from PE     0: init_from_Z: min=  0.0000E+00 max=  2.2710E-11 Level=  7 Tracer from ALE()
NOTE from PE     0: init_from_Z: min=  0.0000E+00 max=  2.3781E-11 Level=  8 Tracer from ALE()
NOTE from PE     0: init_from_Z: min=  0.0000E+00 max=  2.3812E-11 Level=  9 Tracer from ALE()
NOTE from PE     0: init_from_Z: min=  0.0000E+00 max=  2.3521E-11 Level= 10 Tracer from ALE()
NOTE from PE     0: init_from_Z: min=  0.0000E+00 max=  2.3295E-11 Level= 11 Tracer from ALE()
NOTE from PE     0: init_from_Z: min=  0.0000E+00 max=  2.3169E-11 Level= 12 Tracer from ALE()
NOTE from PE     0: init_from_Z: min=  0.0000E+00 max=  2.3125E-11 Level= 13 Tracer from ALE()
NOTE from PE     0: init_from_Z: min=  0.0000E+00 max=  2.3109E-11 Level= 14 Tracer from ALE()
NOTE from PE     0: init_from_Z: min=  0.0000E+00 max=  2.3109E-11 Level= 15 Tracer from ALE()
NOTE from PE     0: init_from_Z: min=  0.0000E+00 max=  2.3109E-11 Level= 16 Tracer from ALE()
NOTE from PE     0: init_from_Z: min=  0.0000E+00 max=  2.3109E-11 Level= 17 Tracer from ALE()
NOTE from PE     0: init_from_Z: min=  0.0000E+00 max=  2.3109E-11 Level= 18 Tracer from ALE()
NOTE from PE     0: init_from_Z: min=  0.0000E+00 max=  2.3109E-11 Level= 19 Tracer from ALE()
NOTE from PE     0: init_from_Z: min=  0.0000E+00 max=  2.3109E-11 Level= 20 Tracer from ALE()
NOTE from PE     0: init_from_Z: min=  0.0000E+00 max=  2.3109E-11 Level= 21 Tracer from ALE()
NOTE from PE     0: init_from_Z: min=  0.0000E+00 max=  2.3109E-11 Level= 22 Tracer from ALE()
NOTE from PE     0: init_from_Z: min=  0.0000E+00 max=  2.3109E-11 Level= 23 Tracer from ALE()
NOTE from PE     0: init_from_Z: min=  0.0000E+00 max=  2.3109E-11 Level= 24 Tracer from ALE()
NOTE from PE     0: init_from_Z: min=  0.0000E+00 max=  2.3109E-11 Level= 25 Tracer from ALE()
NOTE from PE     0: init_from_Z: min=  0.0000E+00 max=  2.3109E-11 Level= 26 Tracer from ALE()
NOTE from PE     0: init_from_Z: min=  0.0000E+00 max=  2.3109E-11 Level= 27 Tracer from ALE()
NOTE from PE     0: init_from_Z: min=  0.0000E+00 max=  2.3109E-11 Level= 28 Tracer from ALE()
NOTE from PE     0: init_from_Z: min=  0.0000E+00 max=  2.3109E-11 Level= 29 Tracer from ALE()
NOTE from PE     0: init_from_Z: min=  0.0000E+00 max=  2.3109E-11 Level= 30 Tracer from ALE()
NOTE from PE     0: init_from_Z: min=  0.0000E+00 max=  2.3109E-11 Level= 31 Tracer from ALE()
NOTE from PE     0: init_from_Z: min=  0.0000E+00 max=  2.3109E-11 Level= 32 Tracer from ALE()
NOTE from PE     0: init_from_Z: min=  0.0000E+00 max=  2.3109E-11 Level= 33 Tracer from ALE()
NOTE from PE     0: init_from_Z: min=  0.0000E+00 max=  2.3109E-11 Level= 34 Tracer from ALE()
NOTE from PE     0: init_from_Z: min=  0.0000E+00 max=  2.3109E-11 Level= 35 Tracer from ALE()
NOTE from PE     0: init_from_Z: min=  0.0000E+00 max=  2.3109E-11 Level= 36 Tracer from ALE()
NOTE from PE     0: init_from_Z: min=  0.0000E+00 max=  2.3109E-11 Level= 37 Tracer from ALE()
NOTE from PE     0: init_from_Z: min=  0.0000E+00 max=  2.3109E-11 Level= 38 Tracer from ALE()
NOTE from PE     0: init_from_Z: min=  0.0000E+00 max=  2.3109E-11 Level= 39 Tracer from ALE()
NOTE from PE     0: init_from_Z: min=  0.0000E+00 max=  2.3109E-11 Level= 40 Tracer from ALE()
NOTE from PE     0: init_from_Z: min=  0.0000E+00 max=  2.3109E-11 Level= 41 Tracer from ALE()
NOTE from PE     0: init_from_Z: min=  0.0000E+00 max=  2.3109E-11 Level= 42 Tracer from ALE()
NOTE from PE     0: init_from_Z: min=  0.0000E+00 max=  2.3109E-11 Level= 43 Tracer from ALE()
NOTE from PE     0: init_from_Z: min=  0.0000E+00 max=  2.3109E-11 Level= 44 Tracer from ALE()
NOTE from PE     0: init_from_Z: min=  0.0000E+00 max=  2.3109E-11 Level= 45 Tracer from ALE()
NOTE from PE     0: init_from_Z: min=  0.0000E+00 max=  2.3109E-11 Level= 46 Tracer from ALE()
NOTE from PE     0: init_from_Z: min=  0.0000E+00 max=  2.3109E-11 Level= 47 Tracer from ALE()
NOTE from PE     0: init_from_Z: min=  0.0000E+00 max=  2.3109E-11 Level= 48 Tracer from ALE()
NOTE from PE     0: init_from_Z: min=  0.0000E+00 max=  2.3109E-11 Level= 49 Tracer from ALE()
NOTE from PE     0: init_from_Z: min=  0.0000E+00 max=  2.3109E-11 Level= 50 Tracer from ALE()
NOTE from PE     0: init_from_Z: min=  0.0000E+00 max=  2.3109E-11 Level= 51 Tracer from ALE()
NOTE from PE     0: init_from_Z: min=  0.0000E+00 max=  2.3109E-11 Level= 52 Tracer from ALE()
NOTE from PE     0: init_from_Z: min=  0.0000E+00 max=  2.3109E-11 Level= 53 Tracer from ALE()
NOTE from PE     0: init_from_Z: min=  0.0000E+00 max=  2.3109E-11 Level= 54 Tracer from ALE()
NOTE from PE     0: init_from_Z: min=  0.0000E+00 max=  2.3109E-11 Level= 55 Tracer from ALE()
NOTE from PE     0: init_from_Z: min=  0.0000E+00 max=  2.3109E-11 Level= 56 Tracer from ALE()
NOTE from PE     0: init_from_Z: min=  0.0000E+00 max=  2.3109E-11 Level= 57 Tracer from ALE()
NOTE from PE     0: init_from_Z: min=  0.0000E+00 max=  2.3109E-11 Level= 58 Tracer from ALE()
NOTE from PE     0: init_from_Z: min=  0.0000E+00 max=  2.3109E-11 Level= 59 Tracer from ALE()
NOTE from PE     0: init_from_Z: min=  0.0000E+00 max=  2.3109E-11 Level= 60 Tracer from ALE()
NOTE from PE     0: init_from_Z: min=  0.0000E+00 max=  2.3109E-11 Level= 61 Tracer from ALE()
NOTE from PE     0: init_from_Z: min=  0.0000E+00 max=  2.3109E-11 Level= 62 Tracer from ALE()
NOTE from PE     0: init_from_Z: min=  0.0000E+00 max=  2.3109E-11 Level= 63 Tracer from ALE()
NOTE from PE     0: init_from_Z: min=  0.0000E+00 max=  2.3109E-11 Level= 64 Tracer from ALE()
NOTE from PE     0: init_from_Z: min=  0.0000E+00 max=  2.3109E-11 Level= 65 Tracer from ALE()
NOTE from PE     0: init_from_Z: min=  0.0000E+00 max=  2.3109E-11 Level= 66 Tracer from ALE()
NOTE from PE     0: init_from_Z: min=  0.0000E+00 max=  2.3109E-11 Level= 67 Tracer from ALE()
NOTE from PE     0: init_from_Z: min=  0.0000E+00 max=  2.3109E-11 Level= 68 Tracer from ALE()
NOTE from PE     0: init_from_Z: min=  0.0000E+00 max=  2.3109E-11 Level= 69 Tracer from ALE()
NOTE from PE     0: init_from_Z: min=  0.0000E+00 max=  2.3109E-11 Level= 70 Tracer from ALE()
NOTE from PE     0: init_from_Z: min=  0.0000E+00 max=  2.3109E-11 Level= 71 Tracer from ALE()
NOTE from PE     0: init_from_Z: min=  0.0000E+00 max=  2.3109E-11 Level= 72 Tracer from ALE()
NOTE from PE     0: init_from_Z: min=  0.0000E+00 max=  2.3109E-11 Level= 73 Tracer from ALE()
NOTE from PE     0: init_from_Z: min=  0.0000E+00 max=  2.3109E-11 Level= 74 Tracer from ALE()
NOTE from PE     0: init_from_Z: min=  0.0000E+00 max=  2.3109E-11 Level= 75 Tracer from ALE()
NOTE from PE     0: init_from_Z: min=  0.0000E+00 max=  2.3109E-11 Level= 76 Tracer from ALE()
NOTE from PE     0: init_from_Z: min=  0.0000E+00 max=  2.3109E-11 Level= 77 Tracer from ALE()
NOTE from PE     0: init_from_Z: min=  0.0000E+00 max=  2.3109E-11 Level= 78 Tracer from ALE()
NOTE from PE     0: init_from_Z: min=  0.0000E+00 max=  2.3109E-11 Level= 79 Tracer from ALE()
NOTE from PE     0: init_from_Z: min=  0.0000E+00 max=  2.3109E-11 Level= 80 Tracer from ALE()
NOTE from PE     0: init_from_Z: min=  0.0000E+00 max=  2.3109E-11 Level= 81 Tracer from ALE()
NOTE from PE     0: init_from_Z: min=  0.0000E+00 max=  2.3109E-11 Level= 82 Tracer from ALE()
NOTE from PE     0: init_from_Z: min=  0.0000E+00 max=  2.3109E-11 Level= 83 Tracer from ALE()
NOTE from PE     0: init_from_Z: min=  0.0000E+00 max=  2.3109E-11 Level= 84 Tracer from ALE()
NOTE from PE     0: init_from_Z: min=  0.0000E+00 max=  2.3109E-11 Level= 85 Tracer from ALE()
NOTE from PE     0: init_from_Z: min=  0.0000E+00 max=  2.3109E-11 Level= 86 Tracer from ALE()
NOTE from PE     0: init_from_Z: min=  0.0000E+00 max=  2.3109E-11 Level= 87 Tracer from ALE()
NOTE from PE     0: init_from_Z: min=  0.0000E+00 max=  2.3109E-11 Level= 88 Tracer from ALE()
NOTE from PE     0: init_from_Z: min=  0.0000E+00 max=  2.3109E-11 Level= 89 Tracer from ALE()
NOTE from PE     0: init_from_Z: min=  0.0000E+00 max=  2.3109E-11 Level= 90 Tracer from ALE()
NOTE from PE     0: init_from_Z: min=  0.0000E+00 max=  2.3109E-11 Level= 91 Tracer from ALE()
NOTE from PE     0: init_from_Z: min=  0.0000E+00 max=  2.3109E-11 Level= 92 Tracer from ALE()
NOTE from PE     0: init_from_Z: min=  0.0000E+00 max=  2.3109E-11 Level= 93 Tracer from ALE()
NOTE from PE     0: init_from_Z: min=  0.0000E+00 max=  2.3109E-11 Level= 94 Tracer from ALE()
NOTE from PE     0: init_from_Z: min=  0.0000E+00 max=  2.3109E-11 Level= 95 Tracer from ALE()
NOTE from PE     0: init_from_Z: min=  0.0000E+00 max=  2.3109E-11 Level= 96 Tracer from ALE()
NOTE from PE     0: init_from_Z: min=  0.0000E+00 max=  2.3109E-11 Level= 97 Tracer from ALE()
NOTE from PE     0: init_from_Z: min=  0.0000E+00 max=  2.3109E-11 Level= 98 Tracer from ALE()
NOTE from PE     0: init_from_Z: min=  0.0000E+00 max=  2.3109E-11 Level= 99 Tracer from ALE()
NOTE from PE     0: init_from_Z: min=  0.0000E+00 max=  2.3109E-11 Level=100 Tracer from ALE()
NOTE from PE     0: initialize_MOM_generic_tracer: initializing generic tracer zoo using MOM_initialize_tracer_from_Z
NOTE from PE     0: init_from_Z: min=  0.0000E+00 max=  6.8020E-07 Level=  1 Tracer from ALE()
NOTE from PE     0: init_from_Z: min=  0.0000E+00 max=  5.5645E-07 Level=  2 Tracer from ALE()
NOTE from PE     0: init_from_Z: min=  0.0000E+00 max=  5.1132E-07 Level=  3 Tracer from ALE()
NOTE from PE     0: init_from_Z: min=  0.0000E+00 max=  5.6227E-07 Level=  4 Tracer from ALE()
NOTE from PE     0: init_from_Z: min=  0.0000E+00 max=  6.2081E-07 Level=  5 Tracer from ALE()
NOTE from PE     0: init_from_Z: min=  0.0000E+00 max=  6.7476E-07 Level=  6 Tracer from ALE()
NOTE from PE     0: init_from_Z: min=  0.0000E+00 max=  6.8913E-07 Level=  7 Tracer from ALE()
NOTE from PE     0: init_from_Z: min=  0.0000E+00 max=  7.1135E-07 Level=  8 Tracer from ALE()
NOTE from PE     0: init_from_Z: min=  0.0000E+00 max=  6.9749E-07 Level=  9 Tracer from ALE()
NOTE from PE     0: init_from_Z: min=  0.0000E+00 max=  6.8913E-07 Level= 10 Tracer from ALE()
NOTE from PE     0: init_from_Z: min=  0.0000E+00 max=  6.8913E-07 Level= 11 Tracer from ALE()
NOTE from PE     0: init_from_Z: min=  0.0000E+00 max=  6.8913E-07 Level= 12 Tracer from ALE()
NOTE from PE     0: init_from_Z: min=  0.0000E+00 max=  6.8913E-07 Level= 13 Tracer from ALE()
NOTE from PE     0: init_from_Z: min=  0.0000E+00 max=  6.8913E-07 Level= 14 Tracer from ALE()
NOTE from PE     0: init_from_Z: min=  0.0000E+00 max=  6.8913E-07 Level= 15 Tracer from ALE()
NOTE from PE     0: init_from_Z: min=  0.0000E+00 max=  6.8913E-07 Level= 16 Tracer from ALE()
NOTE from PE     0: init_from_Z: min=  0.0000E+00 max=  6.8913E-07 Level= 17 Tracer from ALE()
NOTE from PE     0: init_from_Z: min=  0.0000E+00 max=  6.8913E-07 Level= 18 Tracer from ALE()
NOTE from PE     0: init_from_Z: min=  0.0000E+00 max=  6.8913E-07 Level= 19 Tracer from ALE()
NOTE from PE     0: init_from_Z: min=  0.0000E+00 max=  6.8913E-07 Level= 20 Tracer from ALE()
NOTE from PE     0: init_from_Z: min=  0.0000E+00 max=  6.8913E-07 Level= 21 Tracer from ALE()
NOTE from PE     0: init_from_Z: min=  0.0000E+00 max=  6.8913E-07 Level= 22 Tracer from ALE()
NOTE from PE     0: init_from_Z: min=  0.0000E+00 max=  6.8913E-07 Level= 23 Tracer from ALE()
NOTE from PE     0: init_from_Z: min=  0.0000E+00 max=  6.8913E-07 Level= 24 Tracer from ALE()
NOTE from PE     0: init_from_Z: min=  0.0000E+00 max=  6.8913E-07 Level= 25 Tracer from ALE()
NOTE from PE     0: init_from_Z: min=  0.0000E+00 max=  6.8913E-07 Level= 26 Tracer from ALE()
NOTE from PE     0: init_from_Z: min=  0.0000E+00 max=  6.8913E-07 Level= 27 Tracer from ALE()
NOTE from PE     0: init_from_Z: min=  0.0000E+00 max=  6.8913E-07 Level= 28 Tracer from ALE()
NOTE from PE     0: init_from_Z: min=  0.0000E+00 max=  6.8913E-07 Level= 29 Tracer from ALE()
NOTE from PE     0: init_from_Z: min=  0.0000E+00 max=  6.8913E-07 Level= 30 Tracer from ALE()
NOTE from PE     0: init_from_Z: min=  0.0000E+00 max=  6.8913E-07 Level= 31 Tracer from ALE()
NOTE from PE     0: init_from_Z: min=  0.0000E+00 max=  6.8913E-07 Level= 32 Tracer from ALE()
NOTE from PE     0: init_from_Z: min=  0.0000E+00 max=  6.8913E-07 Level= 33 Tracer from ALE()
NOTE from PE     0: init_from_Z: min=  0.0000E+00 max=  6.8913E-07 Level= 34 Tracer from ALE()
NOTE from PE     0: init_from_Z: min=  0.0000E+00 max=  6.8913E-07 Level= 35 Tracer from ALE()
NOTE from PE     0: init_from_Z: min=  0.0000E+00 max=  6.8913E-07 Level= 36 Tracer from ALE()
NOTE from PE     0: init_from_Z: min=  0.0000E+00 max=  6.8913E-07 Level= 37 Tracer from ALE()
NOTE from PE     0: init_from_Z: min=  0.0000E+00 max=  6.8913E-07 Level= 38 Tracer from ALE()
NOTE from PE     0: init_from_Z: min=  0.0000E+00 max=  6.8913E-07 Level= 39 Tracer from ALE()
NOTE from PE     0: init_from_Z: min=  0.0000E+00 max=  6.8913E-07 Level= 40 Tracer from ALE()
NOTE from PE     0: init_from_Z: min=  0.0000E+00 max=  6.8913E-07 Level= 41 Tracer from ALE()
NOTE from PE     0: init_from_Z: min=  0.0000E+00 max=  6.8913E-07 Level= 42 Tracer from ALE()
NOTE from PE     0: init_from_Z: min=  0.0000E+00 max=  6.8913E-07 Level= 43 Tracer from ALE()
NOTE from PE     0: init_from_Z: min=  0.0000E+00 max=  6.8913E-07 Level= 44 Tracer from ALE()
NOTE from PE     0: init_from_Z: min=  0.0000E+00 max=  6.8913E-07 Level= 45 Tracer from ALE()
NOTE from PE     0: init_from_Z: min=  0.0000E+00 max=  6.8913E-07 Level= 46 Tracer from ALE()
NOTE from PE     0: init_from_Z: min=  0.0000E+00 max=  6.8913E-07 Level= 47 Tracer from ALE()
NOTE from PE     0: init_from_Z: min=  0.0000E+00 max=  6.8913E-07 Level= 48 Tracer from ALE()
NOTE from PE     0: init_from_Z: min=  0.0000E+00 max=  6.8913E-07 Level= 49 Tracer from ALE()
NOTE from PE     0: init_from_Z: min=  0.0000E+00 max=  6.8913E-07 Level= 50 Tracer from ALE()
NOTE from PE     0: init_from_Z: min=  0.0000E+00 max=  6.8913E-07 Level= 51 Tracer from ALE()
NOTE from PE     0: init_from_Z: min=  0.0000E+00 max=  6.8913E-07 Level= 52 Tracer from ALE()
NOTE from PE     0: init_from_Z: min=  0.0000E+00 max=  6.8913E-07 Level= 53 Tracer from ALE()
NOTE from PE     0: init_from_Z: min=  0.0000E+00 max=  6.8913E-07 Level= 54 Tracer from ALE()
NOTE from PE     0: init_from_Z: min=  0.0000E+00 max=  6.8913E-07 Level= 55 Tracer from ALE()
NOTE from PE     0: init_from_Z: min=  0.0000E+00 max=  6.8913E-07 Level= 56 Tracer from ALE()
NOTE from PE     0: init_from_Z: min=  0.0000E+00 max=  6.8913E-07 Level= 57 Tracer from ALE()
NOTE from PE     0: init_from_Z: min=  0.0000E+00 max=  6.8913E-07 Level= 58 Tracer from ALE()
NOTE from PE     0: init_from_Z: min=  0.0000E+00 max=  6.8913E-07 Level= 59 Tracer from ALE()
NOTE from PE     0: init_from_Z: min=  0.0000E+00 max=  6.8913E-07 Level= 60 Tracer from ALE()
NOTE from PE     0: init_from_Z: min=  0.0000E+00 max=  6.8913E-07 Level= 61 Tracer from ALE()
NOTE from PE     0: init_from_Z: min=  0.0000E+00 max=  6.8913E-07 Level= 62 Tracer from ALE()
NOTE from PE     0: init_from_Z: min=  0.0000E+00 max=  6.8913E-07 Level= 63 Tracer from ALE()
NOTE from PE     0: init_from_Z: min=  0.0000E+00 max=  6.8913E-07 Level= 64 Tracer from ALE()
NOTE from PE     0: init_from_Z: min=  0.0000E+00 max=  6.8913E-07 Level= 65 Tracer from ALE()
NOTE from PE     0: init_from_Z: min=  0.0000E+00 max=  6.8913E-07 Level= 66 Tracer from ALE()
NOTE from PE     0: init_from_Z: min=  0.0000E+00 max=  6.8913E-07 Level= 67 Tracer from ALE()
NOTE from PE     0: init_from_Z: min=  0.0000E+00 max=  6.8913E-07 Level= 68 Tracer from ALE()
NOTE from PE     0: init_from_Z: min=  0.0000E+00 max=  6.8913E-07 Level= 69 Tracer from ALE()
NOTE from PE     0: init_from_Z: min=  0.0000E+00 max=  6.8913E-07 Level= 70 Tracer from ALE()
NOTE from PE     0: init_from_Z: min=  0.0000E+00 max=  6.8913E-07 Level= 71 Tracer from ALE()
NOTE from PE     0: init_from_Z: min=  0.0000E+00 max=  6.8913E-07 Level= 72 Tracer from ALE()
NOTE from PE     0: init_from_Z: min=  0.0000E+00 max=  6.8913E-07 Level= 73 Tracer from ALE()
NOTE from PE     0: init_from_Z: min=  0.0000E+00 max=  6.8913E-07 Level= 74 Tracer from ALE()
NOTE from PE     0: init_from_Z: min=  0.0000E+00 max=  6.8913E-07 Level= 75 Tracer from ALE()
NOTE from PE     0: init_from_Z: min=  0.0000E+00 max=  6.8913E-07 Level= 76 Tracer from ALE()
NOTE from PE     0: init_from_Z: min=  0.0000E+00 max=  6.8913E-07 Level= 77 Tracer from ALE()
NOTE from PE     0: init_from_Z: min=  0.0000E+00 max=  6.8913E-07 Level= 78 Tracer from ALE()
NOTE from PE     0: init_from_Z: min=  0.0000E+00 max=  6.8913E-07 Level= 79 Tracer from ALE()
NOTE from PE     0: init_from_Z: min=  0.0000E+00 max=  6.8913E-07 Level= 80 Tracer from ALE()
NOTE from PE     0: init_from_Z: min=  0.0000E+00 max=  6.8913E-07 Level= 81 Tracer from ALE()
NOTE from PE     0: init_from_Z: min=  0.0000E+00 max=  6.8913E-07 Level= 82 Tracer from ALE()
NOTE from PE     0: init_from_Z: min=  0.0000E+00 max=  6.8913E-07 Level= 83 Tracer from ALE()
NOTE from PE     0: init_from_Z: min=  0.0000E+00 max=  6.8913E-07 Level= 84 Tracer from ALE()
NOTE from PE     0: init_from_Z: min=  0.0000E+00 max=  6.8913E-07 Level= 85 Tracer from ALE()
NOTE from PE     0: init_from_Z: min=  0.0000E+00 max=  6.8913E-07 Level= 86 Tracer from ALE()
NOTE from PE     0: init_from_Z: min=  0.0000E+00 max=  6.8913E-07 Level= 87 Tracer from ALE()
NOTE from PE     0: init_from_Z: min=  0.0000E+00 max=  6.8913E-07 Level= 88 Tracer from ALE()
NOTE from PE     0: init_from_Z: min=  0.0000E+00 max=  6.8913E-07 Level= 89 Tracer from ALE()
NOTE from PE     0: init_from_Z: min=  0.0000E+00 max=  6.8913E-07 Level= 90 Tracer from ALE()
NOTE from PE     0: init_from_Z: min=  0.0000E+00 max=  6.8913E-07 Level= 91 Tracer from ALE()
NOTE from PE     0: init_from_Z: min=  0.0000E+00 max=  6.8913E-07 Level= 92 Tracer from ALE()
NOTE from PE     0: init_from_Z: min=  0.0000E+00 max=  6.8913E-07 Level= 93 Tracer from ALE()
NOTE from PE     0: init_from_Z: min=  0.0000E+00 max=  6.8913E-07 Level= 94 Tracer from ALE()
NOTE from PE     0: init_from_Z: min=  0.0000E+00 max=  6.8913E-07 Level= 95 Tracer from ALE()
NOTE from PE     0: init_from_Z: min=  0.0000E+00 max=  6.8913E-07 Level= 96 Tracer from ALE()
NOTE from PE     0: init_from_Z: min=  0.0000E+00 max=  6.8913E-07 Level= 97 Tracer from ALE()
NOTE from PE     0: init_from_Z: min=  0.0000E+00 max=  6.8913E-07 Level= 98 Tracer from ALE()
NOTE from PE     0: init_from_Z: min=  0.0000E+00 max=  6.8913E-07 Level= 99 Tracer from ALE()
NOTE from PE     0: init_from_Z: min=  0.0000E+00 max=  6.8913E-07 Level=100 Tracer from ALE()
NOTE from PE     0: initialize_MOM_generic_tracer: initializing generic tracer o2 using MOM_initialize_tracer_from_Z
NOTE from PE     0: init_from_Z: min=  0.0000E+00 max=  2.0362E-04 Level=  1 Tracer from ALE()
NOTE from PE     0: init_from_Z: min=  0.0000E+00 max=  2.0367E-04 Level=  2 Tracer from ALE()
NOTE from PE     0: init_from_Z: min=  0.0000E+00 max=  2.0371E-04 Level=  3 Tracer from ALE()
NOTE from PE     0: init_from_Z: min=  0.0000E+00 max=  2.0381E-04 Level=  4 Tracer from ALE()
NOTE from PE     0: init_from_Z: min=  0.0000E+00 max=  2.0427E-04 Level=  5 Tracer from ALE()
NOTE from PE     0: init_from_Z: min=  0.0000E+00 max=  2.0524E-04 Level=  6 Tracer from ALE()
NOTE from PE     0: init_from_Z: min=  0.0000E+00 max=  2.0603E-04 Level=  7 Tracer from ALE()
NOTE from PE     0: init_from_Z: min=  0.0000E+00 max=  2.0644E-04 Level=  8 Tracer from ALE()
NOTE from PE     0: init_from_Z: min=  0.0000E+00 max=  2.0676E-04 Level=  9 Tracer from ALE()
NOTE from PE     0: init_from_Z: min=  0.0000E+00 max=  2.0707E-04 Level= 10 Tracer from ALE()
NOTE from PE     0: init_from_Z: min=  0.0000E+00 max=  2.0734E-04 Level= 11 Tracer from ALE()
NOTE from PE     0: init_from_Z: min=  0.0000E+00 max=  2.0754E-04 Level= 12 Tracer from ALE()
NOTE from PE     0: init_from_Z: min=  0.0000E+00 max=  2.0771E-04 Level= 13 Tracer from ALE()
NOTE from PE     0: init_from_Z: min=  0.0000E+00 max=  2.0817E-04 Level= 14 Tracer from ALE()
NOTE from PE     0: init_from_Z: min=  0.0000E+00 max=  2.0851E-04 Level= 15 Tracer from ALE()
NOTE from PE     0: init_from_Z: min=  0.0000E+00 max=  2.0873E-04 Level= 16 Tracer from ALE()
NOTE from PE     0: init_from_Z: min=  0.0000E+00 max=  2.0909E-04 Level= 17 Tracer from ALE()
NOTE from PE     0: init_from_Z: min=  0.0000E+00 max=  2.0948E-04 Level= 18 Tracer from ALE()
NOTE from PE     0: init_from_Z: min=  0.0000E+00 max=  2.1013E-04 Level= 19 Tracer from ALE()
NOTE from PE     0: init_from_Z: min=  0.0000E+00 max=  2.1119E-04 Level= 20 Tracer from ALE()
NOTE from PE     0: init_from_Z: min=  0.0000E+00 max=  2.1274E-04 Level= 21 Tracer from ALE()
NOTE from PE     0: init_from_Z: min=  0.0000E+00 max=  2.1454E-04 Level= 22 Tracer from ALE()
NOTE from PE     0: init_from_Z: min=  0.0000E+00 max=  2.1612E-04 Level= 23 Tracer from ALE()
NOTE from PE     0: init_from_Z: min=  0.0000E+00 max=  2.1732E-04 Level= 24 Tracer from ALE()
NOTE from PE     0: init_from_Z: min=  0.0000E+00 max=  2.1791E-04 Level= 25 Tracer from ALE()
NOTE from PE     0: init_from_Z: min=  0.0000E+00 max=  2.1833E-04 Level= 26 Tracer from ALE()
NOTE from PE     0: init_from_Z: min=  0.0000E+00 max=  2.1859E-04 Level= 27 Tracer from ALE()
NOTE from PE     0: init_from_Z: min=  0.0000E+00 max=  2.1865E-04 Level= 28 Tracer from ALE()
NOTE from PE     0: init_from_Z: min=  0.0000E+00 max=  2.1866E-04 Level= 29 Tracer from ALE()
NOTE from PE     0: init_from_Z: min=  0.0000E+00 max=  2.1860E-04 Level= 30 Tracer from ALE()
NOTE from PE     0: init_from_Z: min=  0.0000E+00 max=  2.1847E-04 Level= 31 Tracer from ALE()
NOTE from PE     0: init_from_Z: min=  0.0000E+00 max=  2.1850E-04 Level= 32 Tracer from ALE()
NOTE from PE     0: init_from_Z: min=  0.0000E+00 max=  2.1867E-04 Level= 33 Tracer from ALE()
NOTE from PE     0: init_from_Z: min=  0.0000E+00 max=  2.1907E-04 Level= 34 Tracer from ALE()
NOTE from PE     0: init_from_Z: min=  0.0000E+00 max=  2.1982E-04 Level= 35 Tracer from ALE()
NOTE from PE     0: init_from_Z: min=  0.0000E+00 max=  2.2083E-04 Level= 36 Tracer from ALE()
NOTE from PE     0: init_from_Z: min=  0.0000E+00 max=  2.2237E-04 Level= 37 Tracer from ALE()
NOTE from PE     0: init_from_Z: min=  0.0000E+00 max=  2.2391E-04 Level= 38 Tracer from ALE()
NOTE from PE     0: init_from_Z: min=  0.0000E+00 max=  2.2531E-04 Level= 39 Tracer from ALE()
NOTE from PE     0: init_from_Z: min=  0.0000E+00 max=  2.2612E-04 Level= 40 Tracer from ALE()
NOTE from PE     0: init_from_Z: min=  0.0000E+00 max=  2.2630E-04 Level= 41 Tracer from ALE()
NOTE from PE     0: init_from_Z: min=  0.0000E+00 max=  2.2603E-04 Level= 42 Tracer from ALE()
NOTE from PE     0: init_from_Z: min=  0.0000E+00 max=  2.2517E-04 Level= 43 Tracer from ALE()
NOTE from PE     0: init_from_Z: min=  0.0000E+00 max=  2.2254E-04 Level= 44 Tracer from ALE()
NOTE from PE     0: init_from_Z: min=  0.0000E+00 max=  2.1688E-04 Level= 45 Tracer from ALE()
NOTE from PE     0: init_from_Z: min=  0.0000E+00 max=  2.1210E-04 Level= 46 Tracer from ALE()
NOTE from PE     0: init_from_Z: min=  0.0000E+00 max=  2.1210E-04 Level= 47 Tracer from ALE()
NOTE from PE     0: init_from_Z: min=  0.0000E+00 max=  2.1210E-04 Level= 48 Tracer from ALE()
NOTE from PE     0: init_from_Z: min=  0.0000E+00 max=  2.1210E-04 Level= 49 Tracer from ALE()
NOTE from PE     0: init_from_Z: min=  0.0000E+00 max=  2.1210E-04 Level= 50 Tracer from ALE()
NOTE from PE     0: init_from_Z: min=  0.0000E+00 max=  2.1210E-04 Level= 51 Tracer from ALE()
NOTE from PE     0: init_from_Z: min=  0.0000E+00 max=  2.1210E-04 Level= 52 Tracer from ALE()
NOTE from PE     0: init_from_Z: min=  0.0000E+00 max=  2.1210E-04 Level= 53 Tracer from ALE()
NOTE from PE     0: init_from_Z: min=  0.0000E+00 max=  2.1210E-04 Level= 54 Tracer from ALE()
NOTE from PE     0: init_from_Z: min=  0.0000E+00 max=  2.1210E-04 Level= 55 Tracer from ALE()
NOTE from PE     0: init_from_Z: min=  0.0000E+00 max=  2.1210E-04 Level= 56 Tracer from ALE()
NOTE from PE     0: init_from_Z: min=  0.0000E+00 max=  2.1210E-04 Level= 57 Tracer from ALE()
NOTE from PE     0: init_from_Z: min=  0.0000E+00 max=  2.1210E-04 Level= 58 Tracer from ALE()
NOTE from PE     0: init_from_Z: min=  0.0000E+00 max=  2.1210E-04 Level= 59 Tracer from ALE()
NOTE from PE     0: init_from_Z: min=  0.0000E+00 max=  2.1210E-04 Level= 60 Tracer from ALE()
NOTE from PE     0: init_from_Z: min=  0.0000E+00 max=  2.1210E-04 Level= 61 Tracer from ALE()
NOTE from PE     0: init_from_Z: min=  0.0000E+00 max=  2.1210E-04 Level= 62 Tracer from ALE()
NOTE from PE     0: init_from_Z: min=  0.0000E+00 max=  2.1210E-04 Level= 63 Tracer from ALE()
NOTE from PE     0: init_from_Z: min=  0.0000E+00 max=  2.1210E-04 Level= 64 Tracer from ALE()
NOTE from PE     0: init_from_Z: min=  0.0000E+00 max=  2.1210E-04 Level= 65 Tracer from ALE()
NOTE from PE     0: init_from_Z: min=  0.0000E+00 max=  2.1210E-04 Level= 66 Tracer from ALE()
NOTE from PE     0: init_from_Z: min=  0.0000E+00 max=  2.1210E-04 Level= 67 Tracer from ALE()
NOTE from PE     0: init_from_Z: min=  0.0000E+00 max=  2.1210E-04 Level= 68 Tracer from ALE()
NOTE from PE     0: init_from_Z: min=  0.0000E+00 max=  2.1210E-04 Level= 69 Tracer from ALE()
NOTE from PE     0: init_from_Z: min=  0.0000E+00 max=  2.1210E-04 Level= 70 Tracer from ALE()
NOTE from PE     0: init_from_Z: min=  0.0000E+00 max=  2.1210E-04 Level= 71 Tracer from ALE()
NOTE from PE     0: init_from_Z: min=  0.0000E+00 max=  2.1210E-04 Level= 72 Tracer from ALE()
NOTE from PE     0: init_from_Z: min=  0.0000E+00 max=  2.1210E-04 Level= 73 Tracer from ALE()
NOTE from PE     0: init_from_Z: min=  0.0000E+00 max=  2.1210E-04 Level= 74 Tracer from ALE()
NOTE from PE     0: init_from_Z: min=  0.0000E+00 max=  2.1210E-04 Level= 75 Tracer from ALE()
NOTE from PE     0: init_from_Z: min=  0.0000E+00 max=  2.1210E-04 Level= 76 Tracer from ALE()
NOTE from PE     0: init_from_Z: min=  0.0000E+00 max=  2.1210E-04 Level= 77 Tracer from ALE()
NOTE from PE     0: init_from_Z: min=  0.0000E+00 max=  2.1210E-04 Level= 78 Tracer from ALE()
NOTE from PE     0: init_from_Z: min=  0.0000E+00 max=  2.1210E-04 Level= 79 Tracer from ALE()
NOTE from PE     0: init_from_Z: min=  0.0000E+00 max=  2.1210E-04 Level= 80 Tracer from ALE()
NOTE from PE     0: init_from_Z: min=  0.0000E+00 max=  2.1210E-04 Level= 81 Tracer from ALE()
NOTE from PE     0: init_from_Z: min=  0.0000E+00 max=  2.1210E-04 Level= 82 Tracer from ALE()
NOTE from PE     0: init_from_Z: min=  0.0000E+00 max=  2.1210E-04 Level= 83 Tracer from ALE()
NOTE from PE     0: init_from_Z: min=  0.0000E+00 max=  2.1210E-04 Level= 84 Tracer from ALE()
NOTE from PE     0: init_from_Z: min=  0.0000E+00 max=  2.1210E-04 Level= 85 Tracer from ALE()
NOTE from PE     0: init_from_Z: min=  0.0000E+00 max=  2.1210E-04 Level= 86 Tracer from ALE()
NOTE from PE     0: init_from_Z: min=  0.0000E+00 max=  2.1210E-04 Level= 87 Tracer from ALE()
NOTE from PE     0: init_from_Z: min=  0.0000E+00 max=  2.1210E-04 Level= 88 Tracer from ALE()
NOTE from PE     0: init_from_Z: min=  0.0000E+00 max=  2.1210E-04 Level= 89 Tracer from ALE()
NOTE from PE     0: init_from_Z: min=  0.0000E+00 max=  2.1210E-04 Level= 90 Tracer from ALE()
NOTE from PE     0: init_from_Z: min=  0.0000E+00 max=  2.1210E-04 Level= 91 Tracer from ALE()
NOTE from PE     0: init_from_Z: min=  0.0000E+00 max=  2.1210E-04 Level= 92 Tracer from ALE()
NOTE from PE     0: init_from_Z: min=  0.0000E+00 max=  2.1210E-04 Level= 93 Tracer from ALE()
NOTE from PE     0: init_from_Z: min=  0.0000E+00 max=  2.1210E-04 Level= 94 Tracer from ALE()
NOTE from PE     0: init_from_Z: min=  0.0000E+00 max=  2.1210E-04 Level= 95 Tracer from ALE()
NOTE from PE     0: init_from_Z: min=  0.0000E+00 max=  2.1210E-04 Level= 96 Tracer from ALE()
NOTE from PE     0: init_from_Z: min=  0.0000E+00 max=  2.1210E-04 Level= 97 Tracer from ALE()
NOTE from PE     0: init_from_Z: min=  0.0000E+00 max=  2.1210E-04 Level= 98 Tracer from ALE()
NOTE from PE     0: init_from_Z: min=  0.0000E+00 max=  2.1210E-04 Level= 99 Tracer from ALE()
NOTE from PE     0: init_from_Z: min=  0.0000E+00 max=  2.1210E-04 Level=100 Tracer from ALE()
NOTE from PE     0: initialize_MOM_generic_tracer: initializing generic tracer phyfe using MOM_initialize_tracer_from_Z
NOTE from PE     0: init_from_Z: min=  0.0000E+00 max=  2.0669E-10 Level=  1 Tracer from ALE()
NOTE from PE     0: init_from_Z: min=  0.0000E+00 max=  2.0661E-10 Level=  2 Tracer from ALE()
NOTE from PE     0: init_from_Z: min=  0.0000E+00 max=  2.1902E-10 Level=  3 Tracer from ALE()
NOTE from PE     0: init_from_Z: min=  0.0000E+00 max=  2.5289E-10 Level=  4 Tracer from ALE()
NOTE from PE     0: init_from_Z: min=  0.0000E+00 max=  2.7530E-10 Level=  5 Tracer from ALE()
NOTE from PE     0: init_from_Z: min=  0.0000E+00 max=  2.7223E-10 Level=  6 Tracer from ALE()
NOTE from PE     0: init_from_Z: min=  0.0000E+00 max=  2.8441E-10 Level=  7 Tracer from ALE()
NOTE from PE     0: init_from_Z: min=  0.0000E+00 max=  2.8155E-10 Level=  8 Tracer from ALE()
NOTE from PE     0: init_from_Z: min=  0.0000E+00 max=  2.8155E-10 Level=  9 Tracer from ALE()
NOTE from PE     0: init_from_Z: min=  0.0000E+00 max=  2.8155E-10 Level= 10 Tracer from ALE()
NOTE from PE     0: init_from_Z: min=  0.0000E+00 max=  2.8155E-10 Level= 11 Tracer from ALE()
NOTE from PE     0: init_from_Z: min=  0.0000E+00 max=  2.8155E-10 Level= 12 Tracer from ALE()
NOTE from PE     0: init_from_Z: min=  0.0000E+00 max=  2.8155E-10 Level= 13 Tracer from ALE()
NOTE from PE     0: init_from_Z: min=  0.0000E+00 max=  2.8155E-10 Level= 14 Tracer from ALE()
NOTE from PE     0: init_from_Z: min=  0.0000E+00 max=  2.8155E-10 Level= 15 Tracer from ALE()
NOTE from PE     0: init_from_Z: min=  0.0000E+00 max=  2.8155E-10 Level= 16 Tracer from ALE()
NOTE from PE     0: init_from_Z: min=  0.0000E+00 max=  2.8155E-10 Level= 17 Tracer from ALE()
NOTE from PE     0: init_from_Z: min=  0.0000E+00 max=  2.8155E-10 Level= 18 Tracer from ALE()
NOTE from PE     0: init_from_Z: min=  0.0000E+00 max=  2.8155E-10 Level= 19 Tracer from ALE()
NOTE from PE     0: init_from_Z: min=  0.0000E+00 max=  2.8155E-10 Level= 20 Tracer from ALE()
NOTE from PE     0: init_from_Z: min=  0.0000E+00 max=  2.8155E-10 Level= 21 Tracer from ALE()
NOTE from PE     0: init_from_Z: min=  0.0000E+00 max=  2.8155E-10 Level= 22 Tracer from ALE()
NOTE from PE     0: init_from_Z: min=  0.0000E+00 max=  2.8155E-10 Level= 23 Tracer from ALE()
NOTE from PE     0: init_from_Z: min=  0.0000E+00 max=  2.8155E-10 Level= 24 Tracer from ALE()
NOTE from PE     0: init_from_Z: min=  0.0000E+00 max=  2.8155E-10 Level= 25 Tracer from ALE()
NOTE from PE     0: init_from_Z: min=  0.0000E+00 max=  2.8155E-10 Level= 26 Tracer from ALE()
NOTE from PE     0: init_from_Z: min=  0.0000E+00 max=  2.8155E-10 Level= 27 Tracer from ALE()
NOTE from PE     0: init_from_Z: min=  0.0000E+00 max=  2.8155E-10 Level= 28 Tracer from ALE()
NOTE from PE     0: init_from_Z: min=  0.0000E+00 max=  2.8155E-10 Level= 29 Tracer from ALE()
NOTE from PE     0: init_from_Z: min=  0.0000E+00 max=  2.8155E-10 Level= 30 Tracer from ALE()
NOTE from PE     0: init_from_Z: min=  0.0000E+00 max=  2.8155E-10 Level= 31 Tracer from ALE()
NOTE from PE     0: init_from_Z: min=  0.0000E+00 max=  2.8155E-10 Level= 32 Tracer from ALE()
NOTE from PE     0: init_from_Z: min=  0.0000E+00 max=  2.8155E-10 Level= 33 Tracer from ALE()
NOTE from PE     0: init_from_Z: min=  0.0000E+00 max=  2.8155E-10 Level= 34 Tracer from ALE()
NOTE from PE     0: init_from_Z: min=  0.0000E+00 max=  2.8155E-10 Level= 35 Tracer from ALE()
NOTE from PE     0: init_from_Z: min=  0.0000E+00 max=  2.8155E-10 Level= 36 Tracer from ALE()
NOTE from PE     0: init_from_Z: min=  0.0000E+00 max=  2.8155E-10 Level= 37 Tracer from ALE()
NOTE from PE     0: init_from_Z: min=  0.0000E+00 max=  2.8155E-10 Level= 38 Tracer from ALE()
NOTE from PE     0: init_from_Z: min=  0.0000E+00 max=  2.8155E-10 Level= 39 Tracer from ALE()
NOTE from PE     0: init_from_Z: min=  0.0000E+00 max=  2.8155E-10 Level= 40 Tracer from ALE()
NOTE from PE     0: init_from_Z: min=  0.0000E+00 max=  2.8155E-10 Level= 41 Tracer from ALE()
NOTE from PE     0: init_from_Z: min=  0.0000E+00 max=  2.8155E-10 Level= 42 Tracer from ALE()
NOTE from PE     0: init_from_Z: min=  0.0000E+00 max=  2.8155E-10 Level= 43 Tracer from ALE()
NOTE from PE     0: init_from_Z: min=  0.0000E+00 max=  2.8155E-10 Level= 44 Tracer from ALE()
NOTE from PE     0: init_from_Z: min=  0.0000E+00 max=  2.8155E-10 Level= 45 Tracer from ALE()
NOTE from PE     0: init_from_Z: min=  0.0000E+00 max=  2.8155E-10 Level= 46 Tracer from ALE()
NOTE from PE     0: init_from_Z: min=  0.0000E+00 max=  2.8155E-10 Level= 47 Tracer from ALE()
NOTE from PE     0: init_from_Z: min=  0.0000E+00 max=  2.8155E-10 Level= 48 Tracer from ALE()
NOTE from PE     0: init_from_Z: min=  0.0000E+00 max=  2.8155E-10 Level= 49 Tracer from ALE()
NOTE from PE     0: init_from_Z: min=  0.0000E+00 max=  2.8155E-10 Level= 50 Tracer from ALE()
NOTE from PE     0: init_from_Z: min=  0.0000E+00 max=  2.8155E-10 Level= 51 Tracer from ALE()
NOTE from PE     0: init_from_Z: min=  0.0000E+00 max=  2.8155E-10 Level= 52 Tracer from ALE()
NOTE from PE     0: init_from_Z: min=  0.0000E+00 max=  2.8155E-10 Level= 53 Tracer from ALE()
NOTE from PE     0: init_from_Z: min=  0.0000E+00 max=  2.8155E-10 Level= 54 Tracer from ALE()
NOTE from PE     0: init_from_Z: min=  0.0000E+00 max=  2.8155E-10 Level= 55 Tracer from ALE()
NOTE from PE     0: init_from_Z: min=  0.0000E+00 max=  2.8155E-10 Level= 56 Tracer from ALE()
NOTE from PE     0: init_from_Z: min=  0.0000E+00 max=  2.8155E-10 Level= 57 Tracer from ALE()
NOTE from PE     0: init_from_Z: min=  0.0000E+00 max=  2.8155E-10 Level= 58 Tracer from ALE()
NOTE from PE     0: init_from_Z: min=  0.0000E+00 max=  2.8155E-10 Level= 59 Tracer from ALE()
NOTE from PE     0: init_from_Z: min=  0.0000E+00 max=  2.8155E-10 Level= 60 Tracer from ALE()
NOTE from PE     0: init_from_Z: min=  0.0000E+00 max=  2.8155E-10 Level= 61 Tracer from ALE()
NOTE from PE     0: init_from_Z: min=  0.0000E+00 max=  2.8155E-10 Level= 62 Tracer from ALE()
NOTE from PE     0: init_from_Z: min=  0.0000E+00 max=  2.8155E-10 Level= 63 Tracer from ALE()
NOTE from PE     0: init_from_Z: min=  0.0000E+00 max=  2.8155E-10 Level= 64 Tracer from ALE()
NOTE from PE     0: init_from_Z: min=  0.0000E+00 max=  2.8155E-10 Level= 65 Tracer from ALE()
NOTE from PE     0: init_from_Z: min=  0.0000E+00 max=  2.8155E-10 Level= 66 Tracer from ALE()
NOTE from PE     0: init_from_Z: min=  0.0000E+00 max=  2.8155E-10 Level= 67 Tracer from ALE()
NOTE from PE     0: init_from_Z: min=  0.0000E+00 max=  2.8155E-10 Level= 68 Tracer from ALE()
NOTE from PE     0: init_from_Z: min=  0.0000E+00 max=  2.8155E-10 Level= 69 Tracer from ALE()
NOTE from PE     0: init_from_Z: min=  0.0000E+00 max=  2.8155E-10 Level= 70 Tracer from ALE()
NOTE from PE     0: init_from_Z: min=  0.0000E+00 max=  2.8155E-10 Level= 71 Tracer from ALE()
NOTE from PE     0: init_from_Z: min=  0.0000E+00 max=  2.8155E-10 Level= 72 Tracer from ALE()
NOTE from PE     0: init_from_Z: min=  0.0000E+00 max=  2.8155E-10 Level= 73 Tracer from ALE()
NOTE from PE     0: init_from_Z: min=  0.0000E+00 max=  2.8155E-10 Level= 74 Tracer from ALE()
NOTE from PE     0: init_from_Z: min=  0.0000E+00 max=  2.8155E-10 Level= 75 Tracer from ALE()
NOTE from PE     0: init_from_Z: min=  0.0000E+00 max=  2.8155E-10 Level= 76 Tracer from ALE()
NOTE from PE     0: init_from_Z: min=  0.0000E+00 max=  2.8155E-10 Level= 77 Tracer from ALE()
NOTE from PE     0: init_from_Z: min=  0.0000E+00 max=  2.8155E-10 Level= 78 Tracer from ALE()
NOTE from PE     0: init_from_Z: min=  0.0000E+00 max=  2.8155E-10 Level= 79 Tracer from ALE()
NOTE from PE     0: init_from_Z: min=  0.0000E+00 max=  2.8155E-10 Level= 80 Tracer from ALE()
NOTE from PE     0: init_from_Z: min=  0.0000E+00 max=  2.8155E-10 Level= 81 Tracer from ALE()
NOTE from PE     0: init_from_Z: min=  0.0000E+00 max=  2.8155E-10 Level= 82 Tracer from ALE()
NOTE from PE     0: init_from_Z: min=  0.0000E+00 max=  2.8155E-10 Level= 83 Tracer from ALE()
NOTE from PE     0: init_from_Z: min=  0.0000E+00 max=  2.8155E-10 Level= 84 Tracer from ALE()
NOTE from PE     0: init_from_Z: min=  0.0000E+00 max=  2.8155E-10 Level= 85 Tracer from ALE()
NOTE from PE     0: init_from_Z: min=  0.0000E+00 max=  2.8155E-10 Level= 86 Tracer from ALE()
NOTE from PE     0: init_from_Z: min=  0.0000E+00 max=  2.8155E-10 Level= 87 Tracer from ALE()
NOTE from PE     0: init_from_Z: min=  0.0000E+00 max=  2.8155E-10 Level= 88 Tracer from ALE()
NOTE from PE     0: init_from_Z: min=  0.0000E+00 max=  2.8155E-10 Level= 89 Tracer from ALE()
NOTE from PE     0: init_from_Z: min=  0.0000E+00 max=  2.8155E-10 Level= 90 Tracer from ALE()
NOTE from PE     0: init_from_Z: min=  0.0000E+00 max=  2.8155E-10 Level= 91 Tracer from ALE()
NOTE from PE     0: init_from_Z: min=  0.0000E+00 max=  2.8155E-10 Level= 92 Tracer from ALE()
NOTE from PE     0: init_from_Z: min=  0.0000E+00 max=  2.8155E-10 Level= 93 Tracer from ALE()
NOTE from PE     0: init_from_Z: min=  0.0000E+00 max=  2.8155E-10 Level= 94 Tracer from ALE()
NOTE from PE     0: init_from_Z: min=  0.0000E+00 max=  2.8155E-10 Level= 95 Tracer from ALE()
NOTE from PE     0: init_from_Z: min=  0.0000E+00 max=  2.8155E-10 Level= 96 Tracer from ALE()
NOTE from PE     0: init_from_Z: min=  0.0000E+00 max=  2.8155E-10 Level= 97 Tracer from ALE()
NOTE from PE     0: init_from_Z: min=  0.0000E+00 max=  2.8155E-10 Level= 98 Tracer from ALE()
NOTE from PE     0: init_from_Z: min=  0.0000E+00 max=  2.8155E-10 Level= 99 Tracer from ALE()
NOTE from PE     0: init_from_Z: min=  0.0000E+00 max=  2.8155E-10 Level=100 Tracer from ALE()
NOTE from PE     0: initialize_MOM_generic_tracer: initializing generic tracer pchl using MOM_initialize_tracer_from_Z
NOTE from PE     0: init_from_Z: min=  0.0000E+00 max=  1.8880E-07 Level=  1 Tracer from ALE()
NOTE from PE     0: init_from_Z: min=  0.0000E+00 max=  1.4922E-07 Level=  2 Tracer from ALE()
NOTE from PE     0: init_from_Z: min=  0.0000E+00 max=  1.5161E-07 Level=  3 Tracer from ALE()
NOTE from PE     0: init_from_Z: min=  0.0000E+00 max=  1.9645E-07 Level=  4 Tracer from ALE()
NOTE from PE     0: init_from_Z: min=  0.0000E+00 max=  2.3450E-07 Level=  5 Tracer from ALE()
NOTE from PE     0: init_from_Z: min=  0.0000E+00 max=  2.7593E-07 Level=  6 Tracer from ALE()
NOTE from PE     0: init_from_Z: min=  0.0000E+00 max=  3.2171E-07 Level=  7 Tracer from ALE()
NOTE from PE     0: init_from_Z: min=  0.0000E+00 max=  3.2943E-07 Level=  8 Tracer from ALE()
NOTE from PE     0: init_from_Z: min=  0.0000E+00 max=  3.2739E-07 Level=  9 Tracer from ALE()
NOTE from PE     0: init_from_Z: min=  0.0000E+00 max=  3.2727E-07 Level= 10 Tracer from ALE()
NOTE from PE     0: init_from_Z: min=  0.0000E+00 max=  3.2241E-07 Level= 11 Tracer from ALE()
NOTE from PE     0: init_from_Z: min=  0.0000E+00 max=  3.1916E-07 Level= 12 Tracer from ALE()
NOTE from PE     0: init_from_Z: min=  0.0000E+00 max=  3.1843E-07 Level= 13 Tracer from ALE()
NOTE from PE     0: init_from_Z: min=  0.0000E+00 max=  3.1814E-07 Level= 14 Tracer from ALE()
NOTE from PE     0: init_from_Z: min=  0.0000E+00 max=  3.1814E-07 Level= 15 Tracer from ALE()
NOTE from PE     0: init_from_Z: min=  0.0000E+00 max=  3.1814E-07 Level= 16 Tracer from ALE()
NOTE from PE     0: init_from_Z: min=  0.0000E+00 max=  3.1814E-07 Level= 17 Tracer from ALE()
NOTE from PE     0: init_from_Z: min=  0.0000E+00 max=  3.1814E-07 Level= 18 Tracer from ALE()
NOTE from PE     0: init_from_Z: min=  0.0000E+00 max=  3.1814E-07 Level= 19 Tracer from ALE()
NOTE from PE     0: init_from_Z: min=  0.0000E+00 max=  3.1814E-07 Level= 20 Tracer from ALE()
NOTE from PE     0: init_from_Z: min=  0.0000E+00 max=  3.1814E-07 Level= 21 Tracer from ALE()
NOTE from PE     0: init_from_Z: min=  0.0000E+00 max=  3.1814E-07 Level= 22 Tracer from ALE()
NOTE from PE     0: init_from_Z: min=  0.0000E+00 max=  3.1814E-07 Level= 23 Tracer from ALE()
NOTE from PE     0: init_from_Z: min=  0.0000E+00 max=  3.1814E-07 Level= 24 Tracer from ALE()
NOTE from PE     0: init_from_Z: min=  0.0000E+00 max=  3.1814E-07 Level= 25 Tracer from ALE()
NOTE from PE     0: init_from_Z: min=  0.0000E+00 max=  3.1814E-07 Level= 26 Tracer from ALE()
NOTE from PE     0: init_from_Z: min=  0.0000E+00 max=  3.1814E-07 Level= 27 Tracer from ALE()
NOTE from PE     0: init_from_Z: min=  0.0000E+00 max=  3.1814E-07 Level= 28 Tracer from ALE()
NOTE from PE     0: init_from_Z: min=  0.0000E+00 max=  3.1814E-07 Level= 29 Tracer from ALE()
NOTE from PE     0: init_from_Z: min=  0.0000E+00 max=  3.1814E-07 Level= 30 Tracer from ALE()
NOTE from PE     0: init_from_Z: min=  0.0000E+00 max=  3.1814E-07 Level= 31 Tracer from ALE()
NOTE from PE     0: init_from_Z: min=  0.0000E+00 max=  3.1814E-07 Level= 32 Tracer from ALE()
NOTE from PE     0: init_from_Z: min=  0.0000E+00 max=  3.1814E-07 Level= 33 Tracer from ALE()
NOTE from PE     0: init_from_Z: min=  0.0000E+00 max=  3.1814E-07 Level= 34 Tracer from ALE()
NOTE from PE     0: init_from_Z: min=  0.0000E+00 max=  3.1814E-07 Level= 35 Tracer from ALE()
NOTE from PE     0: init_from_Z: min=  0.0000E+00 max=  3.1814E-07 Level= 36 Tracer from ALE()
NOTE from PE     0: init_from_Z: min=  0.0000E+00 max=  3.1814E-07 Level= 37 Tracer from ALE()
NOTE from PE     0: init_from_Z: min=  0.0000E+00 max=  3.1814E-07 Level= 38 Tracer from ALE()
NOTE from PE     0: init_from_Z: min=  0.0000E+00 max=  3.1814E-07 Level= 39 Tracer from ALE()
NOTE from PE     0: init_from_Z: min=  0.0000E+00 max=  3.1814E-07 Level= 40 Tracer from ALE()
NOTE from PE     0: init_from_Z: min=  0.0000E+00 max=  3.1814E-07 Level= 41 Tracer from ALE()
NOTE from PE     0: init_from_Z: min=  0.0000E+00 max=  3.1814E-07 Level= 42 Tracer from ALE()
NOTE from PE     0: init_from_Z: min=  0.0000E+00 max=  3.1814E-07 Level= 43 Tracer from ALE()
NOTE from PE     0: init_from_Z: min=  0.0000E+00 max=  3.1814E-07 Level= 44 Tracer from ALE()
NOTE from PE     0: init_from_Z: min=  0.0000E+00 max=  3.1814E-07 Level= 45 Tracer from ALE()
NOTE from PE     0: init_from_Z: min=  0.0000E+00 max=  3.1814E-07 Level= 46 Tracer from ALE()
NOTE from PE     0: init_from_Z: min=  0.0000E+00 max=  3.1814E-07 Level= 47 Tracer from ALE()
NOTE from PE     0: init_from_Z: min=  0.0000E+00 max=  3.1814E-07 Level= 48 Tracer from ALE()
NOTE from PE     0: init_from_Z: min=  0.0000E+00 max=  3.1814E-07 Level= 49 Tracer from ALE()
NOTE from PE     0: init_from_Z: min=  0.0000E+00 max=  3.1814E-07 Level= 50 Tracer from ALE()
NOTE from PE     0: init_from_Z: min=  0.0000E+00 max=  3.1814E-07 Level= 51 Tracer from ALE()
NOTE from PE     0: init_from_Z: min=  0.0000E+00 max=  3.1814E-07 Level= 52 Tracer from ALE()
NOTE from PE     0: init_from_Z: min=  0.0000E+00 max=  3.1814E-07 Level= 53 Tracer from ALE()
NOTE from PE     0: init_from_Z: min=  0.0000E+00 max=  3.1814E-07 Level= 54 Tracer from ALE()
NOTE from PE     0: init_from_Z: min=  0.0000E+00 max=  3.1814E-07 Level= 55 Tracer from ALE()
NOTE from PE     0: init_from_Z: min=  0.0000E+00 max=  3.1814E-07 Level= 56 Tracer from ALE()
NOTE from PE     0: init_from_Z: min=  0.0000E+00 max=  3.1814E-07 Level= 57 Tracer from ALE()
NOTE from PE     0: init_from_Z: min=  0.0000E+00 max=  3.1814E-07 Level= 58 Tracer from ALE()
NOTE from PE     0: init_from_Z: min=  0.0000E+00 max=  3.1814E-07 Level= 59 Tracer from ALE()
NOTE from PE     0: init_from_Z: min=  0.0000E+00 max=  3.1814E-07 Level= 60 Tracer from ALE()
NOTE from PE     0: init_from_Z: min=  0.0000E+00 max=  3.1814E-07 Level= 61 Tracer from ALE()
NOTE from PE     0: init_from_Z: min=  0.0000E+00 max=  3.1814E-07 Level= 62 Tracer from ALE()
NOTE from PE     0: init_from_Z: min=  0.0000E+00 max=  3.1814E-07 Level= 63 Tracer from ALE()
NOTE from PE     0: init_from_Z: min=  0.0000E+00 max=  3.1814E-07 Level= 64 Tracer from ALE()
NOTE from PE     0: init_from_Z: min=  0.0000E+00 max=  3.1814E-07 Level= 65 Tracer from ALE()
NOTE from PE     0: init_from_Z: min=  0.0000E+00 max=  3.1814E-07 Level= 66 Tracer from ALE()
NOTE from PE     0: init_from_Z: min=  0.0000E+00 max=  3.1814E-07 Level= 67 Tracer from ALE()
NOTE from PE     0: init_from_Z: min=  0.0000E+00 max=  3.1814E-07 Level= 68 Tracer from ALE()
NOTE from PE     0: init_from_Z: min=  0.0000E+00 max=  3.1814E-07 Level= 69 Tracer from ALE()
NOTE from PE     0: init_from_Z: min=  0.0000E+00 max=  3.1814E-07 Level= 70 Tracer from ALE()
NOTE from PE     0: init_from_Z: min=  0.0000E+00 max=  3.1814E-07 Level= 71 Tracer from ALE()
NOTE from PE     0: init_from_Z: min=  0.0000E+00 max=  3.1814E-07 Level= 72 Tracer from ALE()
NOTE from PE     0: init_from_Z: min=  0.0000E+00 max=  3.1814E-07 Level= 73 Tracer from ALE()
NOTE from PE     0: init_from_Z: min=  0.0000E+00 max=  3.1814E-07 Level= 74 Tracer from ALE()
NOTE from PE     0: init_from_Z: min=  0.0000E+00 max=  3.1814E-07 Level= 75 Tracer from ALE()
NOTE from PE     0: init_from_Z: min=  0.0000E+00 max=  3.1814E-07 Level= 76 Tracer from ALE()
NOTE from PE     0: init_from_Z: min=  0.0000E+00 max=  3.1814E-07 Level= 77 Tracer from ALE()
NOTE from PE     0: init_from_Z: min=  0.0000E+00 max=  3.1814E-07 Level= 78 Tracer from ALE()
NOTE from PE     0: init_from_Z: min=  0.0000E+00 max=  3.1814E-07 Level= 79 Tracer from ALE()
NOTE from PE     0: init_from_Z: min=  0.0000E+00 max=  3.1814E-07 Level= 80 Tracer from ALE()
NOTE from PE     0: init_from_Z: min=  0.0000E+00 max=  3.1814E-07 Level= 81 Tracer from ALE()
NOTE from PE     0: init_from_Z: min=  0.0000E+00 max=  3.1814E-07 Level= 82 Tracer from ALE()
NOTE from PE     0: init_from_Z: min=  0.0000E+00 max=  3.1814E-07 Level= 83 Tracer from ALE()
NOTE from PE     0: init_from_Z: min=  0.0000E+00 max=  3.1814E-07 Level= 84 Tracer from ALE()
NOTE from PE     0: init_from_Z: min=  0.0000E+00 max=  3.1814E-07 Level= 85 Tracer from ALE()
NOTE from PE     0: init_from_Z: min=  0.0000E+00 max=  3.1814E-07 Level= 86 Tracer from ALE()
NOTE from PE     0: init_from_Z: min=  0.0000E+00 max=  3.1814E-07 Level= 87 Tracer from ALE()
NOTE from PE     0: init_from_Z: min=  0.0000E+00 max=  3.1814E-07 Level= 88 Tracer from ALE()
NOTE from PE     0: init_from_Z: min=  0.0000E+00 max=  3.1814E-07 Level= 89 Tracer from ALE()
NOTE from PE     0: init_from_Z: min=  0.0000E+00 max=  3.1814E-07 Level= 90 Tracer from ALE()
NOTE from PE     0: init_from_Z: min=  0.0000E+00 max=  3.1814E-07 Level= 91 Tracer from ALE()
NOTE from PE     0: init_from_Z: min=  0.0000E+00 max=  3.1814E-07 Level= 92 Tracer from ALE()
NOTE from PE     0: init_from_Z: min=  0.0000E+00 max=  3.1814E-07 Level= 93 Tracer from ALE()
NOTE from PE     0: init_from_Z: min=  0.0000E+00 max=  3.1814E-07 Level= 94 Tracer from ALE()
NOTE from PE     0: init_from_Z: min=  0.0000E+00 max=  3.1814E-07 Level= 95 Tracer from ALE()
NOTE from PE     0: init_from_Z: min=  0.0000E+00 max=  3.1814E-07 Level= 96 Tracer from ALE()
NOTE from PE     0: init_from_Z: min=  0.0000E+00 max=  3.1814E-07 Level= 97 Tracer from ALE()
NOTE from PE     0: init_from_Z: min=  0.0000E+00 max=  3.1814E-07 Level= 98 Tracer from ALE()
NOTE from PE     0: init_from_Z: min=  0.0000E+00 max=  3.1814E-07 Level= 99 Tracer from ALE()
NOTE from PE     0: init_from_Z: min=  0.0000E+00 max=  3.1814E-07 Level=100 Tracer from ALE()
NOTE from PE     0: initialize_MOM_generic_tracer: initializing generic tracer phy using MOM_initialize_tracer_from_Z
NOTE from PE     0: init_from_Z: min=  0.0000E+00 max=  6.0659E-06 Level=  1 Tracer from ALE()
NOTE from PE     0: init_from_Z: min=  0.0000E+00 max=  4.7280E-06 Level=  2 Tracer from ALE()
NOTE from PE     0: init_from_Z: min=  0.0000E+00 max=  4.5297E-06 Level=  3 Tracer from ALE()
NOTE from PE     0: init_from_Z: min=  0.0000E+00 max=  5.2798E-06 Level=  4 Tracer from ALE()
NOTE from PE     0: init_from_Z: min=  0.0000E+00 max=  5.8469E-06 Level=  5 Tracer from ALE()
NOTE from PE     0: init_from_Z: min=  0.0000E+00 max=  6.3634E-06 Level=  6 Tracer from ALE()
NOTE from PE     0: init_from_Z: min=  0.0000E+00 max=  6.7051E-06 Level=  7 Tracer from ALE()
NOTE from PE     0: init_from_Z: min=  0.0000E+00 max=  6.6088E-06 Level=  8 Tracer from ALE()
NOTE from PE     0: init_from_Z: min=  0.0000E+00 max=  6.6088E-06 Level=  9 Tracer from ALE()
NOTE from PE     0: init_from_Z: min=  0.0000E+00 max=  6.6088E-06 Level= 10 Tracer from ALE()
NOTE from PE     0: init_from_Z: min=  0.0000E+00 max=  6.6088E-06 Level= 11 Tracer from ALE()
NOTE from PE     0: init_from_Z: min=  0.0000E+00 max=  6.6088E-06 Level= 12 Tracer from ALE()
NOTE from PE     0: init_from_Z: min=  0.0000E+00 max=  6.6088E-06 Level= 13 Tracer from ALE()
NOTE from PE     0: init_from_Z: min=  0.0000E+00 max=  6.6088E-06 Level= 14 Tracer from ALE()
NOTE from PE     0: init_from_Z: min=  0.0000E+00 max=  6.6088E-06 Level= 15 Tracer from ALE()
NOTE from PE     0: init_from_Z: min=  0.0000E+00 max=  6.6088E-06 Level= 16 Tracer from ALE()
NOTE from PE     0: init_from_Z: min=  0.0000E+00 max=  6.6088E-06 Level= 17 Tracer from ALE()
NOTE from PE     0: init_from_Z: min=  0.0000E+00 max=  6.6088E-06 Level= 18 Tracer from ALE()
NOTE from PE     0: init_from_Z: min=  0.0000E+00 max=  6.6088E-06 Level= 19 Tracer from ALE()
NOTE from PE     0: init_from_Z: min=  0.0000E+00 max=  6.6088E-06 Level= 20 Tracer from ALE()
NOTE from PE     0: init_from_Z: min=  0.0000E+00 max=  6.6088E-06 Level= 21 Tracer from ALE()
NOTE from PE     0: init_from_Z: min=  0.0000E+00 max=  6.6088E-06 Level= 22 Tracer from ALE()
NOTE from PE     0: init_from_Z: min=  0.0000E+00 max=  6.6088E-06 Level= 23 Tracer from ALE()
NOTE from PE     0: init_from_Z: min=  0.0000E+00 max=  6.6088E-06 Level= 24 Tracer from ALE()
NOTE from PE     0: init_from_Z: min=  0.0000E+00 max=  6.6088E-06 Level= 25 Tracer from ALE()
NOTE from PE     0: init_from_Z: min=  0.0000E+00 max=  6.6088E-06 Level= 26 Tracer from ALE()
NOTE from PE     0: init_from_Z: min=  0.0000E+00 max=  6.6088E-06 Level= 27 Tracer from ALE()
NOTE from PE     0: init_from_Z: min=  0.0000E+00 max=  6.6088E-06 Level= 28 Tracer from ALE()
NOTE from PE     0: init_from_Z: min=  0.0000E+00 max=  6.6088E-06 Level= 29 Tracer from ALE()
NOTE from PE     0: init_from_Z: min=  0.0000E+00 max=  6.6088E-06 Level= 30 Tracer from ALE()
NOTE from PE     0: init_from_Z: min=  0.0000E+00 max=  6.6088E-06 Level= 31 Tracer from ALE()
NOTE from PE     0: init_from_Z: min=  0.0000E+00 max=  6.6088E-06 Level= 32 Tracer from ALE()
NOTE from PE     0: init_from_Z: min=  0.0000E+00 max=  6.6088E-06 Level= 33 Tracer from ALE()
NOTE from PE     0: init_from_Z: min=  0.0000E+00 max=  6.6088E-06 Level= 34 Tracer from ALE()
NOTE from PE     0: init_from_Z: min=  0.0000E+00 max=  6.6088E-06 Level= 35 Tracer from ALE()
NOTE from PE     0: init_from_Z: min=  0.0000E+00 max=  6.6088E-06 Level= 36 Tracer from ALE()
NOTE from PE     0: init_from_Z: min=  0.0000E+00 max=  6.6088E-06 Level= 37 Tracer from ALE()
NOTE from PE     0: init_from_Z: min=  0.0000E+00 max=  6.6088E-06 Level= 38 Tracer from ALE()
NOTE from PE     0: init_from_Z: min=  0.0000E+00 max=  6.6088E-06 Level= 39 Tracer from ALE()
NOTE from PE     0: init_from_Z: min=  0.0000E+00 max=  6.6088E-06 Level= 40 Tracer from ALE()
NOTE from PE     0: init_from_Z: min=  0.0000E+00 max=  6.6088E-06 Level= 41 Tracer from ALE()
NOTE from PE     0: init_from_Z: min=  0.0000E+00 max=  6.6088E-06 Level= 42 Tracer from ALE()
NOTE from PE     0: init_from_Z: min=  0.0000E+00 max=  6.6088E-06 Level= 43 Tracer from ALE()
NOTE from PE     0: init_from_Z: min=  0.0000E+00 max=  6.6088E-06 Level= 44 Tracer from ALE()
NOTE from PE     0: init_from_Z: min=  0.0000E+00 max=  6.6088E-06 Level= 45 Tracer from ALE()
NOTE from PE     0: init_from_Z: min=  0.0000E+00 max=  6.6088E-06 Level= 46 Tracer from ALE()
NOTE from PE     0: init_from_Z: min=  0.0000E+00 max=  6.6088E-06 Level= 47 Tracer from ALE()
NOTE from PE     0: init_from_Z: min=  0.0000E+00 max=  6.6088E-06 Level= 48 Tracer from ALE()
NOTE from PE     0: init_from_Z: min=  0.0000E+00 max=  6.6088E-06 Level= 49 Tracer from ALE()
NOTE from PE     0: init_from_Z: min=  0.0000E+00 max=  6.6088E-06 Level= 50 Tracer from ALE()
NOTE from PE     0: init_from_Z: min=  0.0000E+00 max=  6.6088E-06 Level= 51 Tracer from ALE()
NOTE from PE     0: init_from_Z: min=  0.0000E+00 max=  6.6088E-06 Level= 52 Tracer from ALE()
NOTE from PE     0: init_from_Z: min=  0.0000E+00 max=  6.6088E-06 Level= 53 Tracer from ALE()
NOTE from PE     0: init_from_Z: min=  0.0000E+00 max=  6.6088E-06 Level= 54 Tracer from ALE()
NOTE from PE     0: init_from_Z: min=  0.0000E+00 max=  6.6088E-06 Level= 55 Tracer from ALE()
NOTE from PE     0: init_from_Z: min=  0.0000E+00 max=  6.6088E-06 Level= 56 Tracer from ALE()
NOTE from PE     0: init_from_Z: min=  0.0000E+00 max=  6.6088E-06 Level= 57 Tracer from ALE()
NOTE from PE     0: init_from_Z: min=  0.0000E+00 max=  6.6088E-06 Level= 58 Tracer from ALE()
NOTE from PE     0: init_from_Z: min=  0.0000E+00 max=  6.6088E-06 Level= 59 Tracer from ALE()
NOTE from PE     0: init_from_Z: min=  0.0000E+00 max=  6.6088E-06 Level= 60 Tracer from ALE()
NOTE from PE     0: init_from_Z: min=  0.0000E+00 max=  6.6088E-06 Level= 61 Tracer from ALE()
NOTE from PE     0: init_from_Z: min=  0.0000E+00 max=  6.6088E-06 Level= 62 Tracer from ALE()
NOTE from PE     0: init_from_Z: min=  0.0000E+00 max=  6.6088E-06 Level= 63 Tracer from ALE()
NOTE from PE     0: init_from_Z: min=  0.0000E+00 max=  6.6088E-06 Level= 64 Tracer from ALE()
NOTE from PE     0: init_from_Z: min=  0.0000E+00 max=  6.6088E-06 Level= 65 Tracer from ALE()
NOTE from PE     0: init_from_Z: min=  0.0000E+00 max=  6.6088E-06 Level= 66 Tracer from ALE()
NOTE from PE     0: init_from_Z: min=  0.0000E+00 max=  6.6088E-06 Level= 67 Tracer from ALE()
NOTE from PE     0: init_from_Z: min=  0.0000E+00 max=  6.6088E-06 Level= 68 Tracer from ALE()
NOTE from PE     0: init_from_Z: min=  0.0000E+00 max=  6.6088E-06 Level= 69 Tracer from ALE()
NOTE from PE     0: init_from_Z: min=  0.0000E+00 max=  6.6088E-06 Level= 70 Tracer from ALE()
NOTE from PE     0: init_from_Z: min=  0.0000E+00 max=  6.6088E-06 Level= 71 Tracer from ALE()
NOTE from PE     0: init_from_Z: min=  0.0000E+00 max=  6.6088E-06 Level= 72 Tracer from ALE()
NOTE from PE     0: init_from_Z: min=  0.0000E+00 max=  6.6088E-06 Level= 73 Tracer from ALE()
NOTE from PE     0: init_from_Z: min=  0.0000E+00 max=  6.6088E-06 Level= 74 Tracer from ALE()
NOTE from PE     0: init_from_Z: min=  0.0000E+00 max=  6.6088E-06 Level= 75 Tracer from ALE()
NOTE from PE     0: init_from_Z: min=  0.0000E+00 max=  6.6088E-06 Level= 76 Tracer from ALE()
NOTE from PE     0: init_from_Z: min=  0.0000E+00 max=  6.6088E-06 Level= 77 Tracer from ALE()
NOTE from PE     0: init_from_Z: min=  0.0000E+00 max=  6.6088E-06 Level= 78 Tracer from ALE()
NOTE from PE     0: init_from_Z: min=  0.0000E+00 max=  6.6088E-06 Level= 79 Tracer from ALE()
NOTE from PE     0: init_from_Z: min=  0.0000E+00 max=  6.6088E-06 Level= 80 Tracer from ALE()
NOTE from PE     0: init_from_Z: min=  0.0000E+00 max=  6.6088E-06 Level= 81 Tracer from ALE()
NOTE from PE     0: init_from_Z: min=  0.0000E+00 max=  6.6088E-06 Level= 82 Tracer from ALE()
NOTE from PE     0: init_from_Z: min=  0.0000E+00 max=  6.6088E-06 Level= 83 Tracer from ALE()
NOTE from PE     0: init_from_Z: min=  0.0000E+00 max=  6.6088E-06 Level= 84 Tracer from ALE()
NOTE from PE     0: init_from_Z: min=  0.0000E+00 max=  6.6088E-06 Level= 85 Tracer from ALE()
NOTE from PE     0: init_from_Z: min=  0.0000E+00 max=  6.6088E-06 Level= 86 Tracer from ALE()
NOTE from PE     0: init_from_Z: min=  0.0000E+00 max=  6.6088E-06 Level= 87 Tracer from ALE()
NOTE from PE     0: init_from_Z: min=  0.0000E+00 max=  6.6088E-06 Level= 88 Tracer from ALE()
NOTE from PE     0: init_from_Z: min=  0.0000E+00 max=  6.6088E-06 Level= 89 Tracer from ALE()
NOTE from PE     0: init_from_Z: min=  0.0000E+00 max=  6.6088E-06 Level= 90 Tracer from ALE()
NOTE from PE     0: init_from_Z: min=  0.0000E+00 max=  6.6088E-06 Level= 91 Tracer from ALE()
NOTE from PE     0: init_from_Z: min=  0.0000E+00 max=  6.6088E-06 Level= 92 Tracer from ALE()
NOTE from PE     0: init_from_Z: min=  0.0000E+00 max=  6.6088E-06 Level= 93 Tracer from ALE()
NOTE from PE     0: init_from_Z: min=  0.0000E+00 max=  6.6088E-06 Level= 94 Tracer from ALE()
NOTE from PE     0: init_from_Z: min=  0.0000E+00 max=  6.6088E-06 Level= 95 Tracer from ALE()
NOTE from PE     0: init_from_Z: min=  0.0000E+00 max=  6.6088E-06 Level= 96 Tracer from ALE()
NOTE from PE     0: init_from_Z: min=  0.0000E+00 max=  6.6088E-06 Level= 97 Tracer from ALE()
NOTE from PE     0: init_from_Z: min=  0.0000E+00 max=  6.6088E-06 Level= 98 Tracer from ALE()
NOTE from PE     0: init_from_Z: min=  0.0000E+00 max=  6.6088E-06 Level= 99 Tracer from ALE()
NOTE from PE     0: init_from_Z: min=  0.0000E+00 max=  6.6088E-06 Level=100 Tracer from ALE()
NOTE from PE     0: initialize_MOM_generic_tracer: initializing generic tracer no3 using MOM_initialize_tracer_from_Z
NOTE from PE     0: init_from_Z: min=  0.0000E+00 max=  1.5223E-06 Level=  1 Tracer from ALE()
NOTE from PE     0: init_from_Z: min=  0.0000E+00 max=  7.0751E-07 Level=  2 Tracer from ALE()
NOTE from PE     0: init_from_Z: min=  0.0000E+00 max=  7.0929E-07 Level=  3 Tracer from ALE()
NOTE from PE     0: init_from_Z: min=  0.0000E+00 max=  1.0749E-06 Level=  4 Tracer from ALE()
NOTE from PE     0: init_from_Z: min=  0.0000E+00 max=  1.9560E-06 Level=  5 Tracer from ALE()
NOTE from PE     0: init_from_Z: min=  0.0000E+00 max=  2.2576E-06 Level=  6 Tracer from ALE()
NOTE from PE     0: init_from_Z: min=  0.0000E+00 max=  3.0019E-06 Level=  7 Tracer from ALE()
NOTE from PE     0: init_from_Z: min=  0.0000E+00 max=  4.0754E-06 Level=  8 Tracer from ALE()
NOTE from PE     0: init_from_Z: min=  0.0000E+00 max=  4.9641E-06 Level=  9 Tracer from ALE()
NOTE from PE     0: init_from_Z: min=  0.0000E+00 max=  5.8084E-06 Level= 10 Tracer from ALE()
NOTE from PE     0: init_from_Z: min=  0.0000E+00 max=  6.2607E-06 Level= 11 Tracer from ALE()
NOTE from PE     0: init_from_Z: min=  0.0000E+00 max=  6.3230E-06 Level= 12 Tracer from ALE()
NOTE from PE     0: init_from_Z: min=  0.0000E+00 max=  6.4084E-06 Level= 13 Tracer from ALE()
NOTE from PE     0: init_from_Z: min=  0.0000E+00 max=  6.4347E-06 Level= 14 Tracer from ALE()
NOTE from PE     0: init_from_Z: min=  0.0000E+00 max=  6.4347E-06 Level= 15 Tracer from ALE()
NOTE from PE     0: init_from_Z: min=  0.0000E+00 max=  7.2795E-06 Level= 16 Tracer from ALE()
NOTE from PE     0: init_from_Z: min=  0.0000E+00 max=  7.8998E-06 Level= 17 Tracer from ALE()
NOTE from PE     0: init_from_Z: min=  0.0000E+00 max=  8.1181E-06 Level= 18 Tracer from ALE()
NOTE from PE     0: init_from_Z: min=  0.0000E+00 max=  8.1743E-06 Level= 19 Tracer from ALE()
NOTE from PE     0: init_from_Z: min=  0.0000E+00 max=  8.2036E-06 Level= 20 Tracer from ALE()
NOTE from PE     0: init_from_Z: min=  0.0000E+00 max=  8.2036E-06 Level= 21 Tracer from ALE()
NOTE from PE     0: init_from_Z: min=  0.0000E+00 max=  8.2036E-06 Level= 22 Tracer from ALE()
NOTE from PE     0: init_from_Z: min=  0.0000E+00 max=  8.2036E-06 Level= 23 Tracer from ALE()
NOTE from PE     0: init_from_Z: min=  0.0000E+00 max=  8.2036E-06 Level= 24 Tracer from ALE()
NOTE from PE     0: init_from_Z: min=  0.0000E+00 max=  8.2112E-06 Level= 25 Tracer from ALE()
NOTE from PE     0: init_from_Z: min=  0.0000E+00 max=  8.7816E-06 Level= 26 Tracer from ALE()
NOTE from PE     0: init_from_Z: min=  0.0000E+00 max=  9.4687E-06 Level= 27 Tracer from ALE()
NOTE from PE     0: init_from_Z: min=  0.0000E+00 max=  9.7114E-06 Level= 28 Tracer from ALE()
NOTE from PE     0: init_from_Z: min=  0.0000E+00 max=  1.0029E-05 Level= 29 Tracer from ALE()
NOTE from PE     0: init_from_Z: min=  0.0000E+00 max=  1.1179E-05 Level= 30 Tracer from ALE()
NOTE from PE     0: init_from_Z: min=  0.0000E+00 max=  1.3326E-05 Level= 31 Tracer from ALE()
NOTE from PE     0: init_from_Z: min=  0.0000E+00 max=  1.4132E-05 Level= 32 Tracer from ALE()
NOTE from PE     0: init_from_Z: min=  0.0000E+00 max=  1.5342E-05 Level= 33 Tracer from ALE()
NOTE from PE     0: init_from_Z: min=  0.0000E+00 max=  1.6359E-05 Level= 34 Tracer from ALE()
NOTE from PE     0: init_from_Z: min=  0.0000E+00 max=  1.6773E-05 Level= 35 Tracer from ALE()
NOTE from PE     0: init_from_Z: min=  0.0000E+00 max=  1.7825E-05 Level= 36 Tracer from ALE()
NOTE from PE     0: init_from_Z: min=  0.0000E+00 max=  1.9046E-05 Level= 37 Tracer from ALE()
NOTE from PE     0: init_from_Z: min=  0.0000E+00 max=  2.0289E-05 Level= 38 Tracer from ALE()
NOTE from PE     0: init_from_Z: min=  0.0000E+00 max=  2.1375E-05 Level= 39 Tracer from ALE()
NOTE from PE     0: init_from_Z: min=  0.0000E+00 max=  2.2304E-05 Level= 40 Tracer from ALE()
NOTE from PE     0: init_from_Z: min=  0.0000E+00 max=  2.3372E-05 Level= 41 Tracer from ALE()
NOTE from PE     0: init_from_Z: min=  0.0000E+00 max=  2.4700E-05 Level= 42 Tracer from ALE()
NOTE from PE     0: init_from_Z: min=  0.0000E+00 max=  2.5142E-05 Level= 43 Tracer from ALE()
NOTE from PE     0: init_from_Z: min=  0.0000E+00 max=  2.6106E-05 Level= 44 Tracer from ALE()
NOTE from PE     0: init_from_Z: min=  0.0000E+00 max=  2.6851E-05 Level= 45 Tracer from ALE()
NOTE from PE     0: init_from_Z: min=  0.0000E+00 max=  2.7533E-05 Level= 46 Tracer from ALE()
NOTE from PE     0: init_from_Z: min=  0.0000E+00 max=  2.8342E-05 Level= 47 Tracer from ALE()
NOTE from PE     0: init_from_Z: min=  0.0000E+00 max=  2.9784E-05 Level= 48 Tracer from ALE()
NOTE from PE     0: init_from_Z: min=  0.0000E+00 max=  3.1153E-05 Level= 49 Tracer from ALE()
NOTE from PE     0: init_from_Z: min=  0.0000E+00 max=  3.2202E-05 Level= 50 Tracer from ALE()
NOTE from PE     0: init_from_Z: min=  0.0000E+00 max=  3.2880E-05 Level= 51 Tracer from ALE()
NOTE from PE     0: init_from_Z: min=  0.0000E+00 max=  3.4191E-05 Level= 52 Tracer from ALE()
NOTE from PE     0: init_from_Z: min=  0.0000E+00 max=  3.4946E-05 Level= 53 Tracer from ALE()
NOTE from PE     0: init_from_Z: min=  0.0000E+00 max=  3.5763E-05 Level= 54 Tracer from ALE()
NOTE from PE     0: init_from_Z: min=  0.0000E+00 max=  3.6105E-05 Level= 55 Tracer from ALE()
NOTE from PE     0: init_from_Z: min=  0.0000E+00 max=  3.6778E-05 Level= 56 Tracer from ALE()
NOTE from PE     0: init_from_Z: min=  0.0000E+00 max=  3.6763E-05 Level= 57 Tracer from ALE()
NOTE from PE     0: init_from_Z: min=  0.0000E+00 max=  3.7020E-05 Level= 58 Tracer from ALE()
NOTE from PE     0: init_from_Z: min=  0.0000E+00 max=  3.8672E-05 Level= 59 Tracer from ALE()
NOTE from PE     0: init_from_Z: min=  0.0000E+00 max=  3.8674E-05 Level= 60 Tracer from ALE()
NOTE from PE     0: init_from_Z: min=  0.0000E+00 max=  3.8674E-05 Level= 61 Tracer from ALE()
NOTE from PE     0: init_from_Z: min=  0.0000E+00 max=  3.8674E-05 Level= 62 Tracer from ALE()
NOTE from PE     0: init_from_Z: min=  0.0000E+00 max=  3.8674E-05 Level= 63 Tracer from ALE()
NOTE from PE     0: init_from_Z: min=  0.0000E+00 max=  3.8674E-05 Level= 64 Tracer from ALE()
NOTE from PE     0: init_from_Z: min=  0.0000E+00 max=  3.8674E-05 Level= 65 Tracer from ALE()
NOTE from PE     0: init_from_Z: min=  0.0000E+00 max=  3.8674E-05 Level= 66 Tracer from ALE()
NOTE from PE     0: init_from_Z: min=  0.0000E+00 max=  3.8674E-05 Level= 67 Tracer from ALE()
NOTE from PE     0: init_from_Z: min=  0.0000E+00 max=  3.8674E-05 Level= 68 Tracer from ALE()
NOTE from PE     0: init_from_Z: min=  0.0000E+00 max=  3.8674E-05 Level= 69 Tracer from ALE()
NOTE from PE     0: init_from_Z: min=  0.0000E+00 max=  3.8674E-05 Level= 70 Tracer from ALE()
NOTE from PE     0: init_from_Z: min=  0.0000E+00 max=  3.8674E-05 Level= 71 Tracer from ALE()
NOTE from PE     0: init_from_Z: min=  0.0000E+00 max=  3.8674E-05 Level= 72 Tracer from ALE()
NOTE from PE     0: init_from_Z: min=  0.0000E+00 max=  3.8674E-05 Level= 73 Tracer from ALE()
NOTE from PE     0: init_from_Z: min=  0.0000E+00 max=  3.8674E-05 Level= 74 Tracer from ALE()
NOTE from PE     0: init_from_Z: min=  0.0000E+00 max=  3.8674E-05 Level= 75 Tracer from ALE()
NOTE from PE     0: init_from_Z: min=  0.0000E+00 max=  3.8674E-05 Level= 76 Tracer from ALE()
NOTE from PE     0: init_from_Z: min=  0.0000E+00 max=  3.8674E-05 Level= 77 Tracer from ALE()
NOTE from PE     0: init_from_Z: min=  0.0000E+00 max=  3.8674E-05 Level= 78 Tracer from ALE()
NOTE from PE     0: init_from_Z: min=  0.0000E+00 max=  3.8674E-05 Level= 79 Tracer from ALE()
NOTE from PE     0: init_from_Z: min=  0.0000E+00 max=  3.8674E-05 Level= 80 Tracer from ALE()
NOTE from PE     0: init_from_Z: min=  0.0000E+00 max=  3.8674E-05 Level= 81 Tracer from ALE()
NOTE from PE     0: init_from_Z: min=  0.0000E+00 max=  3.8674E-05 Level= 82 Tracer from ALE()
NOTE from PE     0: init_from_Z: min=  0.0000E+00 max=  3.8674E-05 Level= 83 Tracer from ALE()
NOTE from PE     0: init_from_Z: min=  0.0000E+00 max=  3.8674E-05 Level= 84 Tracer from ALE()
NOTE from PE     0: init_from_Z: min=  0.0000E+00 max=  3.8674E-05 Level= 85 Tracer from ALE()
NOTE from PE     0: init_from_Z: min=  0.0000E+00 max=  3.8674E-05 Level= 86 Tracer from ALE()
NOTE from PE     0: init_from_Z: min=  0.0000E+00 max=  3.8674E-05 Level= 87 Tracer from ALE()
NOTE from PE     0: init_from_Z: min=  0.0000E+00 max=  3.8674E-05 Level= 88 Tracer from ALE()
NOTE from PE     0: init_from_Z: min=  0.0000E+00 max=  3.8674E-05 Level= 89 Tracer from ALE()
NOTE from PE     0: init_from_Z: min=  0.0000E+00 max=  3.8674E-05 Level= 90 Tracer from ALE()
NOTE from PE     0: init_from_Z: min=  0.0000E+00 max=  3.8674E-05 Level= 91 Tracer from ALE()
NOTE from PE     0: init_from_Z: min=  0.0000E+00 max=  3.8674E-05 Level= 92 Tracer from ALE()
NOTE from PE     0: init_from_Z: min=  0.0000E+00 max=  3.8674E-05 Level= 93 Tracer from ALE()
NOTE from PE     0: init_from_Z: min=  0.0000E+00 max=  3.8674E-05 Level= 94 Tracer from ALE()
NOTE from PE     0: init_from_Z: min=  0.0000E+00 max=  3.8674E-05 Level= 95 Tracer from ALE()
NOTE from PE     0: init_from_Z: min=  0.0000E+00 max=  3.8674E-05 Level= 96 Tracer from ALE()
NOTE from PE     0: init_from_Z: min=  0.0000E+00 max=  3.8674E-05 Level= 97 Tracer from ALE()
NOTE from PE     0: init_from_Z: min=  0.0000E+00 max=  3.8674E-05 Level= 98 Tracer from ALE()
NOTE from PE     0: init_from_Z: min=  0.0000E+00 max=  3.8674E-05 Level= 99 Tracer from ALE()
NOTE from PE     0: init_from_Z: min=  0.0000E+00 max=  3.8674E-05 Level=100 Tracer from ALE()
NOTE from PE     0: MOM_restart: Unable to find tres_x_001   queried by pointer, possibly because of the suspect comparison of pointers by ASSOCIATED.
NOTE from PE     0: MOM_restart: tres_x_001   initialization confirmed by name.
NOTE from PE     0: MOM_restart: Unable to find tres_y_001   queried by pointer, possibly because of the suspect comparison of pointers by ASSOCIATED.
NOTE from PE     0: MOM_restart: tres_y_001   initialization confirmed by name.
NOTE from PE     0: MOM_restart: Unable to find tres_x_002   queried by pointer, possibly because of the suspect comparison of pointers by ASSOCIATED.
NOTE from PE     0: MOM_restart: tres_x_002   initialization confirmed by name.
NOTE from PE     0: MOM_restart: Unable to find tres_y_002   queried by pointer, possibly because of the suspect comparison of pointers by ASSOCIATED.
NOTE from PE     0: MOM_restart: tres_y_002   initialization confirmed by name.
NOTE from PE     0: MOM_restart: Unable to find tres_x_003   queried by pointer, possibly because of the suspect comparison of pointers by ASSOCIATED.
NOTE from PE     0: MOM_restart: tres_x_003   initialization confirmed by name.
NOTE from PE     0: MOM_restart: Unable to find tres_y_003   queried by pointer, possibly because of the suspect comparison of pointers by ASSOCIATED.
NOTE from PE     0: MOM_restart: tres_y_003   initialization confirmed by name.
NOTE from PE     0: MOM_restart: Unable to find tres_x_004   queried by pointer, possibly because of the suspect comparison of pointers by ASSOCIATED.
NOTE from PE     0: MOM_restart: tres_x_004   initialization confirmed by name.
NOTE from PE     0: MOM_restart: Unable to find tres_y_004   queried by pointer, possibly because of the suspect comparison of pointers by ASSOCIATED.
NOTE from PE     0: MOM_restart: tres_y_004   initialization confirmed by name.
NOTE from PE     0: MOM_restart: Unable to find tres_x_005   queried by pointer, possibly because of the suspect comparison of pointers by ASSOCIATED.
NOTE from PE     0: MOM_restart: tres_x_005   initialization confirmed by name.
NOTE from PE     0: MOM_restart: Unable to find tres_y_005   queried by pointer, possibly because of the suspect comparison of pointers by ASSOCIATED.
NOTE from PE     0: MOM_restart: tres_y_005   initialization confirmed by name.
NOTE from PE     0: MOM_restart: Unable to find tres_x_006   queried by pointer, possibly because of the suspect comparison of pointers by ASSOCIATED.
NOTE from PE     0: MOM_restart: tres_x_006   initialization confirmed by name.
NOTE from PE     0: MOM_restart: Unable to find tres_y_006   queried by pointer, possibly because of the suspect comparison of pointers by ASSOCIATED.
NOTE from PE     0: MOM_restart: tres_y_006   initialization confirmed by name.
NOTE from PE     0: MOM_restart: Unable to find tres_x_007   queried by pointer, possibly because of the suspect comparison of pointers by ASSOCIATED.
NOTE from PE     0: MOM_restart: tres_x_007   initialization confirmed by name.
NOTE from PE     0: MOM_restart: Unable to find tres_y_007   queried by pointer, possibly because of the suspect comparison of pointers by ASSOCIATED.
NOTE from PE     0: MOM_restart: tres_y_007   initialization confirmed by name.
NOTE from PE     0: MOM_restart: Unable to find tres_x_008   queried by pointer, possibly because of the suspect comparison of pointers by ASSOCIATED.
NOTE from PE     0: MOM_restart: tres_x_008   initialization confirmed by name.
NOTE from PE     0: MOM_restart: Unable to find tres_y_008   queried by pointer, possibly because of the suspect comparison of pointers by ASSOCIATED.
NOTE from PE     0: MOM_restart: tres_y_008   initialization confirmed by name.
NOTE from PE     0: MOM_restart: Unable to find tres_x_009   queried by pointer, possibly because of the suspect comparison of pointers by ASSOCIATED.
NOTE from PE     0: MOM_restart: tres_x_009   initialization confirmed by name.
NOTE from PE     0: MOM_restart: Unable to find tres_y_009   queried by pointer, possibly because of the suspect comparison of pointers by ASSOCIATED.
NOTE from PE     0: MOM_restart: tres_y_009   initialization confirmed by name.
NOTE from PE     0: MOM_restart: Unable to find tres_x_010   queried by pointer, possibly because of the suspect comparison of pointers by ASSOCIATED.
NOTE from PE     0: MOM_restart: tres_x_010   initialization confirmed by name.
NOTE from PE     0: MOM_restart: Unable to find tres_y_010   queried by pointer, possibly because of the suspect comparison of pointers by ASSOCIATED.
NOTE from PE     0: MOM_restart: tres_y_010   initialization confirmed by name.
NOTE from PE     0: MOM_restart: Unable to find tres_x_011   queried by pointer, possibly because of the suspect comparison of pointers by ASSOCIATED.
NOTE from PE     0: MOM_restart: tres_x_011   initialization confirmed by name.
NOTE from PE     0: MOM_restart: Unable to find tres_y_011   queried by pointer, possibly because of the suspect comparison of pointers by ASSOCIATED.
NOTE from PE     0: MOM_restart: tres_y_011   initialization confirmed by name.
NOTE from PE     0: MOM_restart: Unable to find tres_x_012   queried by pointer, possibly because of the suspect comparison of pointers by ASSOCIATED.
NOTE from PE     0: MOM_restart: tres_x_012   initialization confirmed by name.
NOTE from PE     0: MOM_restart: Unable to find tres_y_012   queried by pointer, possibly because of the suspect comparison of pointers by ASSOCIATED.
NOTE from PE     0: MOM_restart: tres_y_012   initialization confirmed by name.
NOTE from PE     0: MOM_restart: Unable to find tres_x_013   queried by pointer, possibly because of the suspect comparison of pointers by ASSOCIATED.
NOTE from PE     0: MOM_restart: tres_x_013   initialization confirmed by name.
NOTE from PE     0: MOM_restart: Unable to find tres_y_013   queried by pointer, possibly because of the suspect comparison of pointers by ASSOCIATED.
NOTE from PE     0: MOM_restart: tres_y_013   initialization confirmed by name.
NOTE from PE     0: MOM_restart: Unable to find tres_x_014   queried by pointer, possibly because of the suspect comparison of pointers by ASSOCIATED.
NOTE from PE     0: MOM_restart: tres_x_014   initialization confirmed by name.
NOTE from PE     0: MOM_restart: Unable to find tres_y_014   queried by pointer, possibly because of the suspect comparison of pointers by ASSOCIATED.
NOTE from PE     0: MOM_restart: tres_y_014   initialization confirmed by name.
NOTE from PE     0: MOM_restart: Unable to find tres_x_015   queried by pointer, possibly because of the suspect comparison of pointers by ASSOCIATED.
NOTE from PE     0: MOM_restart: tres_x_015   initialization confirmed by name.
NOTE from PE     0: MOM_restart: Unable to find tres_y_015   queried by pointer, possibly because of the suspect comparison of pointers by ASSOCIATED.
NOTE from PE     0: MOM_restart: tres_y_015   initialization confirmed by name.
NOTE from PE     0: MOM_restart: Unable to find tres_x_016   queried by pointer, possibly because of the suspect comparison of pointers by ASSOCIATED.
NOTE from PE     0: MOM_restart: tres_x_016   initialization confirmed by name.
NOTE from PE     0: MOM_restart: Unable to find tres_y_016   queried by pointer, possibly because of the suspect comparison of pointers by ASSOCIATED.
NOTE from PE     0: MOM_restart: tres_y_016   initialization confirmed by name.
NOTE from PE     0: MOM_restart: Unable to find tres_x_017   queried by pointer, possibly because of the suspect comparison of pointers by ASSOCIATED.
NOTE from PE     0: MOM_restart: tres_x_017   initialization confirmed by name.
NOTE from PE     0: MOM_restart: Unable to find tres_y_017   queried by pointer, possibly because of the suspect comparison of pointers by ASSOCIATED.
NOTE from PE     0: MOM_restart: tres_y_017   initialization confirmed by name.
 MOM_in domain decomposition
whalo =    0, ehalo =    0, shalo =    0, nhalo =    0
  X-AXIS =   19  19  19  19  19  19  19  19  19  19
  Y-AXIS =   19  19  19  18  18  18  18  19  19  19
NOTE from PE     0: data_override_init: You are using the legacy version of the data table.
NOTE from PE     0: data_override_init: You are using the legacy version of the data table.
  max rss=1059397632.0 MB
  max rss=1114673152.0 MB
  max rss=1187160064.0 MB
  max rss=1259638784.0 MB
  max rss=1330712576.0 MB
  max rss=1350025216.0 MB
  max rss=1364987904.0 MB
  max rss=1365286912.0 MB
  max rss=1365807104.0 MB
  max rss=1366204416.0 MB
  max rss=1366372352.0 MB
  max rss=1366544384.0 MB
  max rss=1366913024.0 MB
  max rss=1367113728.0 MB
  max rss=1367154688.0 MB
  max rss=1367388160.0 MB
  max rss=1367552000.0 MB
  max rss=1367552000.0 MB
  max rss=1367818240.0 MB
  max rss=1368064000.0 MB
  max rss=1368285184.0 MB
  max rss=1368489984.0 MB
  max rss=1368682496.0 MB
  max rss=1368870912.0 MB
  max rss=1368870912.0 MB
  max rss=1369538560.0 MB
  max rss=1369600000.0 MB
  max rss=1369600000.0 MB
  max rss=1369600000.0 MB
  max rss=1369600000.0 MB
  max rss=1369600000.0 MB

WARNING from PE     0: diag_util_mod::opening_file: module/field_name (generic_wombatlite/pprod_gross_2d) NOT registered


WARNING from PE     0: diag_util_mod::opening_file: module/field_name (generic_wombatlite/pprod_gross) NOT registered


WARNING from PE     0: diag_util_mod::opening_file: module/field_name (generic_wombatlite/zprod_gross) NOT registered


WARNING from PE     0: diag_util_mod::opening_file: module/field_name (generic_wombatlite/alk_correct) NOT registered


WARNING from PE     0: diag_util_mod::opening_file: module/field_name (generic_wombatlite/dic_correct) NOT registered

  max rss=1781293056.0 MB
  max rss=1781350400.0 MB
  max rss=1781350400.0 MB
  max rss=1781350400.0 MB
  max rss=1781350400.0 MB
  max rss=1781350400.0 MB
  max rss=1781350400.0 MB
  max rss=1782095872.0 MB
  max rss=1782194176.0 MB
  max rss=1782259712.0 MB
  max rss=1782317056.0 MB
  max rss=1782358016.0 MB
  max rss=1782358016.0 MB
  max rss=1782358016.0 MB
  max rss=1795768320.0 MB
  max rss=1795768320.0 MB
  max rss=1795813376.0 MB
  max rss=1795928064.0 MB
  max rss=1795928064.0 MB
  max rss=1795973120.0 MB
  max rss=1796157440.0 MB
  max rss=1796292608.0 MB
  max rss=1796292608.0 MB
  max rss=1796337664.0 MB
  max rss=1796468736.0 MB
  max rss=1796468736.0 MB
  max rss=1796468736.0 MB
  max rss=1796485120.0 MB
  max rss=1796485120.0 MB
