 (t_initf) Read in prof_inparm namelist from: drv_in
 (t_initf) Using profile_disable=          F
 (t_initf)       profile_timer=                      4
 (t_initf)       profile_depth_limit=                4
 (t_initf)       profile_detail_limit=               2
 (t_initf)       profile_barrier=          F
 (t_initf)       profile_outpe_num=                  1
 (t_initf)       profile_outpe_stride=               0
 (t_initf)       profile_single_file=      F
 (t_initf)       profile_global_stats=     T
 (t_initf)       profile_ovhd_measurement= F
 (t_initf)       profile_add_detail=       F
 (t_initf)       profile_papi_enable=      F

WARNING from PE     0: MOM_file_parser : OBC_NUMBER_OF_SEGMENTS over-ridden.  Line: 'OBC_NUMBER_OF_SEGMENTS = 4' in file MOM_override.


WARNING from PE     0: MOM_file_parser : DT over-ridden.  Line: 'DT = 50' in file MOM_override.


WARNING from PE     0: MOM_file_parser : DT_THERM over-ridden.  Line: 'DT_THERM = 300' in file MOM_override.


FATAL from PE     0:  initialize_topography_from_file: Unable to open INPUT/bathymetry.nc


FATAL from PE    19:  initialize_topography_from_file: Unable to open INPUT/bathymetry.nc


FATAL from PE    49:  initialize_topography_from_file: Unable to open INPUT/bathymetry.nc


FATAL from PE    53:  initialize_topography_from_file: Unable to open INPUT/bathymetry.nc


FATAL from PE    54:  initialize_topography_from_file: Unable to open INPUT/bathymetry.nc


FATAL from PE    55:  initialize_topography_from_file: Unable to open INPUT/bathymetry.nc


FATAL from PE    60:  initialize_topography_from_file: Unable to open INPUT/bathymetry.nc


FATAL from PE    62:  initialize_topography_from_file: Unable to open INPUT/bathymetry.nc


FATAL from PE    63:  initialize_topography_from_file: Unable to open INPUT/bathymetry.nc


FATAL from PE    66:  initialize_topography_from_file: Unable to open INPUT/bathymetry.nc


FATAL from PE    67:  initialize_topography_from_file: Unable to open INPUT/bathymetry.nc


FATAL from PE    87:  initialize_topography_from_file: Unable to open INPUT/bathymetry.nc


FATAL from PE     2:  initialize_topography_from_file: Unable to open INPUT/bathymetry.nc


FATAL from PE     3:  initialize_topography_from_file: Unable to open INPUT/bathymetry.nc


FATAL from PE     4:  initialize_topography_from_file: Unable to open INPUT/bathymetry.nc


FATAL from PE     9:  initialize_topography_from_file: Unable to open INPUT/bathymetry.nc


FATAL from PE    10:  initialize_topography_from_file: Unable to open INPUT/bathymetry.nc


FATAL from PE    12:  initialize_topography_from_file: Unable to open INPUT/bathymetry.nc


FATAL from PE    15:  initialize_topography_from_file: Unable to open INPUT/bathymetry.nc


FATAL from PE    18:  initialize_topography_from_file: Unable to open INPUT/bathymetry.nc


FATAL from PE    33:  initialize_topography_from_file: Unable to open INPUT/bathymetry.nc


FATAL from PE    34:  initialize_topography_from_file: Unable to open INPUT/bathymetry.nc


FATAL from PE    48:  initialize_topography_from_file: Unable to open INPUT/bathymetry.nc


FATAL from PE    50:  initialize_topography_from_file: Unable to open INPUT/bathymetry.nc


FATAL from PE    51:  initialize_topography_from_file: Unable to open INPUT/bathymetry.nc


FATAL from PE    52:  initialize_topography_from_file: Unable to open INPUT/bathymetry.nc


FATAL from PE    57:  initialize_topography_from_file: Unable to open INPUT/bathymetry.nc


FATAL from PE    58:  initialize_topography_from_file: Unable to open INPUT/bathymetry.nc


FATAL from PE    61:  initialize_topography_from_file: Unable to open INPUT/bathymetry.nc


FATAL from PE    65:  initialize_topography_from_file: Unable to open INPUT/bathymetry.nc


FATAL from PE    68:  initialize_topography_from_file: Unable to open INPUT/bathymetry.nc


FATAL from PE    69:  initialize_topography_from_file: Unable to open INPUT/bathymetry.nc


FATAL from PE    70:  initialize_topography_from_file: Unable to open INPUT/bathymetry.nc


FATAL from PE    72:  initialize_topography_from_file: Unable to open INPUT/bathymetry.nc


FATAL from PE    73:  initialize_topography_from_file: Unable to open INPUT/bathymetry.nc


FATAL from PE    76:  initialize_topography_from_file: Unable to open INPUT/bathymetry.nc


FATAL from PE    77:  initialize_topography_from_file: Unable to open INPUT/bathymetry.nc


FATAL from PE    78:  initialize_topography_from_file: Unable to open INPUT/bathymetry.nc


FATAL from PE    79:  initialize_topography_from_file: Unable to open INPUT/bathymetry.nc


FATAL from PE    81:  initialize_topography_from_file: Unable to open INPUT/bathymetry.nc


FATAL from PE    82:  initialize_topography_from_file: Unable to open INPUT/bathymetry.nc


FATAL from PE    84:  initialize_topography_from_file: Unable to open INPUT/bathymetry.nc


FATAL from PE    85:  initialize_topography_from_file: Unable to open INPUT/bathymetry.nc


FATAL from PE    86:  initialize_topography_from_file: Unable to open INPUT/bathymetry.nc


FATAL from PE     1:  initialize_topography_from_file: Unable to open INPUT/bathymetry.nc


FATAL from PE     5:  initialize_topography_from_file: Unable to open INPUT/bathymetry.nc


FATAL from PE     6:  initialize_topography_from_file: Unable to open INPUT/bathymetry.nc


FATAL from PE     7:  initialize_topography_from_file: Unable to open INPUT/bathymetry.nc


FATAL from PE     8:  initialize_topography_from_file: Unable to open INPUT/bathymetry.nc


FATAL from PE    11:  initialize_topography_from_file: Unable to open INPUT/bathymetry.nc


FATAL from PE    13:  initialize_topography_from_file: Unable to open INPUT/bathymetry.nc


FATAL from PE    14:  initialize_topography_from_file: Unable to open INPUT/bathymetry.nc


FATAL from PE    16:  initialize_topography_from_file: Unable to open INPUT/bathymetry.nc


FATAL from PE    17:  initialize_topography_from_file: Unable to open INPUT/bathymetry.nc


FATAL from PE    20:  initialize_topography_from_file: Unable to open INPUT/bathymetry.nc


FATAL from PE    21:  initialize_topography_from_file: Unable to open INPUT/bathymetry.nc


FATAL from PE    22:  initialize_topography_from_file: Unable to open INPUT/bathymetry.nc


FATAL from PE    23:  initialize_topography_from_file: Unable to open INPUT/bathymetry.nc


FATAL from PE    24:  initialize_topography_from_file: Unable to open INPUT/bathymetry.nc


FATAL from PE    25:  initialize_topography_from_file: Unable to open INPUT/bathymetry.nc


FATAL from PE    26:  initialize_topography_from_file: Unable to open INPUT/bathymetry.nc


FATAL from PE    27:  initialize_topography_from_file: Unable to open INPUT/bathymetry.nc


FATAL from PE    28:  initialize_topography_from_file: Unable to open INPUT/bathymetry.nc


FATAL from PE    29:  initialize_topography_from_file: Unable to open INPUT/bathymetry.nc


FATAL from PE    30:  initialize_topography_from_file: Unable to open INPUT/bathymetry.nc


FATAL from PE    31:  initialize_topography_from_file: Unable to open INPUT/bathymetry.nc


FATAL from PE    32:  initialize_topography_from_file: Unable to open INPUT/bathymetry.nc


FATAL from PE    35:  initialize_topography_from_file: Unable to open INPUT/bathymetry.nc


FATAL from PE    36:  initialize_topography_from_file: Unable to open INPUT/bathymetry.nc


FATAL from PE    37:  initialize_topography_from_file: Unable to open INPUT/bathymetry.nc


FATAL from PE    38:  initialize_topography_from_file: Unable to open INPUT/bathymetry.nc


FATAL from PE    39:  initialize_topography_from_file: Unable to open INPUT/bathymetry.nc


FATAL from PE    40:  initialize_topography_from_file: Unable to open INPUT/bathymetry.nc


FATAL from PE    41:  initialize_topography_from_file: Unable to open INPUT/bathymetry.nc


FATAL from PE    42:  initialize_topography_from_file: Unable to open INPUT/bathymetry.nc


FATAL from PE    43:  initialize_topography_from_file: Unable to open INPUT/bathymetry.nc


FATAL from PE    44:  initialize_topography_from_file: Unable to open INPUT/bathymetry.nc


FATAL from PE    45:  initialize_topography_from_file: Unable to open INPUT/bathymetry.nc


FATAL from PE    46:  initialize_topography_from_file: Unable to open INPUT/bathymetry.nc


FATAL from PE    47:  initialize_topography_from_file: Unable to open INPUT/bathymetry.nc


FATAL from PE    56:  initialize_topography_from_file: Unable to open INPUT/bathymetry.nc


FATAL from PE    71:  initialize_topography_from_file: Unable to open INPUT/bathymetry.nc


FATAL from PE    74:  initialize_topography_from_file: Unable to open INPUT/bathymetry.nc


FATAL from PE    75:  initialize_topography_from_file: Unable to open INPUT/bathymetry.nc


FATAL from PE    80:  initialize_topography_from_file: Unable to open INPUT/bathymetry.nc


FATAL from PE    83:  initialize_topography_from_file: Unable to open INPUT/bathymetry.nc


FATAL from PE    64:  initialize_topography_from_file: Unable to open INPUT/bathymetry.nc


FATAL from PE    59:  initialize_topography_from_file: Unable to open INPUT/bathymetry.nc

Image              PC                Routine            Line        Source             
access-om3-MOM6    00000000018C01D1  mpp_error_basic            80  mpp_util_mpi.inc
access-om3-MOM6    00000000007C0936  mom_error                 178  MOM_error_handler.F90
access-om3-MOM6    0000000000871D37  initialize_topogr         166  MOM_shared_initialization.F90
access-om3-MOM6    000000000085AFF2  mom_initialize_to         227  MOM_fixed_initialization.F90
access-om3-MOM6    0000000000859BEB  mom_initialize_fi          85  MOM_fixed_initialization.F90
access-om3-MOM6    000000000056AB2E  initialize_mom           2878  MOM.F90
access-om3-MOM6    000000000053579D  ocean_model_init          283  mom_ocean_model_nuopc.F90
access-om3-MOM6    00000000004F6A9D  initializeadverti         753  mom_cap.F90
libesmf.so         0000145F81CEA558  _ZN5ESMCI6FTable1     Unknown  Unknown
libesmf.so         0000145F81CE9F9C  ESMCI_FTableCallE     Unknown  Unknown
libesmf.so         0000145F82029664  _ZN5ESMCI2VM5ente     Unknown  Unknown
libesmf.so         0000145F81CEAC30  c_esmc_ftablecall     Unknown  Unknown
libesmf.so         0000145F822297F8  esmf_compmod_mp_e     Unknown  Unknown
libesmf.so         0000145F824A4B39  esmf_gridcompmod_     Unknown  Unknown
libesmf.so         0000145F82830477  nuopc_driver_mp_l     Unknown  Unknown
libesmf.so         0000145F8281F8C7  nuopc_driver_mp_i     Unknown  Unknown
libesmf.so         0000145F81CEA558  _ZN5ESMCI6FTable1     Unknown  Unknown
libesmf.so         0000145F81CE9F9C  ESMCI_FTableCallE     Unknown  Unknown
libesmf.so         0000145F82029664  _ZN5ESMCI2VM5ente     Unknown  Unknown
libesmf.so         0000145F81CEAC30  c_esmc_ftablecall     Unknown  Unknown
libesmf.so         0000145F822297F8  esmf_compmod_mp_e     Unknown  Unknown
libesmf.so         0000145F824A4B39  esmf_gridcompmod_     Unknown  Unknown
libesmf.so         0000145F82830477  nuopc_driver_mp_l     Unknown  Unknown
libesmf.so         0000145F8281F7C3  nuopc_driver_mp_i     Unknown  Unknown
libesmf.so         0000145F8281646E  nuopc_driver_mp_i     Unknown  Unknown
libesmf.so         0000145F81CEA558  _ZN5ESMCI6FTable1     Unknown  Unknown
libesmf.so         0000145F81CE9F9C  ESMCI_FTableCallE     Unknown  Unknown
libesmf.so         0000145F82029664  _ZN5ESMCI2VM5ente     Unknown  Unknown
libesmf.so         0000145F81CEAC30  c_esmc_ftablecall     Unknown  Unknown
libesmf.so         0000145F822297F8  esmf_compmod_mp_e     Unknown  Unknown
libesmf.so         0000145F824A4B39  esmf_gridcompmod_     Unknown  Unknown
access-om3-MOM6    00000000004254AD  esmapp                    128  esmApp.F90
access-om3-MOM6    0000000000424EAD  Unknown               Unknown  Unknown
libc-2.28.so       0000145F7DFEA865  __libc_start_main     Unknown  Unknown
access-om3-MOM6    0000000000424DCE  Unknown               Unknown  Unknown
--------------------------------------------------------------------------
MPI_ABORT was invoked on rank 69 in communicator MPI_COMM_WORLD
with errorcode 1.

NOTE: invoking MPI_ABORT causes Open MPI to kill all MPI processes.
You may or may not see output from other processes, depending on
exactly when Open MPI kills them.
--------------------------------------------------------------------------
Image              PC                Routine            Line        Source             
access-om3-MOM6    00000000018C01D1  mpp_error_basic            80  mpp_util_mpi.inc
access-om3-MOM6    00000000007C0936  mom_error                 178  MOM_error_handler.F90
access-om3-MOM6    0000000000871D37  initialize_topogr         166  MOM_shared_initialization.F90
access-om3-MOM6    000000000085AFF2  mom_initialize_to         227  MOM_fixed_initialization.F90
access-om3-MOM6    0000000000859BEB  mom_initialize_fi          85  MOM_fixed_initialization.F90
access-om3-MOM6    000000000056AB2E  initialize_mom           2878  MOM.F90
access-om3-MOM6    000000000053579D  ocean_model_init          283  mom_ocean_model_nuopc.F90
access-om3-MOM6    00000000004F6A9D  initializeadverti         753  mom_cap.F90
libesmf.so         000015521375A558  _ZN5ESMCI6FTable1     Unknown  Unknown
libesmf.so         0000155213759F9C  ESMCI_FTableCallE     Unknown  Unknown
libesmf.so         0000155213A99664  _ZN5ESMCI2VM5ente     Unknown  Unknown
libesmf.so         000015521375AC30  c_esmc_ftablecall     Unknown  Unknown
libesmf.so         0000155213C997F8  esmf_compmod_mp_e     Unknown  Unknown
libesmf.so         0000155213F14B39  esmf_gridcompmod_     Unknown  Unknown
libesmf.so         00001552142A0477  nuopc_driver_mp_l     Unknown  Unknown
libesmf.so         000015521428F8C7  nuopc_driver_mp_i     Unknown  Unknown
libesmf.so         000015521375A558  _ZN5ESMCI6FTable1     Unknown  Unknown
libesmf.so         0000155213759F9C  ESMCI_FTableCallE     Unknown  Unknown
libesmf.so         0000155213A99664  _ZN5ESMCI2VM5ente     Unknown  Unknown
libesmf.so         000015521375AC30  c_esmc_ftablecall     Unknown  Unknown
libesmf.so         0000155213C997F8  esmf_compmod_mp_e     Unknown  Unknown
libesmf.so         0000155213F14B39  esmf_gridcompmod_     Unknown  Unknown
libesmf.so         00001552142A0477  nuopc_driver_mp_l     Unknown  Unknown
libesmf.so         000015521428F7C3  nuopc_driver_mp_i     Unknown  Unknown
libesmf.so         000015521428646E  nuopc_driver_mp_i     Unknown  Unknown
libesmf.so         000015521375A558  _ZN5ESMCI6FTable1     Unknown  Unknown
libesmf.so         0000155213759F9C  ESMCI_FTableCallE     Unknown  Unknown
libesmf.so         0000155213A99664  _ZN5ESMCI2VM5ente     Unknown  Unknown
libesmf.so         000015521375AC30  c_esmc_ftablecall     Unknown  Unknown
libesmf.so         0000155213C997F8  esmf_compmod_mp_e     Unknown  Unknown
libesmf.so         0000155213F14B39  esmf_gridcompmod_     Unknown  Unknown
access-om3-MOM6    00000000004254AD  esmapp                    128  esmApp.F90
access-om3-MOM6    0000000000424EAD  Unknown               Unknown  Unknown
libc-2.28.so       000015520FA5A865  __libc_start_main     Unknown  Unknown
access-om3-MOM6    0000000000424DCE  Unknown               Unknown  Unknown
[gadi-cpu-spr-0676.gadi.nci.org.au:1556232] PMIX ERROR: UNREACHABLE in file /jobfs/129486601.gadi-pbs/0/openmpi/4.1.7/source/openmpi-4.1.7/opal/mca/pmix/pmix3x/pmix/src/server/pmix_server.c at line 2198
[gadi-cpu-spr-0676.gadi.nci.org.au:1556232] PMIX ERROR: UNREACHABLE in file /jobfs/129486601.gadi-pbs/0/openmpi/4.1.7/source/openmpi-4.1.7/opal/mca/pmix/pmix3x/pmix/src/server/pmix_server.c at line 2198
Image              PC                Routine            Line        Source             
access-om3-MOM6    00000000018C01D1  mpp_error_basic            80  mpp_util_mpi.inc
access-om3-MOM6    00000000007C0936  mom_error                 178  MOM_error_handler.F90
access-om3-MOM6    0000000000871D37  initialize_topogr         166  MOM_shared_initialization.F90
access-om3-MOM6    000000000085AFF2  mom_initialize_to         227  MOM_fixed_initialization.F90
access-om3-MOM6    0000000000859BEB  mom_initialize_fi          85  MOM_fixed_initialization.F90
access-om3-MOM6    000000000056AB2E  initialize_mom           2878  MOM.F90
access-om3-MOM6    000000000053579D  ocean_model_init          283  mom_ocean_model_nuopc.F90
access-om3-MOM6    00000000004F6A9D  initializeadverti         753  mom_cap.F90
libesmf.so         0000150EA3DB9558  _ZN5ESMCI6FTable1     Unknown  Unknown
libesmf.so         0000150EA3DB8F9C  ESMCI_FTableCallE     Unknown  Unknown
libesmf.so         0000150EA40F8664  _ZN5ESMCI2VM5ente     Unknown  Unknown
libesmf.so         0000150EA3DB9C30  c_esmc_ftablecall     Unknown  Unknown
libesmf.so         0000150EA42F87F8  esmf_compmod_mp_e     Unknown  Unknown
libesmf.so         0000150EA4573B39  esmf_gridcompmod_     Unknown  Unknown
libesmf.so         0000150EA48FF477  nuopc_driver_mp_l     Unknown  Unknown
libesmf.so         0000150EA48EE8C7  nuopc_driver_mp_i     Unknown  Unknown
libesmf.so         0000150EA3DB9558  _ZN5ESMCI6FTable1     Unknown  Unknown
libesmf.so         0000150EA3DB8F9C  ESMCI_FTableCallE     Unknown  Unknown
libesmf.so         0000150EA40F8664  _ZN5ESMCI2VM5ente     Unknown  Unknown
libesmf.so         0000150EA3DB9C30  c_esmc_ftablecall     Unknown  Unknown
libesmf.so         0000150EA42F87F8  esmf_compmod_mp_e     Unknown  Unknown
libesmf.so         0000150EA4573B39  esmf_gridcompmod_     Unknown  Unknown
libesmf.so         0000150EA48FF477  nuopc_driver_mp_l     Unknown  Unknown
libesmf.so         0000150EA48EE7C3  nuopc_driver_mp_i     Unknown  Unknown
libesmf.so         0000150EA48E546E  nuopc_driver_mp_i     Unknown  Unknown
libesmf.so         0000150EA3DB9558  _ZN5ESMCI6FTable1     Unknown  Unknown
libesmf.so         0000150EA3DB8F9C  ESMCI_FTableCallE     Unknown  Unknown
libesmf.so         0000150EA40F8664  _ZN5ESMCI2VM5ente     Unknown  Unknown
libesmf.so         0000150EA3DB9C30  c_esmc_ftablecall     Unknown  Unknown
libesmf.so         0000150EA42F87F8  esmf_compmod_mp_e     Unknown  Unknown
libesmf.so         0000150EA4573B39  esmf_gridcompmod_     Unknown  Unknown
access-om3-MOM6    00000000004254AD  esmapp                    128  esmApp.F90
access-om3-MOM6    0000000000424EAD  Unknown               Unknown  Unknown
libc-2.28.so       0000150EA00B9865  __libc_start_main     Unknown  Unknown
access-om3-MOM6    0000000000424DCE  Unknown               Unknown  Unknown
Image              PC                Routine            Line        Source             
access-om3-MOM6    00000000018C01D1  mpp_error_basic            80  mpp_util_mpi.inc
access-om3-MOM6    00000000007C0936  mom_error                 178  MOM_error_handler.F90
access-om3-MOM6    0000000000871D37  initialize_topogr         166  MOM_shared_initialization.F90
access-om3-MOM6    000000000085AFF2  mom_initialize_to         227  MOM_fixed_initialization.F90
access-om3-MOM6    0000000000859BEB  mom_initialize_fi          85  MOM_fixed_initialization.F90
access-om3-MOM6    000000000056AB2E  initialize_mom           2878  MOM.F90
access-om3-MOM6    000000000053579D  ocean_model_init          283  mom_ocean_model_nuopc.F90
access-om3-MOM6    00000000004F6A9D  initializeadverti         753  mom_cap.F90
libesmf.so         0000153FA5916558  _ZN5ESMCI6FTable1     Unknown  Unknown
libesmf.so         0000153FA5915F9C  ESMCI_FTableCallE     Unknown  Unknown
libesmf.so         0000153FA5C55664  _ZN5ESMCI2VM5ente     Unknown  Unknown
libesmf.so         0000153FA5916C30  c_esmc_ftablecall     Unknown  Unknown
libesmf.so         0000153FA5E557F8  esmf_compmod_mp_e     Unknown  Unknown
libesmf.so         0000153FA60D0B39  esmf_gridcompmod_     Unknown  Unknown
libesmf.so         0000153FA645C477  nuopc_driver_mp_l     Unknown  Unknown
libesmf.so         0000153FA644B8C7  nuopc_driver_mp_i     Unknown  Unknown
libesmf.so         0000153FA5916558  _ZN5ESMCI6FTable1     Unknown  Unknown
libesmf.so         0000153FA5915F9C  ESMCI_FTableCallE     Unknown  Unknown
libesmf.so         0000153FA5C55664  _ZN5ESMCI2VM5ente     Unknown  Unknown
libesmf.so         0000153FA5916C30  c_esmc_ftablecall     Unknown  Unknown
libesmf.so         0000153FA5E557F8  esmf_compmod_mp_e     Unknown  Unknown
libesmf.so         0000153FA60D0B39  esmf_gridcompmod_     Unknown  Unknown
libesmf.so         0000153FA645C477  nuopc_driver_mp_l     Unknown  Unknown
libesmf.so         0000153FA644B7C3  nuopc_driver_mp_i     Unknown  Unknown
libesmf.so         0000153FA644246E  nuopc_driver_mp_i     Unknown  Unknown
No errorforrtl: error (78): process killed (SIGTERM)
Image              PC                Routine            Line        Source             
libpthread-2.28.s  0000153FA1FC4990  Unknown               Unknown  Unknown
libpthread-2.28.s  0000153FA1FC3E20  nanosleep             Unknown  Unknown
libopen-rte.so.40  0000153F9DE8944A  orte_show_help_no     Unknown  Unknown
libopen-rte.so.40  0000153F9DE897AC  orte_show_help        Unknown  Unknown
libmpi.so.40.30.7  0000153FA312200A  PMPI_Abort            Unknown  Unknown
libmpi_mpifh.so    0000153FA346C2AE  Unknown               Unknown  Unknown
access-om3-MOM6    00000000018C01E7  mpp_error_basic            84  mpp_util_mpi.inc
access-om3-MOM6    00000000007C0936  mom_error                 178  MOM_error_handler.F90
access-om3-MOM6    0000000000871D37  initialize_topogr         166  MOM_shared_initialization.F90
access-om3-MOM6    000000000085AFF2  mom_initialize_to         227  MOM_fixed_initialization.F90
access-om3-MOM6    0000000000859BEB  mom_initialize_fi          85  MOM_fixed_initialization.F90
access-om3-MOM6    000000000056AB2E  initialize_mom           2878  MOM.F90
access-om3-MOM6    000000000053579D  ocean_model_init          283  mom_ocean_model_nuopc.F90
access-om3-MOM6    00000000004F6A9D  initializeadverti         753  mom_cap.F90
libesmf.so         0000153FA5916558  _ZN5ESMCI6FTable1     Unknown  Unknown
libesmf.so         0000153FA5915F9C  ESMCI_FTableCallE     Unknown  Unknown
libesmf.so         0000153FA5C55664  _ZN5ESMCI2VM5ente     Unknown  Unknown
libesmf.so         0000153FA5916C30  c_esmc_ftablecall     Unknown  Unknown
libesmf.so         0000153FA5E557F8  esmf_compmod_mp_e     Unknown  Unknown
libesmf.so         0000153FA60D0B39  esmf_gridcompmod_     Unknown  Unknown
libesmf.so         0000153FA645C477  nuopc_driver_mp_l     Unknown  Unknown
libesmf.so         0000153FA644B8C7  nuopc_driver_mp_i     Unknown  Unknown
libesmf.so         0000153FA5916558  _ZN5ESMCI6FTable1     Unknown  Unknown
lImage              PC                Routine            Line        Source             
access-om3-MOM6    00000000018C01D1  mpp_error_basic            80  mpp_util_mpi.inc
access-om3-MOM6    00000000007C0936  mom_error                 178  MOM_error_handler.F90
access-om3-MOM6    0000000000871D37  initialize_topogr         166  MOM_shared_initialization.F90
access-om3-MOM6    000000000085AFF2  mom_initialize_to         227  MOM_fixed_initialization.F90
access-om3-MOM6    0000000000859BEB  mom_initialize_fi          85  MOM_fixed_initialization.F90
access-om3-MOM6    000000000056AB2E  initialize_mom           2878  MOM.F90
access-om3-MOM6    000000000053579D  ocean_model_init          283  mom_ocean_model_nuopc.F90
access-om3-MOM6    00000000004F6A9D  initializeadverti         753  mom_cap.F90
libesmf.so         0000147451065558  _ZN5ESMCI6FTable1     Unknown  Unknown
libesmf.so         0000147451064F9C  ESMCI_FTableCallE     Unknown  Unknown
libesmf.so         00001474513A4664  _ZN5ESMCI2VM5ente     Unknown  Unknown
libesmf.so         0000147451065C30  c_esmc_ftablecall     Unknown  Unknown
libesmf.so         00001474515A47F8  esmf_compmod_mp_e     Unknown  Unknown
libesmf.so         000014745181FB39  esmf_gridcompmod_     Unknown  Unknown
libesmf.so         0000147451BAB477  nuopc_driver_mp_l     Unknown  Unknown
libesmf.so         0000147451B9A8C7  nuopc_driver_mp_i     Unknown  Unknown
libesmf.so         0000147451065558  _ZN5ESMCI6FTable1     Unknown  Unknown
libesmf.so         0000147451064F9C  ESMCI_FTableCallE     Unknown  Unknown
libesmf.so         00001474513A4664  _ZN5ESMCI2VM5ente     Unknown  Unknown
libesmf.so         0000147451065C30  c_esmc_ftablecall     Unknown  Unknown
libesmf.so         00001474515A47F8  esmf_compmod_mp_e     Unknown  Unknown
No errorforrtl: error (78): process killed (SIGTERM)
Image              PC                Routine            Line        Source             
libpthread-2.28.s  000014744D713990  Unknown               Unknown  Unknown
libpthread-2.28.s  000014744D712E20  nanosleep             Unknown  Unknown
libopen-rte.so.40  00001474495D844A  orte_show_help_no     Unknown  Unknown
libopen-rte.so.40  00001474495D87AC  orte_show_help        Unknown  Unknown
libmpi.so.40.30.7  000014744E87100A  PMPI_Abort            Unknown  Unknown
libmpi_mpifh.so    000014744EBBB2AE  Unknown               Unknown  Unknown
access-om3-MOM6    00000000018C01E7  mpp_error_basic            84  mpp_util_mpi.inc
access-om3-MOM6    00000000007C0936  mom_error                 178  MOM_error_handler.F90
access-om3-MOM6    0000000000871D37  initialize_topogr         166  MOM_shared_initialization.F90
access-om3-MOM6    000000000085AFF2  mom_initialize_to         227  MOM_fixed_initialization.F90
access-om3-MOM6    0000000000859BEB  mom_initialize_fi          85  MOM_fixed_initialization.F90
access-om3-MOM6    000000000056AB2E  initialize_mom           2878  MOM.F90
access-om3-MOM6    000000000053579D  ocean_model_init          283  mom_ocean_model_nuopc.F90
access-om3-MOM6    00000000004F6A9D  initializeadverti         753  mom_cap.F90
libesmf.so         0000147451065558  _ZN5ESMCI6FTable1     Unknown  Unknown
libesmf.so         0000147451064F9C  ESMCI_FTableCallE     Unknown  Unknown
libesmf.so         00001474513A4664  _ZN5ESMCI2VM5ente     Unknown  Unknown
libesmf.so         0000147451065C30  c_esmc_ftablecall     Unknown  Unknown
libesmf.so         00001474515A47F8  esmf_compmod_mp_e     Unknown  Unknown
libesmf.so         000014745181FB39  esmf_gridcompmod_     Unknown  Unknown
libesmf.so         0000147451BAB477  nuopc_driver_mp_l     Unknown  Unknown
libesmf.so         0000147451B9A8C7  nuopc_driver_mp_i     Unknown  Unknown
libesmf.so         0000147451065558  _ZN5ESMCI6FTable1     Unknown  Unknown
libesmf.so         0000147451064F9C  ESMCI_FTableCallE     Unknown  Unknown
libesmf.so         00001474513A4664  _ZN5ESMCI2VM5ente     Unknown  Unknown
libesmf.so         0000147451065C30  c_esmc_ftablecall     Unknown  Unknown
libesmf.so         00001474515A47F8  esmf_compmod_mp_e     Unknown  Unknown
lImage              PC                Routine            Line        Source             
access-om3-MOM6    00000000018C01D1  mpp_error_basic            80  mpp_util_mpi.inc
access-om3-MOM6    00000000007C0936  mom_error                 178  MOM_error_handler.F90
access-om3-MOM6    0000000000871D37  initialize_topogr         166  MOM_shared_initialization.F90
access-om3-MOM6    000000000085AFF2  mom_initialize_to         227  MOM_fixed_initialization.F90
access-om3-MOM6    0000000000859BEB  mom_initialize_fi          85  MOM_fixed_initialization.F90
access-om3-MOM6    000000000056AB2E  initialize_mom           2878  MOM.F90
access-om3-MOM6    000000000053579D  ocean_model_init          283  mom_ocean_model_nuopc.F90
access-om3-MOM6    00000000004F6A9D  initializeadverti         753  mom_cap.F90
libesmf.so         000014FCAB75C558  _ZN5ESMCI6FTable1     Unknown  Unknown
libesmf.so         000014FCAB75BF9C  ESMCI_FTableCallE     Unknown  Unknown
libesmf.so         000014FCABA9B664  _ZN5ESMCI2VM5ente     Unknown  Unknown
libesmf.so         000014FCAB75CC30  c_esmc_ftablecall     Unknown  Unknown
libesmf.so         000014FCABC9B7F8  esmf_compmod_mp_e     Unknown  Unknown
libesmf.so         000014FCABF16B39  esmf_gridcompmod_     Unknown  Unknown
libesmf.so         000014FCAC2A2477  nuopc_driver_mp_l     Unknown  Unknown
libesmf.so         000014FCAC2918C7  nuopc_driver_mp_i     Unknown  Unknown
libesmf.so         000014FCAB75C558  _ZN5ESMCI6FTable1     Unknown  Unknown
libesmf.so         000014FCAB75BF9C  ESMCI_FTableCallE     Unknown  Unknown
libesmf.so         000014FCABA9B664  _ZN5ESMCI2VM5ente     Unknown  Unknown
libesmf.so         000014FCAB75CC30  c_esmc_ftablecall     Unknown  Unknown
libesmf.so         000014FCABC9B7F8  esmf_compmod_mp_e     Unknown  Unknown
No errorforrtl: error (78): process killed (SIGTERM)
Image              PC                Routine            Line        Source             
libpthread-2.28.s  000014FCA7E0A990  Unknown               Unknown  Unknown
libpthread-2.28.s  000014FCA7E09E20  nanosleep             Unknown  Unknown
libopen-rte.so.40  000014FCA3CCF44A  orte_show_help_no     Unknown  Unknown
libopen-rte.so.40  000014FCA3CCF7AC  orte_show_help        Unknown  Unknown
libmpi.so.40.30.7  000014FCA8F6800A  PMPI_Abort            Unknown  Unknown
libmpi_mpifh.so    000014FCA92B22AE  Unknown               Unknown  Unknown
access-om3-MOM6    00000000018C01E7  mpp_error_basic            84  mpp_util_mpi.inc
access-om3-MOM6    00000000007C0936  mom_error                 178  MOM_error_handler.F90
access-om3-MOM6    0000000000871D37  initialize_topogr         166  MOM_shared_initialization.F90
access-om3-MOM6    000000000085AFF2  mom_initialize_to         227  MOM_fixed_initialization.F90
access-om3-MOM6    0000000000859BEB  mom_initialize_fi          85  MOM_fixed_initialization.F90
access-om3-MOM6    000000000056AB2E  initialize_mom           2878  MOM.F90
access-om3-MOM6    000000000053579D  ocean_model_init          283  mom_ocean_model_nuopc.F90
access-om3-MOM6    00000000004F6A9D  initializeadverti         753  mom_cap.F90
libesmf.so         000014FCAB75C558  _ZN5ESMCI6FTable1     Unknown  Unknown
libesmf.so         000014FCAB75BF9C  ESMCI_FTableCallE     Unknown  Unknown
libesmf.so         000014FCABA9B664  _ZN5ESMCI2VM5ente     Unknown  Unknown
libesmf.so         000014FCAB75CC30  c_esmc_ftablecall     Unknown  Unknown
libesmf.so         000014FCABC9B7F8  esmf_compmod_mp_e     Unknown  Unknown
libesmf.so         000014FCABF16B39  esmf_gridcompmod_     Unknown  Unknown
libesmf.so         000014FCAC2A2477  nuopc_driver_mp_l     Unknown  Unknown
libesmf.so         000014FCAC2918C7  nuopc_driver_mp_i     Unknown  Unknown
libesmf.so         000014FCAB75C558  _ZN5ESMCI6FTable1     Unknown  Unknown
libesmf.so         000014FCAB75BF9C  ESMCI_FTableCallE     Unknown  Unknown
libesmf.so         000014FCABA9B664  _ZN5ESMCI2VM5ente     Unknown  Unknown
libesmf.so         000014FCAB75CC30  c_esmc_ftablecall     Unknown  Unknown
libesmf.so         000014FCABC9B7F8  esmf_compmod_mp_e     Unknown  Unknown
lImage              PC                Routine            Line        Source             
access-om3-MOM6    00000000018C01D1  mpp_error_basic            80  mpp_util_mpi.inc
access-om3-MOM6    00000000007C0936  mom_error                 178  MOM_error_handler.F90
access-om3-MOM6    0000000000871D37  initialize_topogr         166  MOM_shared_initialization.F90
access-om3-MOM6    000000000085AFF2  mom_initialize_to         227  MOM_fixed_initialization.F90
access-om3-MOM6    0000000000859BEB  mom_initialize_fi          85  MOM_fixed_initialization.F90
access-om3-MOM6    000000000056AB2E  initialize_mom           2878  MOM.F90
access-om3-MOM6    000000000053579D  ocean_model_init          283  mom_ocean_model_nuopc.F90
access-om3-MOM6    00000000004F6A9D  initializeadverti         753  mom_cap.F90
libesmf.so         000014FE55543558  _ZN5ESMCI6FTable1     Unknown  Unknown
libesmf.so         000014FE55542F9C  ESMCI_FTableCallE     Unknown  Unknown
libesmf.so         000014FE55882664  _ZN5ESMCI2VM5ente     Unknown  Unknown
libesmf.so         000014FE55543C30  c_esmc_ftablecall     Unknown  Unknown
libesmf.so         000014FE55A827F8  esmf_compmod_mp_e     Unknown  Unknown
libesmf.so         000014FE55CFDB39  esmf_gridcompmod_     Unknown  Unknown
libesmf.so         000014FE56089477  nuopc_driver_mp_l     Unknown  Unknown
libesmf.so         000014FE560788C7  nuopc_driver_mp_i     Unknown  Unknown
libesmf.so         000014FE55543558  _ZN5ESMCI6FTable1     Unknown  Unknown
libesmf.so         000014FE55542F9C  ESMCI_FTableCallE     Unknown  Unknown
libesmf.so         000014FE55882664  _ZN5ESMCI2VM5ente     Unknown  Unknown
libesmf.so         000014FE55543C30  c_esmc_ftablecall     Unknown  Unknown
libesmf.so         000014FE55A827F8  esmf_compmod_mp_e     Unknown  Unknown
libesmf.so         000014FE55CFDB39  esmf_gridcompmod_     Unknown  Unknown
No errorforrtl: error (78): process killed (SIGTERM)
Image              PC                Routine            Line        Source             
libpthread-2.28.s  000014FE51BF1990  Unknown               Unknown  Unknown
libpthread-2.28.s  000014FE51BF0E20  nanosleep             Unknown  Unknown
libopen-rte.so.40  000014FE4DAB644A  orte_show_help_no     Unknown  Unknown
libopen-rte.so.40  000014FE4DAB67AC  orte_show_help        Unknown  Unknown
libmpi.so.40.30.7  000014FE52D4F00A  PMPI_Abort            Unknown  Unknown
libmpi_mpifh.so    000014FE530992AE  Unknown               Unknown  Unknown
access-om3-MOM6    00000000018C01E7  mpp_error_basic            84  mpp_util_mpi.inc
access-om3-MOM6    00000000007C0936  mom_error                 178  MOM_error_handler.F90
access-om3-MOM6    0000000000871D37  initialize_topogr         166  MOM_shared_initialization.F90
access-om3-MOM6    000000000085AFF2  mom_initialize_to         227  MOM_fixed_initialization.F90
access-om3-MOM6    0000000000859BEB  mom_initialize_fi          85  MOM_fixed_initialization.F90
access-om3-MOM6    000000000056AB2E  initialize_mom           2878  MOM.F90
access-om3-MOM6    000000000053579D  ocean_model_init          283  mom_ocean_model_nuopc.F90
access-om3-MOM6    00000000004F6A9D  initializeadverti         753  mom_cap.F90
libesmf.so         000014FE55543558  _ZN5ESMCI6FTable1     Unknown  Unknown
libesmf.so         000014FE55542F9C  ESMCI_FTableCallE     Unknown  Unknown
libesmf.so         000014FE55882664  _ZN5ESMCI2VM5ente     Unknown  Unknown
libesmf.so         000014FE55543C30  c_esmc_ftablecall     Unknown  Unknown
libesmf.so         000014FE55A827F8  esmf_compmod_mp_e     Unknown  Unknown
libesmf.so         000014FE55CFDB39  esmf_gridcompmod_     Unknown  Unknown
libesmf.so         000014FE56089477  nuopc_driver_mp_l     Unknown  Unknown
libesmf.so         000014FE560788C7  nuopc_driver_mp_i     Unknown  Unknown
libesmf.so         000014FE55543558  _ZN5ESMCI6FTable1     Unknown  Unknown
libesmf.so         000014FE55542F9C  ESMCI_FTableCallE     Unknown  Unknown
libesmf.so         000014FE55882664  _ZN5ESMCI2VM5ente     Unknown  Unknown
libesmf.so         000014FE55543C30  c_esmc_ftablecall     Unknown  Unknown
lImage              PC                Routine            Line        Source             
access-om3-MOM6    00000000018C01D1  mpp_error_basic            80  mpp_util_mpi.inc
access-om3-MOM6    00000000007C0936  mom_error                 178  MOM_error_handler.F90
access-om3-MOM6    0000000000871D37  initialize_topogr         166  MOM_shared_initialization.F90
access-om3-MOM6    000000000085AFF2  mom_initialize_to         227  MOM_fixed_initialization.F90
access-om3-MOM6    0000000000859BEB  mom_initialize_fi          85  MOM_fixed_initialization.F90
access-om3-MOM6    000000000056AB2E  initialize_mom           2878  MOM.F90
access-om3-MOM6    000000000053579D  ocean_model_init          283  mom_ocean_model_nuopc.F90
access-om3-MOM6    00000000004F6A9D  initializeadverti         753  mom_cap.F90
libesmf.so         000014A737A63558  _ZN5ESMCI6FTable1     Unknown  Unknown
libesmf.so         000014A737A62F9C  ESMCI_FTableCallE     Unknown  Unknown
libesmf.so         000014A737DA2664  _ZN5ESMCI2VM5ente     Unknown  Unknown
libesmf.so         000014A737A63C30  c_esmc_ftablecall     Unknown  Unknown
libesmf.so         000014A737FA27F8  esmf_compmod_mp_e     Unknown  Unknown
libesmf.so         000014A73821DB39  esmf_gridcompmod_     Unknown  Unknown
libesmf.so         000014A7385A9477  nuopc_driver_mp_l     Unknown  Unknown
libesmf.so         000014A7385988C7  nuopc_driver_mp_i     Unknown  Unknown
libesmf.so         000014A737A63558  _ZN5ESMCI6FTable1     Unknown  Unknown
libesmf.so         000014A737A62F9C  ESMCI_FTableCallE     Unknown  Unknown
libesmf.so         000014A737DA2664  _ZN5ESMCI2VM5ente     Unknown  Unknown
libesmf.so         000014A737A63C30  c_esmc_ftablecall     Unknown  Unknown
libesmf.so         000014A737FA27F8  esmf_compmod_mp_e     Unknown  Unknown
libesmf.so         000014A73821DB39  esmf_gridcompmod_     Unknown  Unknown
No errorforrtl: error (78): process killed (SIGTERM)
Image              PC                Routine            Line        Source             
libpthread-2.28.s  000014A734111990  Unknown               Unknown  Unknown
libpthread-2.28.s  000014A734110E20  nanosleep             Unknown  Unknown
libopen-rte.so.40  000014A72FFD644A  orte_show_help_no     Unknown  Unknown
libopen-rte.so.40  000014A72FFD67AC  orte_show_help        Unknown  Unknown
libmpi.so.40.30.7  000014A73526F00A  PMPI_Abort            Unknown  Unknown
libmpi_mpifh.so    000014A7355B92AE  Unknown               Unknown  Unknown
access-om3-MOM6    00000000018C01E7  mpp_error_basic            84  mpp_util_mpi.inc
access-om3-MOM6    00000000007C0936  mom_error                 178  MOM_error_handler.F90
access-om3-MOM6    0000000000871D37  initialize_topogr         166  MOM_shared_initialization.F90
access-om3-MOM6    000000000085AFF2  mom_initialize_to         227  MOM_fixed_initialization.F90
access-om3-MOM6    0000000000859BEB  mom_initialize_fi          85  MOM_fixed_initialization.F90
access-om3-MOM6    000000000056AB2E  initialize_mom           2878  MOM.F90
access-om3-MOM6    000000000053579D  ocean_model_init          283  mom_ocean_model_nuopc.F90
access-om3-MOM6    00000000004F6A9D  initializeadverti         753  mom_cap.F90
libesmf.so         000014A737A63558  _ZN5ESMCI6FTable1     Unknown  Unknown
libesmf.so         000014A737A62F9C  ESMCI_FTableCallE     Unknown  Unknown
libesmf.so         000014A737DA2664  _ZN5ESMCI2VM5ente     Unknown  Unknown
libesmf.so         000014A737A63C30  c_esmc_ftablecall     Unknown  Unknown
libesmf.so         000014A737FA27F8  esmf_compmod_mp_e     Unknown  Unknown
libesmf.so         000014A73821DB39  esmf_gridcompmod_     Unknown  Unknown
libesmf.so         000014A7385A9477  nuopc_driver_mp_l     Unknown  Unknown
libesmf.so         000014A7385988C7  nuopc_driver_mp_i     Unknown  Unknown
libesmf.so         000014A737A63558  _ZN5ESMCI6FTable1     Unknown  Unknown
libesmf.so         000014A737A62F9C  ESMCI_FTableCallE     Unknown  Unknown
libesmf.so         000014A737DA2664  _ZN5ESMCI2VM5ente     Unknown  Unknown
libesmf.so         000014A737A63C30  c_esmc_ftablecall     Unknown  Unknown
lImage              PC                Routine            Line        Source             
access-om3-MOM6    00000000018C01D1  mpp_error_basic            80  mpp_util_mpi.inc
access-om3-MOM6    00000000007C0936  mom_error                 178  MOM_error_handler.F90
access-om3-MOM6    0000000000871D37  initialize_topogr         166  MOM_shared_initialization.F90
access-om3-MOM6    000000000085AFF2  mom_initialize_to         227  MOM_fixed_initialization.F90
access-om3-MOM6    0000000000859BEB  mom_initialize_fi          85  MOM_fixed_initialization.F90
access-om3-MOM6    000000000056AB2E  initialize_mom           2878  MOM.F90
access-om3-MOM6    000000000053579D  ocean_model_init          283  mom_ocean_model_nuopc.F90
access-om3-MOM6    00000000004F6A9D  initializeadverti         753  mom_cap.F90
libesmf.so         0000146D3CB77558  _ZN5ESMCI6FTable1     Unknown  Unknown
libesmf.so         0000146D3CB76F9C  ESMCI_FTableCallE     Unknown  Unknown
libesmf.so         0000146D3CEB6664  _ZN5ESMCI2VM5ente     Unknown  Unknown
libesmf.so         0000146D3CB77C30  c_esmc_ftablecall     Unknown  Unknown
libesmf.so         0000146D3D0B67F8  esmf_compmod_mp_e     Unknown  Unknown
libesmf.so         0000146D3D331B39  esmf_gridcompmod_     Unknown  Unknown
libesmf.so         0000146D3D6BD477  nuopc_driver_mp_l     Unknown  Unknown
libesmf.so         0000146D3D6AC8C7  nuopc_driver_mp_i     Unknown  Unknown
libesmf.so         0000146D3CB77558  _ZN5ESMCI6FTable1     Unknown  Unknown
libesmf.so         0000146D3CB76F9C  ESMCI_FTableCallE     Unknown  Unknown
libesmf.so         0000146D3CEB6664  _ZN5ESMCI2VM5ente     Unknown  Unknown
libesmf.so         0000146D3CB77C30  c_esmc_ftablecall     Unknown  Unknown
No errorforrtl: error (78): process killed (SIGTERM)
Image              PC                Routine            Line        Source             
libpthread-2.28.s  0000146D39225990  Unknown               Unknown  Unknown
libpthread-2.28.s  0000146D39224E20  nanosleep             Unknown  Unknown
libopen-rte.so.40  0000146D350EA44A  orte_show_help_no     Unknown  Unknown
libopen-rte.so.40  0000146D350EA7AC  orte_show_help        Unknown  Unknown
libmpi.so.40.30.7  0000146D3A38300A  PMPI_Abort            Unknown  Unknown
libmpi_mpifh.so    0000146D3A6CD2AE  Unknown               Unknown  Unknown
access-om3-MOM6    00000000018C01E7  mpp_error_basic            84  mpp_util_mpi.inc
access-om3-MOM6    00000000007C0936  mom_error                 178  MOM_error_handler.F90
access-om3-MOM6    0000000000871D37  initialize_topogr         166  MOM_shared_initialization.F90
access-om3-MOM6    000000000085AFF2  mom_initialize_to         227  MOM_fixed_initialization.F90
access-om3-MOM6    0000000000859BEB  mom_initialize_fi          85  MOM_fixed_initialization.F90
access-om3-MOM6    000000000056AB2E  initialize_mom           2878  MOM.F90
access-om3-MOM6    000000000053579D  ocean_model_init          283  mom_ocean_model_nuopc.F90
access-om3-MOM6    00000000004F6A9D  initializeadverti         753  mom_cap.F90
libesmf.so         0000146D3CB77558  _ZN5ESMCI6FTable1     Unknown  Unknown
libesmf.so         0000146D3CB76F9C  ESMCI_FTableCallE     Unknown  Unknown
libesmf.so         0000146D3CEB6664  _ZN5ESMCI2VM5ente     Unknown  Unknown
libesmf.so         0000146D3CB77C30  c_esmc_ftablecall     Unknown  Unknown
libesmf.so         0000146D3D0B67F8  esmf_compmod_mp_e     Unknown  Unknown
libesmf.so         0000146D3D331B39  esmf_gridcompmod_     Unknown  Unknown
libesmf.so         0000146D3D6BD477  nuopc_driver_mp_l     Unknown  Unknown
libesmf.so         0000146D3D6AC8C7  nuopc_driver_mp_i     Unknown  Unknown
libesmf.so         0000146D3CB77558  _ZN5ESMCI6FTable1     Unknown  Unknown
libesmf.so         0000146D3CB76F9C  ESMCI_FTableCallE     Unknown  Unknown
libesmf.so         0000146D3CEB6664  _ZN5ESMCI2VM5ente     Unknown  Unknown
libesmf.so         0000146D3CB77C30  c_esmc_ftablecall     Unknown  Unknown
libesmf.so         0000146D3D0B67F8  esmf_compmod_mp_e     Unknown  Unknown
libesmf.so         0000146D3D331B39  esmf_gridcompmod_     Unknown  Unknown
lImage              PC                Routine            Line        Source             
access-om3-MOM6    00000000018C01D1  mpp_error_basic            80  mpp_util_mpi.inc
access-om3-MOM6    00000000007C0936  mom_error                 178  MOM_error_handler.F90
access-om3-MOM6    0000000000871D37  initialize_topogr         166  MOM_shared_initialization.F90
access-om3-MOM6    000000000085AFF2  mom_initialize_to         227  MOM_fixed_initialization.F90
access-om3-MOM6    0000000000859BEB  mom_initialize_fi          85  MOM_fixed_initialization.F90
access-om3-MOM6    000000000056AB2E  initialize_mom           2878  MOM.F90
access-om3-MOM6    000000000053579D  ocean_model_init          283  mom_ocean_model_nuopc.F90
access-om3-MOM6    00000000004F6A9D  initializeadverti         753  mom_cap.F90
libesmf.so         0000154B2F087558  _ZN5ESMCI6FTable1     Unknown  Unknown
libesmf.so         0000154B2F086F9C  ESMCI_FTableCallE     Unknown  Unknown
libesmf.so         0000154B2F3C6664  _ZN5ESMCI2VM5ente     Unknown  Unknown
libesmf.so         0000154B2F087C30  c_esmc_ftablecall     Unknown  Unknown
libesmf.so         0000154B2F5C67F8  esmf_compmod_mp_e     Unknown  Unknown
libesmf.so         0000154B2F841B39  esmf_gridcompmod_     Unknown  Unknown
libesmf.so         0000154B2FBCD477  nuopc_driver_mp_l     Unknown  Unknown
libesmf.so         0000154B2FBBC8C7  nuopc_driver_mp_i     Unknown  Unknown
libesmf.so         0000154B2F087558  _ZN5ESMCI6FTable1     Unknown  Unknown
libesmf.so         0000154B2F086F9C  ESMCI_FTableCallE     Unknown  Unknown
libesmf.so         0000154B2F3C6664  _ZN5ESMCI2VM5ente     Unknown  Unknown
libesmf.so         0000154B2F087C30  c_esmc_ftablecall     Unknown  Unknown
libesmf.so         0000154B2F5C67F8  esmf_compmod_mp_e     Unknown  Unknown
libesmf.so         0000154B2F841B39  esmf_gridcompmod_     Unknown  Unknown
libesmf.so         0000154B2FBCD477  nuopc_driver_mp_l     Unknown  Unknown
libesmf.so         0000154B2FBBC7C3  nuopc_driver_mp_i     Unknown  Unknown
No errorforrtl: error (78): process killed (SIGTERM)
Image              PC                Routine            Line        Source             
libpthread-2.28.s  0000154B2B735990  Unknown               Unknown  Unknown
libpthread-2.28.s  0000154B2B734E20  nanosleep             Unknown  Unknown
libopen-rte.so.40  0000154B275FA44A  orte_show_help_no     Unknown  Unknown
libopen-rte.so.40  0000154B275FA7AC  orte_show_help        Unknown  Unknown
libmpi.so.40.30.7  0000154B2C89300A  PMPI_Abort            Unknown  Unknown
libmpi_mpifh.so    0000154B2CBDD2AE  Unknown               Unknown  Unknown
access-om3-MOM6    00000000018C01E7  mpp_error_basic            84  mpp_util_mpi.inc
access-om3-MOM6    00000000007C0936  mom_error                 178  MOM_error_handler.F90
access-om3-MOM6    0000000000871D37  initialize_topogr         166  MOM_shared_initialization.F90
access-om3-MOM6    000000000085AFF2  mom_initialize_to         227  MOM_fixed_initialization.F90
access-om3-MOM6    0000000000859BEB  mom_initialize_fi          85  MOM_fixed_initialization.F90
access-om3-MOM6    000000000056AB2E  initialize_mom           2878  MOM.F90
access-om3-MOM6    000000000053579D  ocean_model_init          283  mom_ocean_model_nuopc.F90
access-om3-MOM6    00000000004F6A9D  initializeadverti         753  mom_cap.F90
libesmf.so         0000154B2F087558  _ZN5ESMCI6FTable1     Unknown  Unknown
libesmf.so         0000154B2F086F9C  ESMCI_FTableCallE     Unknown  Unknown
libesmf.so         0000154B2F3C6664  _ZN5ESMCI2VM5ente     Unknown  Unknown
libesmf.so         0000154B2F087C30  c_esmc_ftablecall     Unknown  Unknown
libesmf.so         0000154B2F5C67F8  esmf_compmod_mp_e     Unknown  Unknown
libesmf.so         0000154B2F841B39  esmf_gridcompmod_     Unknown  Unknown
libesmf.so         0000154B2FBCD477  nuopc_driver_mp_l     Unknown  Unknown
libesmf.so         0000154B2FBBC8C7  nuopc_driver_mp_i     Unknown  Unknown
libesmf.so         0000154B2F087558  _ZN5ESMCI6FTable1     Unknown  Unknown
libesmf.so         0000154B2F086F9C  ESMCI_FTableCallE     Unknown  Unknown
lImage              PC                Routine            Line        Source             
access-om3-MOM6    00000000018C01D1  mpp_error_basic            80  mpp_util_mpi.inc
access-om3-MOM6    00000000007C0936  mom_error                 178  MOM_error_handler.F90
access-om3-MOM6    0000000000871D37  initialize_topogr         166  MOM_shared_initialization.F90
access-om3-MOM6    000000000085AFF2  mom_initialize_to         227  MOM_fixed_initialization.F90
access-om3-MOM6    0000000000859BEB  mom_initialize_fi          85  MOM_fixed_initialization.F90
access-om3-MOM6    000000000056AB2E  initialize_mom           2878  MOM.F90
access-om3-MOM6    000000000053579D  ocean_model_init          283  mom_ocean_model_nuopc.F90
access-om3-MOM6    00000000004F6A9D  initializeadverti         753  mom_cap.F90
libesmf.so         00001525D1CE4558  _ZN5ESMCI6FTable1     Unknown  Unknown
libesmf.so         00001525D1CE3F9C  ESMCI_FTableCallE     Unknown  Unknown
libesmf.so         00001525D2023664  _ZN5ESMCI2VM5ente     Unknown  Unknown
libesmf.so         00001525D1CE4C30  c_esmc_ftablecall     Unknown  Unknown
libesmf.so         00001525D22237F8  esmf_compmod_mp_e     Unknown  Unknown
libesmf.so         00001525D249EB39  esmf_gridcompmod_     Unknown  Unknown
libesmf.so         00001525D282A477  nuopc_driver_mp_l     Unknown  Unknown
libesmf.so         00001525D28198C7  nuopc_driver_mp_i     Unknown  Unknown
libesmf.so         00001525D1CE4558  _ZN5ESMCI6FTable1     Unknown  Unknown
libesmf.so         00001525D1CE3F9C  ESMCI_FTableCallE     Unknown  Unknown
libesmf.so         00001525D2023664  _ZN5ESMCI2VM5ente     Unknown  Unknown
libesmf.so         00001525D1CE4C30  c_esmc_ftablecall     Unknown  Unknown
No errorforrtl: error (78): process killed (SIGTERM)
Image              PC                Routine            Line        Source             
libpthread-2.28.s  00001525CE392990  Unknown               Unknown  Unknown
libpthread-2.28.s  00001525CE391E20  nanosleep             Unknown  Unknown
libopen-rte.so.40  00001525CA25744A  orte_show_help_no     Unknown  Unknown
libopen-rte.so.40  00001525CA2577AC  orte_show_help        Unknown  Unknown
libmpi.so.40.30.7  00001525CF4F000A  PMPI_Abort            Unknown  Unknown
libmpi_mpifh.so    00001525CF83A2AE  Unknown               Unknown  Unknown
access-om3-MOM6    00000000018C01E7  mpp_error_basic            84  mpp_util_mpi.inc
access-om3-MOM6    00000000007C0936  mom_error                 178  MOM_error_handler.F90
access-om3-MOM6    0000000000871D37  initialize_topogr         166  MOM_shared_initialization.F90
access-om3-MOM6    000000000085AFF2  mom_initialize_to         227  MOM_fixed_initialization.F90
access-om3-MOM6    0000000000859BEB  mom_initialize_fi          85  MOM_fixed_initialization.F90
access-om3-MOM6    000000000056AB2E  initialize_mom           2878  MOM.F90
access-om3-MOM6    000000000053579D  ocean_model_init          283  mom_ocean_model_nuopc.F90
access-om3-MOM6    00000000004F6A9D  initializeadverti         753  mom_cap.F90
libesmf.so         00001525D1CE4558  _ZN5ESMCI6FTable1     Unknown  Unknown
libesmf.so         00001525D1CE3F9C  ESMCI_FTableCallE     Unknown  Unknown
libesmf.so         00001525D2023664  _ZN5ESMCI2VM5ente     Unknown  Unknown
libesmf.so         00001525D1CE4C30  c_esmc_ftablecall     Unknown  Unknown
libesmf.so         00001525D22237F8  esmf_compmod_mp_e     Unknown  Unknown
libesmf.so         00001525D249EB39  esmf_gridcompmod_     Unknown  Unknown
libesmf.so         00001525D282A477  nuopc_driver_mp_l     Unknown  Unknown
libesmf.so         00001525D28198C7  nuopc_driver_mp_i     Unknown  Unknown
libesmf.so         00001525D1CE4558  _ZN5ESMCI6FTable1     Unknown  Unknown
libesmf.so         00001525D1CE3F9C  ESMCI_FTableCallE     Unknown  Unknown
libesmf.so         00001525D2023664  _ZN5ESMCI2VM5ente     Unknown  Unknown
libesmf.so         00001525D1CE4C30  c_esmc_ftablecall     Unknown  Unknown
libesmf.so         00001525D22237F8  esmf_compmod_mp_e     Unknown  Unknown
libesmf.so         00001525D249EB39  esmf_gridcompmod_     Unknown  Unknown
lImage              PC                Routine            Line        Source             
access-om3-MOM6    00000000018C01D1  mpp_error_basic            80  mpp_util_mpi.inc
access-om3-MOM6    00000000007C0936  mom_error                 178  MOM_error_handler.F90
access-om3-MOM6    0000000000871D37  initialize_topogr         166  MOM_shared_initialization.F90
access-om3-MOM6    000000000085AFF2  mom_initialize_to         227  MOM_fixed_initialization.F90
access-om3-MOM6    0000000000859BEB  mom_initialize_fi          85  MOM_fixed_initialization.F90
access-om3-MOM6    000000000056AB2E  initialize_mom           2878  MOM.F90
access-om3-MOM6    000000000053579D  ocean_model_init          283  mom_ocean_model_nuopc.F90
access-om3-MOM6    00000000004F6A9D  initializeadverti         753  mom_cap.F90
libesmf.so         000014DFB4ACF558  _ZN5ESMCI6FTable1     Unknown  Unknown
libesmf.so         000014DFB4ACEF9C  ESMCI_FTableCallE     Unknown  Unknown
libesmf.so         000014DFB4E0E664  _ZN5ESMCI2VM5ente     Unknown  Unknown
libesmf.so         000014DFB4ACFC30  c_esmc_ftablecall     Unknown  Unknown
libesmf.so         000014DFB500E7F8  esmf_compmod_mp_e     Unknown  Unknown
libesmf.so         000014DFB5289B39  esmf_gridcompmod_     Unknown  Unknown
libesmf.so         000014DFB5615477  nuopc_driver_mp_l     Unknown  Unknown
libesmf.so         000014DFB56048C7  nuopc_driver_mp_i     Unknown  Unknown
libesmf.so         000014DFB4ACF558  _ZN5ESMCI6FTable1     Unknown  Unknown
libesmf.so         000014DFB4ACEF9C  ESMCI_FTableCallE     Unknown  Unknown
libesmf.so         000014DFB4E0E664  _ZN5ESMCI2VM5ente     Unknown  Unknown
libesmf.so         000014DFB4ACFC30  c_esmc_ftablecall     Unknown  Unknown
No errorforrtl: error (78): process killed (SIGTERM)
Image              PC                Routine            Line        Source             
libpthread-2.28.s  000014DFB117D990  Unknown               Unknown  Unknown
libpthread-2.28.s  000014DFB117CE20  nanosleep             Unknown  Unknown
libopen-rte.so.40  000014DFAD04244A  orte_show_help_no     Unknown  Unknown
libopen-rte.so.40  000014DFAD0427AC  orte_show_help        Unknown  Unknown
libmpi.so.40.30.7  000014DFB22DB00A  PMPI_Abort            Unknown  Unknown
libmpi_mpifh.so    000014DFB26252AE  Unknown               Unknown  Unknown
access-om3-MOM6    00000000018C01E7  mpp_error_basic            84  mpp_util_mpi.inc
access-om3-MOM6    00000000007C0936  mom_error                 178  MOM_error_handler.F90
access-om3-MOM6    0000000000871D37  initialize_topogr         166  MOM_shared_initialization.F90
access-om3-MOM6    000000000085AFF2  mom_initialize_to         227  MOM_fixed_initialization.F90
access-om3-MOM6    0000000000859BEB  mom_initialize_fi          85  MOM_fixed_initialization.F90
access-om3-MOM6    000000000056AB2E  initialize_mom           2878  MOM.F90
access-om3-MOM6    000000000053579D  ocean_model_init          283  mom_ocean_model_nuopc.F90
access-om3-MOM6    00000000004F6A9D  initializeadverti         753  mom_cap.F90
libesmf.so         000014DFB4ACF558  _ZN5ESMCI6FTable1     Unknown  Unknown
libesmf.so         000014DFB4ACEF9C  ESMCI_FTableCallE     Unknown  Unknown
libesmf.so         000014DFB4E0E664  _ZN5ESMCI2VM5ente     Unknown  Unknown
libesmf.so         000014DFB4ACFC30  c_esmc_ftablecall     Unknown  Unknown
libesmf.so         000014DFB500E7F8  esmf_compmod_mp_e     Unknown  Unknown
libesmf.so         000014DFB5289B39  esmf_gridcompmod_     Unknown  Unknown
libesmf.so         000014DFB5615477  nuopc_driver_mp_l     Unknown  Unknown
libesmf.so         000014DFB56048C7  nuopc_driver_mp_i     Unknown  Unknown
libesmf.so         000014DFB4ACF558  _ZN5ESMCI6FTable1     Unknown  Unknown
libesmf.so         000014DFB4ACEF9C  ESMCI_FTableCallE     Unknown  Unknown
libesmf.so         000014DFB4E0E664  _ZN5ESMCI2VM5ente     Unknown  Unknown
libesmf.so         000014DFB4ACFC30  c_esmc_ftablecall     Unknown  Unknown
libesmf.so         000014DFB500E7F8  esmf_compmod_mp_e     Unknown  Unknown
libesmf.so         000014DFB5289B39  esmf_gridcompmod_     Unknown  Unknown
lImage              PC                Routine            Line        Source             
access-om3-MOM6    00000000018C01D1  mpp_error_basic            80  mpp_util_mpi.inc
access-om3-MOM6    00000000007C0936  mom_error                 178  MOM_error_handler.F90
access-om3-MOM6    0000000000871D37  initialize_topogr         166  MOM_shared_initialization.F90
access-om3-MOM6    000000000085AFF2  mom_initialize_to         227  MOM_fixed_initialization.F90
access-om3-MOM6    0000000000859BEB  mom_initialize_fi          85  MOM_fixed_initialization.F90
access-om3-MOM6    000000000056AB2E  initialize_mom           2878  MOM.F90
access-om3-MOM6    000000000053579D  ocean_model_init          283  mom_ocean_model_nuopc.F90
access-om3-MOM6    00000000004F6A9D  initializeadverti         753  mom_cap.F90
libesmf.so         000014D4464C7558  _ZN5ESMCI6FTable1     Unknown  Unknown
libesmf.so         000014D4464C6F9C  ESMCI_FTableCallE     Unknown  Unknown
libesmf.so         000014D446806664  _ZN5ESMCI2VM5ente     Unknown  Unknown
libesmf.so         000014D4464C7C30  c_esmc_ftablecall     Unknown  Unknown
libesmf.so         000014D446A067F8  esmf_compmod_mp_e     Unknown  Unknown
libesmf.so         000014D446C81B39  esmf_gridcompmod_     Unknown  Unknown
libesmf.so         000014D44700D477  nuopc_driver_mp_l     Unknown  Unknown
libesmf.so         000014D446FFC8C7  nuopc_driver_mp_i     Unknown  Unknown
libesmf.so         000014D4464C7558  _ZN5ESMCI6FTable1     Unknown  Unknown
libesmf.so         000014D4464C6F9C  ESMCI_FTableCallE     Unknown  Unknown
libesmf.so         000014D446806664  _ZN5ESMCI2VM5ente     Unknown  Unknown
libesmf.so         000014D4464C7C30  c_esmc_ftablecall     Unknown  Unknown
No errorforrtl: error (78): process killed (SIGTERM)
Image              PC                Routine            Line        Source             
libpthread-2.28.s  000014D442B75990  Unknown               Unknown  Unknown
libpthread-2.28.s  000014D442B74E20  nanosleep             Unknown  Unknown
libopen-rte.so.40  000014D43EA3A44A  orte_show_help_no     Unknown  Unknown
libopen-rte.so.40  000014D43EA3A7AC  orte_show_help        Unknown  Unknown
libmpi.so.40.30.7  000014D443CD300A  PMPI_Abort            Unknown  Unknown
libmpi_mpifh.so    000014D44401D2AE  Unknown               Unknown  Unknown
access-om3-MOM6    00000000018C01E7  mpp_error_basic            84  mpp_util_mpi.inc
access-om3-MOM6    00000000007C0936  mom_error                 178  MOM_error_handler.F90
access-om3-MOM6    0000000000871D37  initialize_topogr         166  MOM_shared_initialization.F90
access-om3-MOM6    000000000085AFF2  mom_initialize_to         227  MOM_fixed_initialization.F90
access-om3-MOM6    0000000000859BEB  mom_initialize_fi          85  MOM_fixed_initialization.F90
access-om3-MOM6    000000000056AB2E  initialize_mom           2878  MOM.F90
access-om3-MOM6    000000000053579D  ocean_model_init          283  mom_ocean_model_nuopc.F90
access-om3-MOM6    00000000004F6A9D  initializeadverti         753  mom_cap.F90
libesmf.so         000014D4464C7558  _ZN5ESMCI6FTable1     Unknown  Unknown
libesmf.so         000014D4464C6F9C  ESMCI_FTableCallE     Unknown  Unknown
libesmf.so         000014D446806664  _ZN5ESMCI2VM5ente     Unknown  Unknown
libesmf.so         000014D4464C7C30  c_esmc_ftablecall     Unknown  Unknown
libesmf.so         000014D446A067F8  esmf_compmod_mp_e     Unknown  Unknown
libesmf.so         000014D446C81B39  esmf_gridcompmod_     Unknown  Unknown
libesmf.so         000014D44700D477  nuopc_driver_mp_l     Unknown  Unknown
libesmf.so         000014D446FFC8C7  nuopc_driver_mp_i     Unknown  Unknown
libesmf.so         000014D4464C7558  _ZN5ESMCI6FTable1     Unknown  Unknown
libesmf.so         000014D4464C6F9C  ESMCI_FTableCallE     Unknown  Unknown
libesmf.so         000014D446806664  _ZN5ESMCI2VM5ente     Unknown  Unknown
libesmf.so         000014D4464C7C30  c_esmc_ftablecall     Unknown  Unknown
libesmf.so         000014D446A067F8  esmf_compmod_mp_e     Unknown  Unknown
libesmf.so         000014D446C81B39  esmf_gridcompmod_     Unknown  Unknown
lImage              PC                Routine            Line        Source             
access-om3-MOM6    00000000018C01D1  mpp_error_basic            80  mpp_util_mpi.inc
access-om3-MOM6    00000000007C0936  mom_error                 178  MOM_error_handler.F90
access-om3-MOM6    0000000000871D37  initialize_topogr         166  MOM_shared_initialization.F90
access-om3-MOM6    000000000085AFF2  mom_initialize_to         227  MOM_fixed_initialization.F90
access-om3-MOM6    0000000000859BEB  mom_initialize_fi          85  MOM_fixed_initialization.F90
access-om3-MOM6    000000000056AB2E  initialize_mom           2878  MOM.F90
access-om3-MOM6    000000000053579D  ocean_model_init          283  mom_ocean_model_nuopc.F90
access-om3-MOM6    00000000004F6A9D  initializeadverti         753  mom_cap.F90
libesmf.so         00001527A5F76558  _ZN5ESMCI6FTable1     Unknown  Unknown
libesmf.so         00001527A5F75F9C  ESMCI_FTableCallE     Unknown  Unknown
libesmf.so         00001527A62B5664  _ZN5ESMCI2VM5ente     Unknown  Unknown
libesmf.so         00001527A5F76C30  c_esmc_ftablecall     Unknown  Unknown
libesmf.so         00001527A64B57F8  esmf_compmod_mp_e     Unknown  Unknown
libesmf.so         00001527A6730B39  esmf_gridcompmod_     Unknown  Unknown
libesmf.so         00001527A6ABC477  nuopc_driver_mp_l     Unknown  Unknown
libesmf.so         00001527A6AAB8C7  nuopc_driver_mp_i     Unknown  Unknown
libesmf.so         00001527A5F76558  _ZN5ESMCI6FTable1     Unknown  Unknown
libesmf.so         00001527A5F75F9C  ESMCI_FTableCallE     Unknown  Unknown
libesmf.so         00001527A62B5664  _ZN5ESMCI2VM5ente     Unknown  Unknown
libesmf.so         00001527A5F76C30  c_esmc_ftablecall     Unknown  Unknown
libesmf.so         00001527A64B57F8  esmf_compmod_mp_e     Unknown  Unknown
libesmf.so         00001527A6730B39  esmf_gridcompmod_     Unknown  Unknown
libesmf.so         00001527A6ABC477  nuopc_driver_mp_l     Unknown  Unknown
libesmf.so         00001527A6AAB7C3  nuopc_driver_mp_i     Unknown  Unknown
No errorforrtl: error (78): process killed (SIGTERM)
Image              PC                Routine            Line        Source             
libpthread-2.28.s  00001527A2624990  Unknown               Unknown  Unknown
libpthread-2.28.s  00001527A2623E20  nanosleep             Unknown  Unknown
libopen-rte.so.40  000015279E4E944A  orte_show_help_no     Unknown  Unknown
libopen-rte.so.40  000015279E4E97AC  orte_show_help        Unknown  Unknown
libmpi.so.40.30.7  00001527A378200A  PMPI_Abort            Unknown  Unknown
libmpi_mpifh.so    00001527A3ACC2AE  Unknown               Unknown  Unknown
access-om3-MOM6    00000000018C01E7  mpp_error_basic            84  mpp_util_mpi.inc
access-om3-MOM6    00000000007C0936  mom_error                 178  MOM_error_handler.F90
access-om3-MOM6    0000000000871D37  initialize_topogr         166  MOM_shared_initialization.F90
access-om3-MOM6    000000000085AFF2  mom_initialize_to         227  MOM_fixed_initialization.F90
access-om3-MOM6    0000000000859BEB  mom_initialize_fi          85  MOM_fixed_initialization.F90
access-om3-MOM6    000000000056AB2E  initialize_mom           2878  MOM.F90
access-om3-MOM6    000000000053579D  ocean_model_init          283  mom_ocean_model_nuopc.F90
access-om3-MOM6    00000000004F6A9D  initializeadverti         753  mom_cap.F90
libesmf.so         00001527A5F76558  _ZN5ESMCI6FTable1     Unknown  Unknown
libesmf.so         00001527A5F75F9C  ESMCI_FTableCallE     Unknown  Unknown
libesmf.so         00001527A62B5664  _ZN5ESMCI2VM5ente     Unknown  Unknown
libesmf.so         00001527A5F76C30  c_esmc_ftablecall     Unknown  Unknown
libesmf.so         00001527A64B57F8  esmf_compmod_mp_e     Unknown  Unknown
libesmf.so         00001527A6730B39  esmf_gridcompmod_     Unknown  Unknown
libesmf.so         00001527A6ABC477  nuopc_driver_mp_l     Unknown  Unknown
libesmf.so         00001527A6AAB8C7  nuopc_driver_mp_i     Unknown  Unknown
libesmf.so         00001527A5F76558  _ZN5ESMCI6FTable1     Unknown  Unknown
libesmf.so         00001527A5F75F9C  ESMCI_FTableCallE     Unknown  Unknown
lImage              PC                Routine            Line        Source             
access-om3-MOM6    00000000018C01D1  mpp_error_basic            80  mpp_util_mpi.inc
access-om3-MOM6    00000000007C0936  mom_error                 178  MOM_error_handler.F90
access-om3-MOM6    0000000000871D37  initialize_topogr         166  MOM_shared_initialization.F90
access-om3-MOM6    000000000085AFF2  mom_initialize_to         227  MOM_fixed_initialization.F90
access-om3-MOM6    0000000000859BEB  mom_initialize_fi          85  MOM_fixed_initialization.F90
access-om3-MOM6    000000000056AB2E  initialize_mom           2878  MOM.F90
access-om3-MOM6    000000000053579D  ocean_model_init          283  mom_ocean_model_nuopc.F90
access-om3-MOM6    00000000004F6A9D  initializeadverti         753  mom_cap.F90
libesmf.so         0000152403F16558  _ZN5ESMCI6FTable1     Unknown  Unknown
libesmf.so         0000152403F15F9C  ESMCI_FTableCallE     Unknown  Unknown
libesmf.so         0000152404255664  _ZN5ESMCI2VM5ente     Unknown  Unknown
libesmf.so         0000152403F16C30  c_esmc_ftablecall     Unknown  Unknown
libesmf.so         00001524044557F8  esmf_compmod_mp_e     Unknown  Unknown
libesmf.so         00001524046D0B39  esmf_gridcompmod_     Unknown  Unknown
libesmf.so         0000152404A5C477  nuopc_driver_mp_l     Unknown  Unknown
libesmf.so         0000152404A4B8C7  nuopc_driver_mp_i     Unknown  Unknown
libesmf.so         0000152403F16558  _ZN5ESMCI6FTable1     Unknown  Unknown
libesmf.so         0000152403F15F9C  ESMCI_FTableCallE     Unknown  Unknown
libesmf.so         0000152404255664  _ZN5ESMCI2VM5ente     Unknown  Unknown
libesmf.so         0000152403F16C30  c_esmc_ftablecall     Unknown  Unknown
libesmf.so         00001524044557F8  esmf_compmod_mp_e     Unknown  Unknown
libesmf.so         00001524046D0B39  esmf_gridcompmod_     Unknown  Unknown
libesmf.so         0000152404A5C477  nuopc_driver_mp_l     Unknown  Unknown
No errorforrtl: error (78): process killed (SIGTERM)
Image              PC                Routine            Line        Source             
libpthread-2.28.s  00001524005C4990  Unknown               Unknown  Unknown
libpthread-2.28.s  00001524005C3E20  nanosleep             Unknown  Unknown
libopen-rte.so.40  00001523FC48944A  orte_show_help_no     Unknown  Unknown
libopen-rte.so.40  00001523FC4897AC  orte_show_help        Unknown  Unknown
libmpi.so.40.30.7  000015240172200A  PMPI_Abort            Unknown  Unknown
libmpi_mpifh.so    0000152401A6C2AE  Unknown               Unknown  Unknown
access-om3-MOM6    00000000018C01E7  mpp_error_basic            84  mpp_util_mpi.inc
access-om3-MOM6    00000000007C0936  mom_error                 178  MOM_error_handler.F90
access-om3-MOM6    0000000000871D37  initialize_topogr         166  MOM_shared_initialization.F90
access-om3-MOM6    000000000085AFF2  mom_initialize_to         227  MOM_fixed_initialization.F90
access-om3-MOM6    0000000000859BEB  mom_initialize_fi          85  MOM_fixed_initialization.F90
access-om3-MOM6    000000000056AB2E  initialize_mom           2878  MOM.F90
access-om3-MOM6    000000000053579D  ocean_model_init          283  mom_ocean_model_nuopc.F90
access-om3-MOM6    00000000004F6A9D  initializeadverti         753  mom_cap.F90
libesmf.so         0000152403F16558  _ZN5ESMCI6FTable1     Unknown  Unknown
libesmf.so         0000152403F15F9C  ESMCI_FTableCallE     Unknown  Unknown
libesmf.so         0000152404255664  _ZN5ESMCI2VM5ente     Unknown  Unknown
libesmf.so         0000152403F16C30  c_esmc_ftablecall     Unknown  Unknown
libesmf.so         00001524044557F8  esmf_compmod_mp_e     Unknown  Unknown
libesmf.so         00001524046D0B39  esmf_gridcompmod_     Unknown  Unknown
libesmf.so         0000152404A5C477  nuopc_driver_mp_l     Unknown  Unknown
libesmf.so         0000152404A4B8C7  nuopc_driver_mp_i     Unknown  Unknown
libesmf.so         0000152403F16558  _ZN5ESMCI6FTable1     Unknown  Unknown
libesmf.so         0000152403F15F9C  ESMCI_FTableCallE     Unknown  Unknown
libesmf.so         0000152404255664  _ZN5ESMCI2VM5ente     Unknown  Unknown
lImage              PC                Routine            Line        Source             
access-om3-MOM6    00000000018C01D1  mpp_error_basic            80  mpp_util_mpi.inc
access-om3-MOM6    00000000007C0936  mom_error                 178  MOM_error_handler.F90
access-om3-MOM6    0000000000871D37  initialize_topogr         166  MOM_shared_initialization.F90
access-om3-MOM6    000000000085AFF2  mom_initialize_to         227  MOM_fixed_initialization.F90
access-om3-MOM6    0000000000859BEB  mom_initialize_fi          85  MOM_fixed_initialization.F90
access-om3-MOM6    000000000056AB2E  initialize_mom           2878  MOM.F90
access-om3-MOM6    000000000053579D  ocean_model_init          283  mom_ocean_model_nuopc.F90
access-om3-MOM6    00000000004F6A9D  initializeadverti         753  mom_cap.F90
libesmf.so         0000152F0D9A0558  _ZN5ESMCI6FTable1     Unknown  Unknown
libesmf.so         0000152F0D99FF9C  ESMCI_FTableCallE     Unknown  Unknown
libesmf.so         0000152F0DCDF664  _ZN5ESMCI2VM5ente     Unknown  Unknown
libesmf.so         0000152F0D9A0C30  c_esmc_ftablecall     Unknown  Unknown
libesmf.so         0000152F0DEDF7F8  esmf_compmod_mp_e     Unknown  Unknown
libesmf.so         0000152F0E15AB39  esmf_gridcompmod_     Unknown  Unknown
libesmf.so         0000152F0E4E6477  nuopc_driver_mp_l     Unknown  Unknown
libesmf.so         0000152F0E4D58C7  nuopc_driver_mp_i     Unknown  Unknown
libesmf.so         0000152F0D9A0558  _ZN5ESMCI6FTable1     Unknown  Unknown
libesmf.so         0000152F0D99FF9C  ESMCI_FTableCallE     Unknown  Unknown
libesmf.so         0000152F0DCDF664  _ZN5ESMCI2VM5ente     Unknown  Unknown
libesmf.so         0000152F0D9A0C30  c_esmc_ftablecall     Unknown  Unknown
libesmf.so         0000152F0DEDF7F8  esmf_compmod_mp_e     Unknown  Unknown
libesmf.so         0000152F0E15AB39  esmf_gridcompmod_     Unknown  Unknown
libesmf.so         0000152F0E4E6477  nuopc_driver_mp_l     Unknown  Unknown
libesmf.so         0000152F0E4D57C3  nuopc_driver_mp_i     Unknown  Unknown
No errorforrtl: error (78): process killed (SIGTERM)
Image              PC                Routine            Line        Source             
libpthread-2.28.s  0000152F0A04E990  Unknown               Unknown  Unknown
libpthread-2.28.s  0000152F0A04DE20  nanosleep             Unknown  Unknown
libopen-rte.so.40  0000152F05F1344A  orte_show_help_no     Unknown  Unknown
libopen-rte.so.40  0000152F05F137AC  orte_show_help        Unknown  Unknown
libmpi.so.40.30.7  0000152F0B1AC00A  PMPI_Abort            Unknown  Unknown
libmpi_mpifh.so    0000152F0B4F62AE  Unknown               Unknown  Unknown
access-om3-MOM6    00000000018C01E7  mpp_error_basic            84  mpp_util_mpi.inc
access-om3-MOM6    00000000007C0936  mom_error                 178  MOM_error_handler.F90
access-om3-MOM6    0000000000871D37  initialize_topogr         166  MOM_shared_initialization.F90
access-om3-MOM6    000000000085AFF2  mom_initialize_to         227  MOM_fixed_initialization.F90
access-om3-MOM6    0000000000859BEB  mom_initialize_fi          85  MOM_fixed_initialization.F90
access-om3-MOM6    000000000056AB2E  initialize_mom           2878  MOM.F90
access-om3-MOM6    000000000053579D  ocean_model_init          283  mom_ocean_model_nuopc.F90
access-om3-MOM6    00000000004F6A9D  initializeadverti         753  mom_cap.F90
libesmf.so         0000152F0D9A0558  _ZN5ESMCI6FTable1     Unknown  Unknown
libesmf.so         0000152F0D99FF9C  ESMCI_FTableCallE     Unknown  Unknown
libesmf.so         0000152F0DCDF664  _ZN5ESMCI2VM5ente     Unknown  Unknown
libesmf.so         0000152F0D9A0C30  c_esmc_ftablecall     Unknown  Unknown
libesmf.so         0000152F0DEDF7F8  esmf_compmod_mp_e     Unknown  Unknown
libesmf.so         0000152F0E15AB39  esmf_gridcompmod_     Unknown  Unknown
libesmf.so         0000152F0E4E6477  nuopc_driver_mp_l     Unknown  Unknown
libesmf.so         0000152F0E4D58C7  nuopc_driver_mp_i     Unknown  Unknown
libesmf.so         0000152F0D9A0558  _ZN5ESMCI6FTable1     Unknown  Unknown
libesmf.so         0000152F0D99FF9C  ESMCI_FTableCallE     Unknown  Unknown
lImage              PC                Routine            Line        Source             
access-om3-MOM6    00000000018C01D1  mpp_error_basic            80  mpp_util_mpi.inc
access-om3-MOM6    00000000007C0936  mom_error                 178  MOM_error_handler.F90
access-om3-MOM6    0000000000871D37  initialize_topogr         166  MOM_shared_initialization.F90
access-om3-MOM6    000000000085AFF2  mom_initialize_to         227  MOM_fixed_initialization.F90
access-om3-MOM6    0000000000859BEB  mom_initialize_fi          85  MOM_fixed_initialization.F90
access-om3-MOM6    000000000056AB2E  initialize_mom           2878  MOM.F90
access-om3-MOM6    000000000053579D  ocean_model_init          283  mom_ocean_model_nuopc.F90
access-om3-MOM6    00000000004F6A9D  initializeadverti         753  mom_cap.F90
libesmf.so         0000150E0A3BA558  _ZN5ESMCI6FTable1     Unknown  Unknown
libesmf.so         0000150E0A3B9F9C  ESMCI_FTableCallE     Unknown  Unknown
libesmf.so         0000150E0A6F9664  _ZN5ESMCI2VM5ente     Unknown  Unknown
libesmf.so         0000150E0A3BAC30  c_esmc_ftablecall     Unknown  Unknown
libesmf.so         0000150E0A8F97F8  esmf_compmod_mp_e     Unknown  Unknown
libesmf.so         0000150E0AB74B39  esmf_gridcompmod_     Unknown  Unknown
libesmf.so         0000150E0AF00477  nuopc_driver_mp_l     Unknown  Unknown
libesmf.so         0000150E0AEEF8C7  nuopc_driver_mp_i     Unknown  Unknown
libesmf.so         0000150E0A3BA558  _ZN5ESMCI6FTable1     Unknown  Unknown
libesmf.so         0000150E0A3B9F9C  ESMCI_FTableCallE     Unknown  Unknown
libesmf.so         0000150E0A6F9664  _ZN5ESMCI2VM5ente     Unknown  Unknown
libesmf.so         0000150E0A3BAC30  c_esmc_ftablecall     Unknown  Unknown
libesmf.so         0000150E0A8F97F8  esmf_compmod_mp_e     Unknown  Unknown
libesmf.so         0000150E0AB74B39  esmf_gridcompmod_     Unknown  Unknown
libesmf.so         0000150E0AF00477  nuopc_driver_mp_l     Unknown  Unknown
libesmf.so         0000150E0AEEF7C3  nuopc_driver_mp_i     Unknown  Unknown
No errorforrtl: error (78): process killed (SIGTERM)
Image              PC                Routine            Line        Source             
libpthread-2.28.s  0000150E06A68990  Unknown               Unknown  Unknown
libpthread-2.28.s  0000150E06A67E20  nanosleep             Unknown  Unknown
libopen-rte.so.40  0000150E0292D44A  orte_show_help_no     Unknown  Unknown
libopen-rte.so.40  0000150E0292D7AC  orte_show_help        Unknown  Unknown
libmpi.so.40.30.7  0000150E07BC600A  PMPI_Abort            Unknown  Unknown
libmpi_mpifh.so    0000150E07F102AE  Unknown               Unknown  Unknown
access-om3-MOM6    00000000018C01E7  mpp_error_basic            84  mpp_util_mpi.inc
access-om3-MOM6    00000000007C0936  mom_error                 178  MOM_error_handler.F90
access-om3-MOM6    0000000000871D37  initialize_topogr         166  MOM_shared_initialization.F90
access-om3-MOM6    000000000085AFF2  mom_initialize_to         227  MOM_fixed_initialization.F90
access-om3-MOM6    0000000000859BEB  mom_initialize_fi          85  MOM_fixed_initialization.F90
access-om3-MOM6    000000000056AB2E  initialize_mom           2878  MOM.F90
access-om3-MOM6    000000000053579D  ocean_model_init          283  mom_ocean_model_nuopc.F90
access-om3-MOM6    00000000004F6A9D  initializeadverti         753  mom_cap.F90
libesmf.so         0000150E0A3BA558  _ZN5ESMCI6FTable1     Unknown  Unknown
libesmf.so         0000150E0A3B9F9C  ESMCI_FTableCallE     Unknown  Unknown
libesmf.so         0000150E0A6F9664  _ZN5ESMCI2VM5ente     Unknown  Unknown
libesmf.so         0000150E0A3BAC30  c_esmc_ftablecall     Unknown  Unknown
libesmf.so         0000150E0A8F97F8  esmf_compmod_mp_e     Unknown  Unknown
libesmf.so         0000150E0AB74B39  esmf_gridcompmod_     Unknown  Unknown
libesmf.so         0000150E0AF00477  nuopc_driver_mp_l     Unknown  Unknown
libesmf.so         0000150E0AEEF8C7  nuopc_driver_mp_i     Unknown  Unknown
libesmf.so         0000150E0A3BA558  _ZN5ESMCI6FTable1     Unknown  Unknown
libesmf.so         0000150E0A3B9F9C  ESMCI_FTableCallE     Unknown  Unknown
lImage              PC                Routine            Line        Source             
access-om3-MOM6    00000000018C01D1  mpp_error_basic            80  mpp_util_mpi.inc
access-om3-MOM6    00000000007C0936  mom_error                 178  MOM_error_handler.F90
access-om3-MOM6    0000000000871D37  initialize_topogr         166  MOM_shared_initialization.F90
access-om3-MOM6    000000000085AFF2  mom_initialize_to         227  MOM_fixed_initialization.F90
access-om3-MOM6    0000000000859BEB  mom_initialize_fi          85  MOM_fixed_initialization.F90
access-om3-MOM6    000000000056AB2E  initialize_mom           2878  MOM.F90
access-om3-MOM6    000000000053579D  ocean_model_init          283  mom_ocean_model_nuopc.F90
access-om3-MOM6    00000000004F6A9D  initializeadverti         753  mom_cap.F90
libesmf.so         000014A63E4C9558  _ZN5ESMCI6FTable1     Unknown  Unknown
libesmf.so         000014A63E4C8F9C  ESMCI_FTableCallE     Unknown  Unknown
libesmf.so         000014A63E808664  _ZN5ESMCI2VM5ente     Unknown  Unknown
libesmf.so         000014A63E4C9C30  c_esmc_ftablecall     Unknown  Unknown
libesmf.so         000014A63EA087F8  esmf_compmod_mp_e     Unknown  Unknown
libesmf.so         000014A63EC83B39  esmf_gridcompmod_     Unknown  Unknown
libesmf.so         000014A63F00F477  nuopc_driver_mp_l     Unknown  Unknown
libesmf.so         000014A63EFFE8C7  nuopc_driver_mp_i     Unknown  Unknown
libesmf.so         000014A63E4C9558  _ZN5ESMCI6FTable1     Unknown  Unknown
libesmf.so         000014A63E4C8F9C  ESMCI_FTableCallE     Unknown  Unknown
libesmf.so         000014A63E808664  _ZN5ESMCI2VM5ente     Unknown  Unknown
No errorforrtl: error (78): process killed (SIGTERM)
Image              PC                Routine            Line        Source             
libpthread-2.28.s  000014A63AB77990  Unknown               Unknown  Unknown
libpthread-2.28.s  000014A63AB76E20  nanosleep             Unknown  Unknown
libopen-rte.so.40  000014A636A3C44A  orte_show_help_no     Unknown  Unknown
libopen-rte.so.40  000014A636A3C7AC  orte_show_help        Unknown  Unknown
libmpi.so.40.30.7  000014A63BCD500A  PMPI_Abort            Unknown  Unknown
libmpi_mpifh.so    000014A63C01F2AE  Unknown               Unknown  Unknown
access-om3-MOM6    00000000018C01E7  mpp_error_basic            84  mpp_util_mpi.inc
access-om3-MOM6    00000000007C0936  mom_error                 178  MOM_error_handler.F90
access-om3-MOM6    0000000000871D37  initialize_topogr         166  MOM_shared_initialization.F90
access-om3-MOM6    000000000085AFF2  mom_initialize_to         227  MOM_fixed_initialization.F90
access-om3-MOM6    0000000000859BEB  mom_initialize_fi          85  MOM_fixed_initialization.F90
access-om3-MOM6    000000000056AB2E  initialize_mom           2878  MOM.F90
access-om3-MOM6    000000000053579D  ocean_model_init          283  mom_ocean_model_nuopc.F90
access-om3-MOM6    00000000004F6A9D  initializeadverti         753  mom_cap.F90
libesmf.so         000014A63E4C9558  _ZN5ESMCI6FTable1     Unknown  Unknown
libesmf.so         000014A63E4C8F9C  ESMCI_FTableCallE     Unknown  Unknown
libesmf.so         000014A63E808664  _ZN5ESMCI2VM5ente     Unknown  Unknown
libesmf.so         000014A63E4C9C30  c_esmc_ftablecall     Unknown  Unknown
libesmf.so         000014A63EA087F8  esmf_compmod_mp_e     Unknown  Unknown
libesmf.so         000014A63EC83B39  esmf_gridcompmod_     Unknown  Unknown
libesmf.so         000014A63F00F477  nuopc_driver_mp_l     Unknown  Unknown
libesmf.so         000014A63EFFE8C7  nuopc_driver_mp_i     Unknown  Unknown
libesmf.so         000014A63E4C9558  _ZN5ESMCI6FTable1     Unknown  Unknown
libesmf.so         000014A63E4C8F9C  ESMCI_FTableCallE     Unknown  Unknown
libesmf.so         000014A63E808664  _ZN5ESMCI2VM5ente     Unknown  Unknown
libesmf.so         000014A63E4C9C30  c_esmc_ftablecall     Unknown  Unknown
libesmf.so         000014A63EA087F8  esmf_compmod_mp_e     Unknown  Unknown
libesmf.so         000014A63EC83B39  esmf_gridcompmod_     Unknown  Unknown
libesmf.so         000014A63F00F477  nuopc_driver_mp_l     Unknown  Unknown
lImage              PC                Routine            Line        Source             
access-om3-MOM6    00000000018C01D1  mpp_error_basic            80  mpp_util_mpi.inc
access-om3-MOM6    00000000007C0936  mom_error                 178  MOM_error_handler.F90
access-om3-MOM6    0000000000871D37  initialize_topogr         166  MOM_shared_initialization.F90
access-om3-MOM6    000000000085AFF2  mom_initialize_to         227  MOM_fixed_initialization.F90
access-om3-MOM6    0000000000859BEB  mom_initialize_fi          85  MOM_fixed_initialization.F90
access-om3-MOM6    000000000056AB2E  initialize_mom           2878  MOM.F90
access-om3-MOM6    000000000053579D  ocean_model_init          283  mom_ocean_model_nuopc.F90
access-om3-MOM6    00000000004F6A9D  initializeadverti         753  mom_cap.F90
libesmf.so         000014AE9CBD0558  _ZN5ESMCI6FTable1     Unknown  Unknown
libesmf.so         000014AE9CBCFF9C  ESMCI_FTableCallE     Unknown  Unknown
libesmf.so         000014AE9CF0F664  _ZN5ESMCI2VM5ente     Unknown  Unknown
libesmf.so         000014AE9CBD0C30  c_esmc_ftablecall     Unknown  Unknown
libesmf.so         000014AE9D10F7F8  esmf_compmod_mp_e     Unknown  Unknown
libesmf.so         000014AE9D38AB39  esmf_gridcompmod_     Unknown  Unknown
libesmf.so         000014AE9D716477  nuopc_driver_mp_l     Unknown  Unknown
libesmf.so         000014AE9D7058C7  nuopc_driver_mp_i     Unknown  Unknown
libesmf.so         000014AE9CBD0558  _ZN5ESMCI6FTable1     Unknown  Unknown
libesmf.so         000014AE9CBCFF9C  ESMCI_FTableCallE     Unknown  Unknown
libesmf.so         000014AE9CF0F664  _ZN5ESMCI2VM5ente     Unknown  Unknown
libesmf.so         000014AE9CBD0C30  c_esmc_ftablecall     Unknown  Unknown
libesmf.so         000014AE9D10F7F8  esmf_compmod_mp_e     Unknown  Unknown
libesmf.so         000014AE9D38AB39  esmf_gridcompmod_     Unknown  Unknown
No errorforrtl: error (78): process killed (SIGTERM)
Image              PC                Routine            Line        Source             
libpthread-2.28.s  000014AE9927E990  Unknown               Unknown  Unknown
libpthread-2.28.s  000014AE9927DE20  nanosleep             Unknown  Unknown
libopen-rte.so.40  000014AE9514344A  orte_show_help_no     Unknown  Unknown
libopen-rte.so.40  000014AE951437AC  orte_show_help        Unknown  Unknown
libmpi.so.40.30.7  000014AE9A3DC00A  PMPI_Abort            Unknown  Unknown
libmpi_mpifh.so    000014AE9A7262AE  Unknown               Unknown  Unknown
access-om3-MOM6    00000000018C01E7  mpp_error_basic            84  mpp_util_mpi.inc
access-om3-MOM6    00000000007C0936  mom_error                 178  MOM_error_handler.F90
access-om3-MOM6    0000000000871D37  initialize_topogr         166  MOM_shared_initialization.F90
access-om3-MOM6    000000000085AFF2  mom_initialize_to         227  MOM_fixed_initialization.F90
access-om3-MOM6    0000000000859BEB  mom_initialize_fi          85  MOM_fixed_initialization.F90
access-om3-MOM6    000000000056AB2E  initialize_mom           2878  MOM.F90
access-om3-MOM6    000000000053579D  ocean_model_init          283  mom_ocean_model_nuopc.F90
access-om3-MOM6    00000000004F6A9D  initializeadverti         753  mom_cap.F90
libesmf.so         000014AE9CBD0558  _ZN5ESMCI6FTable1     Unknown  Unknown
libesmf.so         000014AE9CBCFF9C  ESMCI_FTableCallE     Unknown  Unknown
libesmf.so         000014AE9CF0F664  _ZN5ESMCI2VM5ente     Unknown  Unknown
libesmf.so         000014AE9CBD0C30  c_esmc_ftablecall     Unknown  Unknown
libesmf.so         000014AE9D10F7F8  esmf_compmod_mp_e     Unknown  Unknown
libesmf.so         000014AE9D38AB39  esmf_gridcompmod_     Unknown  Unknown
libesmf.so         000014AE9D716477  nuopc_driver_mp_l     Unknown  Unknown
libesmf.so         000014AE9D7058C7  nuopc_driver_mp_i     Unknown  Unknown
libesmf.so         000014AE9CBD0558  _ZN5ESMCI6FTable1     Unknown  Unknown
libesmf.so         000014AE9CBCFF9C  ESMCI_FTableCallE     Unknown  Unknown
libesmf.so         000014AE9CF0F664  _ZN5ESMCI2VM5ente     Unknown  Unknown
libesmf.so         000014AE9CBD0C30  c_esmc_ftablecall     Unknown  Unknown
lImage              PC                Routine            Line        Source             
access-om3-MOM6    00000000018C01D1  mpp_error_basic            80  mpp_util_mpi.inc
access-om3-MOM6    00000000007C0936  mom_error                 178  MOM_error_handler.F90
access-om3-MOM6    0000000000871D37  initialize_topogr         166  MOM_shared_initialization.F90
access-om3-MOM6    000000000085AFF2  mom_initialize_to         227  MOM_fixed_initialization.F90
access-om3-MOM6    0000000000859BEB  mom_initialize_fi          85  MOM_fixed_initialization.F90
access-om3-MOM6    000000000056AB2E  initialize_mom           2878  MOM.F90
access-om3-MOM6    000000000053579D  ocean_model_init          283  mom_ocean_model_nuopc.F90
access-om3-MOM6    00000000004F6A9D  initializeadverti         753  mom_cap.F90
libesmf.so         000015486CBBE558  _ZN5ESMCI6FTable1     Unknown  Unknown
libesmf.so         000015486CBBDF9C  ESMCI_FTableCallE     Unknown  Unknown
libesmf.so         000015486CEFD664  _ZN5ESMCI2VM5ente     Unknown  Unknown
libesmf.so         000015486CBBEC30  c_esmc_ftablecall     Unknown  Unknown
libesmf.so         000015486D0FD7F8  esmf_compmod_mp_e     Unknown  Unknown
libesmf.so         000015486D378B39  esmf_gridcompmod_     Unknown  Unknown
libesmf.so         000015486D704477  nuopc_driver_mp_l     Unknown  Unknown
libesmf.so         000015486D6F38C7  nuopc_driver_mp_i     Unknown  Unknown
libesmf.so         000015486CBBE558  _ZN5ESMCI6FTable1     Unknown  Unknown
libesmf.so         000015486CBBDF9C  ESMCI_FTableCallE     Unknown  Unknown
libesmf.so         000015486CEFD664  _ZN5ESMCI2VM5ente     Unknown  Unknown
libesmf.so         000015486CBBEC30  c_esmc_ftablecall     Unknown  Unknown
libesmf.so         000015486D0FD7F8  esmf_compmod_mp_e     Unknown  Unknown
No errorforrtl: error (78): process killed (SIGTERM)
Image              PC                Routine            Line        Source             
libpthread-2.28.s  000015486926C990  Unknown               Unknown  Unknown
libpthread-2.28.s  000015486926BE20  nanosleep             Unknown  Unknown
libopen-rte.so.40  000015486513144A  orte_show_help_no     Unknown  Unknown
libopen-rte.so.40  00001548651317AC  orte_show_help        Unknown  Unknown
libmpi.so.40.30.7  000015486A3CA00A  PMPI_Abort            Unknown  Unknown
libmpi_mpifh.so    000015486A7142AE  Unknown               Unknown  Unknown
access-om3-MOM6    00000000018C01E7  mpp_error_basic            84  mpp_util_mpi.inc
access-om3-MOM6    00000000007C0936  mom_error                 178  MOM_error_handler.F90
access-om3-MOM6    0000000000871D37  initialize_topogr         166  MOM_shared_initialization.F90
access-om3-MOM6    000000000085AFF2  mom_initialize_to         227  MOM_fixed_initialization.F90
access-om3-MOM6    0000000000859BEB  mom_initialize_fi          85  MOM_fixed_initialization.F90
access-om3-MOM6    000000000056AB2E  initialize_mom           2878  MOM.F90
access-om3-MOM6    000000000053579D  ocean_model_init          283  mom_ocean_model_nuopc.F90
access-om3-MOM6    00000000004F6A9D  initializeadverti         753  mom_cap.F90
libesmf.so         000015486CBBE558  _ZN5ESMCI6FTable1     Unknown  Unknown
libesmf.so         000015486CBBDF9C  ESMCI_FTableCallE     Unknown  Unknown
libesmf.so         000015486CEFD664  _ZN5ESMCI2VM5ente     Unknown  Unknown
libesmf.so         000015486CBBEC30  c_esmc_ftablecall     Unknown  Unknown
libesmf.so         000015486D0FD7F8  esmf_compmod_mp_e     Unknown  Unknown
libesmf.so         000015486D378B39  esmf_gridcompmod_     Unknown  Unknown
libesmf.so         000015486D704477  nuopc_driver_mp_l     Unknown  Unknown
libesmf.so         000015486D6F38C7  nuopc_driver_mp_i     Unknown  Unknown
libesmf.so         000015486CBBE558  _ZN5ESMCI6FTable1     Unknown  Unknown
libesmf.so         000015486CBBDF9C  ESMCI_FTableCallE     Unknown  Unknown
libesmf.so         000015486CEFD664  _ZN5ESMCI2VM5ente     Unknown  Unknown
libesmf.so         000015486CBBEC30  c_esmc_ftablecall     Unknown  Unknown
libesmf.so         000015486D0FD7F8  esmf_compmod_mp_e     Unknown  Unknown
lImage              PC                Routine            Line        Source             
access-om3-MOM6    00000000018C01D1  mpp_error_basic            80  mpp_util_mpi.inc
access-om3-MOM6    00000000007C0936  mom_error                 178  MOM_error_handler.F90
access-om3-MOM6    0000000000871D37  initialize_topogr         166  MOM_shared_initialization.F90
access-om3-MOM6    000000000085AFF2  mom_initialize_to         227  MOM_fixed_initialization.F90
access-om3-MOM6    0000000000859BEB  mom_initialize_fi          85  MOM_fixed_initialization.F90
access-om3-MOM6    000000000056AB2E  initialize_mom           2878  MOM.F90
access-om3-MOM6    000000000053579D  ocean_model_init          283  mom_ocean_model_nuopc.F90
access-om3-MOM6    00000000004F6A9D  initializeadverti         753  mom_cap.F90
libesmf.so         000015051F2D3558  _ZN5ESMCI6FTable1     Unknown  Unknown
libesmf.so         000015051F2D2F9C  ESMCI_FTableCallE     Unknown  Unknown
libesmf.so         000015051F612664  _ZN5ESMCI2VM5ente     Unknown  Unknown
libesmf.so         000015051F2D3C30  c_esmc_ftablecall     Unknown  Unknown
libesmf.so         000015051F8127F8  esmf_compmod_mp_e     Unknown  Unknown
libesmf.so         000015051FA8DB39  esmf_gridcompmod_     Unknown  Unknown
libesmf.so         000015051FE19477  nuopc_driver_mp_l     Unknown  Unknown
libesmf.so         000015051FE088C7  nuopc_driver_mp_i     Unknown  Unknown
libesmf.so         000015051F2D3558  _ZN5ESMCI6FTable1     Unknown  Unknown
libesmf.so         000015051F2D2F9C  ESMCI_FTableCallE     Unknown  Unknown
libesmf.so         000015051F612664  _ZN5ESMCI2VM5ente     Unknown  Unknown
libesmf.so         000015051F2D3C30  c_esmc_ftablecall     Unknown  Unknown
No errorforrtl: error (78): process killed (SIGTERM)
Image              PC                Routine            Line        Source             
libpthread-2.28.s  000015051B981990  Unknown               Unknown  Unknown
libpthread-2.28.s  000015051B980E20  nanosleep             Unknown  Unknown
libopen-rte.so.40  000015051784644A  orte_show_help_no     Unknown  Unknown
libopen-rte.so.40  00001505178467AC  orte_show_help        Unknown  Unknown
libmpi.so.40.30.7  000015051CADF00A  PMPI_Abort            Unknown  Unknown
libmpi_mpifh.so    000015051CE292AE  Unknown               Unknown  Unknown
access-om3-MOM6    00000000018C01E7  mpp_error_basic            84  mpp_util_mpi.inc
access-om3-MOM6    00000000007C0936  mom_error                 178  MOM_error_handler.F90
access-om3-MOM6    0000000000871D37  initialize_topogr         166  MOM_shared_initialization.F90
access-om3-MOM6    000000000085AFF2  mom_initialize_to         227  MOM_fixed_initialization.F90
access-om3-MOM6    0000000000859BEB  mom_initialize_fi          85  MOM_fixed_initialization.F90
access-om3-MOM6    000000000056AB2E  initialize_mom           2878  MOM.F90
access-om3-MOM6    000000000053579D  ocean_model_init          283  mom_ocean_model_nuopc.F90
access-om3-MOM6    00000000004F6A9D  initializeadverti         753  mom_cap.F90
libesmf.so         000015051F2D3558  _ZN5ESMCI6FTable1     Unknown  Unknown
libesmf.so         000015051F2D2F9C  ESMCI_FTableCallE     Unknown  Unknown
libesmf.so         000015051F612664  _ZN5ESMCI2VM5ente     Unknown  Unknown
libesmf.so         000015051F2D3C30  c_esmc_ftablecall     Unknown  Unknown
libesmf.so         000015051F8127F8  esmf_compmod_mp_e     Unknown  Unknown
libesmf.so         000015051FA8DB39  esmf_gridcompmod_     Unknown  Unknown
libesmf.so         000015051FE19477  nuopc_driver_mp_l     Unknown  Unknown
libesmf.so         000015051FE088C7  nuopc_driver_mp_i     Unknown  Unknown
libesmf.so         000015051F2D3558  _ZN5ESMCI6FTable1     Unknown  Unknown
libesmf.so         000015051F2D2F9C  ESMCI_FTableCallE     Unknown  Unknown
libesmf.so         000015051F612664  _ZN5ESMCI2VM5ente     Unknown  Unknown
libesmf.so         000015051F2D3C30  c_esmc_ftablecall     Unknown  Unknown
libesmf.so         000015051F8127F8  esmf_compmod_mp_e     Unknown  Unknown
libesmf.so         000015051FA8DB39  esmf_gridcompmod_     Unknown  Unknown
lImage              PC                Routine            Line        Source             
access-om3-MOM6    00000000018C01D1  mpp_error_basic            80  mpp_util_mpi.inc
access-om3-MOM6    00000000007C0936  mom_error                 178  MOM_error_handler.F90
access-om3-MOM6    0000000000871D37  initialize_topogr         166  MOM_shared_initialization.F90
access-om3-MOM6    000000000085AFF2  mom_initialize_to         227  MOM_fixed_initialization.F90
access-om3-MOM6    0000000000859BEB  mom_initialize_fi          85  MOM_fixed_initialization.F90
access-om3-MOM6    000000000056AB2E  initialize_mom           2878  MOM.F90
access-om3-MOM6    000000000053579D  ocean_model_init          283  mom_ocean_model_nuopc.F90
access-om3-MOM6    00000000004F6A9D  initializeadverti         753  mom_cap.F90
libesmf.so         0000148D83FBF558  _ZN5ESMCI6FTable1     Unknown  Unknown
libesmf.so         0000148D83FBEF9C  ESMCI_FTableCallE     Unknown  Unknown
libesmf.so         0000148D842FE664  _ZN5ESMCI2VM5ente     Unknown  Unknown
libesmf.so         0000148D83FBFC30  c_esmc_ftablecall     Unknown  Unknown
libesmf.so         0000148D844FE7F8  esmf_compmod_mp_e     Unknown  Unknown
libesmf.so         0000148D84779B39  esmf_gridcompmod_     Unknown  Unknown
libesmf.so         0000148D84B05477  nuopc_driver_mp_l     Unknown  Unknown
libesmf.so         0000148D84AF48C7  nuopc_driver_mp_i     Unknown  Unknown
libesmf.so         0000148D83FBF558  _ZN5ESMCI6FTable1     Unknown  Unknown
libesmf.so         0000148D83FBEF9C  ESMCI_FTableCallE     Unknown  Unknown
libesmf.so         0000148D842FE664  _ZN5ESMCI2VM5ente     Unknown  Unknown
libesmf.so         0000148D83FBFC30  c_esmc_ftablecall     Unknown  Unknown
libesmf.so         0000148D844FE7F8  esmf_compmod_mp_e     Unknown  Unknown
No errorforrtl: error (78): process killed (SIGTERM)
Image              PC                Routine            Line        Source             
libpthread-2.28.s  0000148D8066D990  Unknown               Unknown  Unknown
libpthread-2.28.s  0000148D8066CE20  nanosleep             Unknown  Unknown
libopen-rte.so.40  0000148D7C53244A  orte_show_help_no     Unknown  Unknown
libopen-rte.so.40  0000148D7C5327AC  orte_show_help        Unknown  Unknown
libmpi.so.40.30.7  0000148D817CB00A  PMPI_Abort            Unknown  Unknown
libmpi_mpifh.so    0000148D81B152AE  Unknown               Unknown  Unknown
access-om3-MOM6    00000000018C01E7  mpp_error_basic            84  mpp_util_mpi.inc
access-om3-MOM6    00000000007C0936  mom_error                 178  MOM_error_handler.F90
access-om3-MOM6    0000000000871D37  initialize_topogr         166  MOM_shared_initialization.F90
access-om3-MOM6    000000000085AFF2  mom_initialize_to         227  MOM_fixed_initialization.F90
access-om3-MOM6    0000000000859BEB  mom_initialize_fi          85  MOM_fixed_initialization.F90
access-om3-MOM6    000000000056AB2E  initialize_mom           2878  MOM.F90
access-om3-MOM6    000000000053579D  ocean_model_init          283  mom_ocean_model_nuopc.F90
access-om3-MOM6    00000000004F6A9D  initializeadverti         753  mom_cap.F90
libesmf.so         0000148D83FBF558  _ZN5ESMCI6FTable1     Unknown  Unknown
libesmf.so         0000148D83FBEF9C  ESMCI_FTableCallE     Unknown  Unknown
libesmf.so         0000148D842FE664  _ZN5ESMCI2VM5ente     Unknown  Unknown
libesmf.so         0000148D83FBFC30  c_esmc_ftablecall     Unknown  Unknown
libesmf.so         0000148D844FE7F8  esmf_compmod_mp_e     Unknown  Unknown
libesmf.so         0000148D84779B39  esmf_gridcompmod_     Unknown  Unknown
libesmf.so         0000148D84B05477  nuopc_driver_mp_l     Unknown  Unknown
libesmf.so         0000148D84AF48C7  nuopc_driver_mp_i     Unknown  Unknown
libesmf.so         0000148D83FBF558  _ZN5ESMCI6FTable1     Unknown  Unknown
libesmf.so         0000148D83FBEF9C  ESMCI_FTableCallE     Unknown  Unknown
libesmf.so         0000148D842FE664  _ZN5ESMCI2VM5ente     Unknown  Unknown
libesmf.so         0000148D83FBFC30  c_esmc_ftablecall     Unknown  Unknown
libesmf.so         0000148D844FE7F8  esmf_compmod_mp_e     Unknown  Unknown
lImage              PC                Routine            Line        Source             
access-om3-MOM6    00000000018C01D1  mpp_error_basic            80  mpp_util_mpi.inc
access-om3-MOM6    00000000007C0936  mom_error                 178  MOM_error_handler.F90
access-om3-MOM6    0000000000871D37  initialize_topogr         166  MOM_shared_initialization.F90
access-om3-MOM6    000000000085AFF2  mom_initialize_to         227  MOM_fixed_initialization.F90
access-om3-MOM6    0000000000859BEB  mom_initialize_fi          85  MOM_fixed_initialization.F90
access-om3-MOM6    000000000056AB2E  initialize_mom           2878  MOM.F90
access-om3-MOM6    000000000053579D  ocean_model_init          283  mom_ocean_model_nuopc.F90
access-om3-MOM6    00000000004F6A9D  initializeadverti         753  mom_cap.F90
libesmf.so         00001554251D0558  _ZN5ESMCI6FTable1     Unknown  Unknown
libesmf.so         00001554251CFF9C  ESMCI_FTableCallE     Unknown  Unknown
libesmf.so         000015542550F664  _ZN5ESMCI2VM5ente     Unknown  Unknown
libesmf.so         00001554251D0C30  c_esmc_ftablecall     Unknown  Unknown
libesmf.so         000015542570F7F8  esmf_compmod_mp_e     Unknown  Unknown
libesmf.so         000015542598AB39  esmf_gridcompmod_     Unknown  Unknown
libesmf.so         0000155425D16477  nuopc_driver_mp_l     Unknown  Unknown
libesmf.so         0000155425D058C7  nuopc_driver_mp_i     Unknown  Unknown
libesmf.so         00001554251D0558  _ZN5ESMCI6FTable1     Unknown  Unknown
libesmf.so         00001554251CFF9C  ESMCI_FTableCallE     Unknown  Unknown
libesmf.so         000015542550F664  _ZN5ESMCI2VM5ente     Unknown  Unknown
No errorforrtl: error (78): process killed (SIGTERM)
Image              PC                Routine            Line        Source             
libpthread-2.28.s  000015542187E990  Unknown               Unknown  Unknown
libpthread-2.28.s  000015542187DE20  nanosleep             Unknown  Unknown
libopen-rte.so.40  000015541D74344A  orte_show_help_no     Unknown  Unknown
libopen-rte.so.40  000015541D7437AC  orte_show_help        Unknown  Unknown
libmpi.so.40.30.7  00001554229DC00A  PMPI_Abort            Unknown  Unknown
libmpi_mpifh.so    0000155422D262AE  Unknown               Unknown  Unknown
access-om3-MOM6    00000000018C01E7  mpp_error_basic            84  mpp_util_mpi.inc
access-om3-MOM6    00000000007C0936  mom_error                 178  MOM_error_handler.F90
access-om3-MOM6    0000000000871D37  initialize_topogr         166  MOM_shared_initialization.F90
access-om3-MOM6    000000000085AFF2  mom_initialize_to         227  MOM_fixed_initialization.F90
access-om3-MOM6    0000000000859BEB  mom_initialize_fi          85  MOM_fixed_initialization.F90
access-om3-MOM6    000000000056AB2E  initialize_mom           2878  MOM.F90
access-om3-MOM6    000000000053579D  ocean_model_init          283  mom_ocean_model_nuopc.F90
access-om3-MOM6    00000000004F6A9D  initializeadverti         753  mom_cap.F90
libesmf.so         00001554251D0558  _ZN5ESMCI6FTable1     Unknown  Unknown
libesmf.so         00001554251CFF9C  ESMCI_FTableCallE     Unknown  Unknown
libesmf.so         000015542550F664  _ZN5ESMCI2VM5ente     Unknown  Unknown
libesmf.so         00001554251D0C30  c_esmc_ftablecall     Unknown  Unknown
libesmf.so         000015542570F7F8  esmf_compmod_mp_e     Unknown  Unknown
libesmf.so         000015542598AB39  esmf_gridcompmod_     Unknown  Unknown
libesmf.so         0000155425D16477  nuopc_driver_mp_l     Unknown  Unknown
libesmf.so         0000155425D058C7  nuopc_driver_mp_i     Unknown  Unknown
libesmf.so         00001554251D0558  _ZN5ESMCI6FTable1     Unknown  Unknown
libesmf.so         00001554251CFF9C  ESMCI_FTableCallE     Unknown  Unknown
libesmf.so         000015542550F664  _ZN5ESMCI2VM5ente     Unknown  Unknown
libesmf.so         00001554251D0C30  c_esmc_ftablecall     Unknown  Unknown
libesmf.so         000015542570F7F8  esmf_compmod_mp_e     Unknown  Unknown
libesmf.so         000015542598AB39  esmf_gridcompmod_     Unknown  Unknown
libesmf.so         0000155425D16477  nuopc_driver_mp_l     Unknown  Unknown
lImage              PC                Routine            Line        Source             
access-om3-MOM6    00000000018C01D1  mpp_error_basic            80  mpp_util_mpi.inc
access-om3-MOM6    00000000007C0936  mom_error                 178  MOM_error_handler.F90
access-om3-MOM6    0000000000871D37  initialize_topogr         166  MOM_shared_initialization.F90
access-om3-MOM6    000000000085AFF2  mom_initialize_to         227  MOM_fixed_initialization.F90
access-om3-MOM6    0000000000859BEB  mom_initialize_fi          85  MOM_fixed_initialization.F90
access-om3-MOM6    000000000056AB2E  initialize_mom           2878  MOM.F90
access-om3-MOM6    000000000053579D  ocean_model_init          283  mom_ocean_model_nuopc.F90
access-om3-MOM6    00000000004F6A9D  initializeadverti         753  mom_cap.F90
libesmf.so         0000147658C8D558  _ZN5ESMCI6FTable1     Unknown  Unknown
libesmf.so         0000147658C8CF9C  ESMCI_FTableCallE     Unknown  Unknown
libesmf.so         0000147658FCC664  _ZN5ESMCI2VM5ente     Unknown  Unknown
libesmf.so         0000147658C8DC30  c_esmc_ftablecall     Unknown  Unknown
libesmf.so         00001476591CC7F8  esmf_compmod_mp_e     Unknown  Unknown
libesmf.so         0000147659447B39  esmf_gridcompmod_     Unknown  Unknown
libesmf.so         00001476597D3477  nuopc_driver_mp_l     Unknown  Unknown
libesmf.so         00001476597C28C7  nuopc_driver_mp_i     Unknown  Unknown
libesmf.so         0000147658C8D558  _ZN5ESMCI6FTable1     Unknown  Unknown
libesmf.so         0000147658C8CF9C  ESMCI_FTableCallE     Unknown  Unknown
libesmf.so         0000147658FCC664  _ZN5ESMCI2VM5ente     Unknown  Unknown
libesmf.so         0000147658C8DC30  c_esmc_ftablecall     Unknown  Unknown
No errorforrtl: error (78): process killed (SIGTERM)
Image              PC                Routine            Line        Source             
libpthread-2.28.s  000014765533B990  Unknown               Unknown  Unknown
libpthread-2.28.s  000014765533AE20  nanosleep             Unknown  Unknown
libopen-rte.so.40  000014765120044A  orte_show_help_no     Unknown  Unknown
libopen-rte.so.40  00001476512007AC  orte_show_help        Unknown  Unknown
libmpi.so.40.30.7  000014765649900A  PMPI_Abort            Unknown  Unknown
libmpi_mpifh.so    00001476567E32AE  Unknown               Unknown  Unknown
access-om3-MOM6    00000000018C01E7  mpp_error_basic            84  mpp_util_mpi.inc
access-om3-MOM6    00000000007C0936  mom_error                 178  MOM_error_handler.F90
access-om3-MOM6    0000000000871D37  initialize_topogr         166  MOM_shared_initialization.F90
access-om3-MOM6    000000000085AFF2  mom_initialize_to         227  MOM_fixed_initialization.F90
access-om3-MOM6    0000000000859BEB  mom_initialize_fi          85  MOM_fixed_initialization.F90
access-om3-MOM6    000000000056AB2E  initialize_mom           2878  MOM.F90
access-om3-MOM6    000000000053579D  ocean_model_init          283  mom_ocean_model_nuopc.F90
access-om3-MOM6    00000000004F6A9D  initializeadverti         753  mom_cap.F90
libesmf.so         0000147658C8D558  _ZN5ESMCI6FTable1     Unknown  Unknown
libesmf.so         0000147658C8CF9C  ESMCI_FTableCallE     Unknown  Unknown
libesmf.so         0000147658FCC664  _ZN5ESMCI2VM5ente     Unknown  Unknown
libesmf.so         0000147658C8DC30  c_esmc_ftablecall     Unknown  Unknown
libesmf.so         00001476591CC7F8  esmf_compmod_mp_e     Unknown  Unknown
libesmf.so         0000147659447B39  esmf_gridcompmod_     Unknown  Unknown
libesmf.so         00001476597D3477  nuopc_driver_mp_l     Unknown  Unknown
libesmf.so         00001476597C28C7  nuopc_driver_mp_i     Unknown  Unknown
libesmf.so         0000147658C8D558  _ZN5ESMCI6FTable1     Unknown  Unknown
libesmf.so         0000147658C8CF9C  ESMCI_FTableCallE     Unknown  Unknown
libesmf.so         0000147658FCC664  _ZN5ESMCI2VM5ente     Unknown  Unknown
libesmf.so         0000147658C8DC30  c_esmc_ftablecall     Unknown  Unknown
libesmf.so         00001476591CC7F8  esmf_compmod_mp_e     Unknown  Unknown
libesmf.so         0000147659447B39  esmf_gridcompmod_     Unknown  Unknown
lImage              PC                Routine            Line        Source             
access-om3-MOM6    00000000018C01D1  mpp_error_basic            80  mpp_util_mpi.inc
access-om3-MOM6    00000000007C0936  mom_error                 178  MOM_error_handler.F90
access-om3-MOM6    0000000000871D37  initialize_topogr         166  MOM_shared_initialization.F90
access-om3-MOM6    000000000085AFF2  mom_initialize_to         227  MOM_fixed_initialization.F90
access-om3-MOM6    0000000000859BEB  mom_initialize_fi          85  MOM_fixed_initialization.F90
access-om3-MOM6    000000000056AB2E  initialize_mom           2878  MOM.F90
access-om3-MOM6    000000000053579D  ocean_model_init          283  mom_ocean_model_nuopc.F90
access-om3-MOM6    00000000004F6A9D  initializeadverti         753  mom_cap.F90
libesmf.so         000014C26534E558  _ZN5ESMCI6FTable1     Unknown  Unknown
libesmf.so         000014C26534DF9C  ESMCI_FTableCallE     Unknown  Unknown
libesmf.so         000014C26568D664  _ZN5ESMCI2VM5ente     Unknown  Unknown
libesmf.so         000014C26534EC30  c_esmc_ftablecall     Unknown  Unknown
libesmf.so         000014C26588D7F8  esmf_compmod_mp_e     Unknown  Unknown
libesmf.so         000014C265B08B39  esmf_gridcompmod_     Unknown  Unknown
libesmf.so         000014C265E94477  nuopc_driver_mp_l     Unknown  Unknown
libesmf.so         000014C265E838C7  nuopc_driver_mp_i     Unknown  Unknown
libesmf.so         000014C26534E558  _ZN5ESMCI6FTable1     Unknown  Unknown
libesmf.so         000014C26534DF9C  ESMCI_FTableCallE     Unknown  Unknown
libesmf.so         000014C26568D664  _ZN5ESMCI2VM5ente     Unknown  Unknown
libesmf.so         000014C26534EC30  c_esmc_ftablecall     Unknown  Unknown
libesmf.so         000014C26588D7F8  esmf_compmod_mp_e     Unknown  Unknown
No errorforrtl: error (78): process killed (SIGTERM)
Image              PC                Routine            Line        Source             
libpthread-2.28.s  000014C2619FC990  Unknown               Unknown  Unknown
libpthread-2.28.s  000014C2619FBE20  nanosleep             Unknown  Unknown
libopen-rte.so.40  000014C25D8C144A  orte_show_help_no     Unknown  Unknown
libopen-rte.so.40  000014C25D8C17AC  orte_show_help        Unknown  Unknown
libmpi.so.40.30.7  000014C262B5A00A  PMPI_Abort            Unknown  Unknown
libmpi_mpifh.so    000014C262EA42AE  Unknown               Unknown  Unknown
access-om3-MOM6    00000000018C01E7  mpp_error_basic            84  mpp_util_mpi.inc
access-om3-MOM6    00000000007C0936  mom_error                 178  MOM_error_handler.F90
access-om3-MOM6    0000000000871D37  initialize_topogr         166  MOM_shared_initialization.F90
access-om3-MOM6    000000000085AFF2  mom_initialize_to         227  MOM_fixed_initialization.F90
access-om3-MOM6    0000000000859BEB  mom_initialize_fi          85  MOM_fixed_initialization.F90
access-om3-MOM6    000000000056AB2E  initialize_mom           2878  MOM.F90
access-om3-MOM6    000000000053579D  ocean_model_init          283  mom_ocean_model_nuopc.F90
access-om3-MOM6    00000000004F6A9D  initializeadverti         753  mom_cap.F90
libesmf.so         000014C26534E558  _ZN5ESMCI6FTable1     Unknown  Unknown
libesmf.so         000014C26534DF9C  ESMCI_FTableCallE     Unknown  Unknown
libesmf.so         000014C26568D664  _ZN5ESMCI2VM5ente     Unknown  Unknown
libesmf.so         000014C26534EC30  c_esmc_ftablecall     Unknown  Unknown
libesmf.so         000014C26588D7F8  esmf_compmod_mp_e     Unknown  Unknown
libesmf.so         000014C265B08B39  esmf_gridcompmod_     Unknown  Unknown
libesmf.so         000014C265E94477  nuopc_driver_mp_l     Unknown  Unknown
libesmf.so         000014C265E838C7  nuopc_driver_mp_i     Unknown  Unknown
libesmf.so         000014C26534E558  _ZN5ESMCI6FTable1     Unknown  Unknown
libesmf.so         000014C26534DF9C  ESMCI_FTableCallE     Unknown  Unknown
libesmf.so         000014C26568D664  _ZN5ESMCI2VM5ente     Unknown  Unknown
libesmf.so         000014C26534EC30  c_esmc_ftablecall     Unknown  Unknown
libesmf.so         000014C26588D7F8  esmf_compmod_mp_e     Unknown  Unknown
lImage              PC                Routine            Line        Source             
access-om3-MOM6    00000000018C01D1  mpp_error_basic            80  mpp_util_mpi.inc
access-om3-MOM6    00000000007C0936  mom_error                 178  MOM_error_handler.F90
access-om3-MOM6    0000000000871D37  initialize_topogr         166  MOM_shared_initialization.F90
access-om3-MOM6    000000000085AFF2  mom_initialize_to         227  MOM_fixed_initialization.F90
access-om3-MOM6    0000000000859BEB  mom_initialize_fi          85  MOM_fixed_initialization.F90
access-om3-MOM6    000000000056AB2E  initialize_mom           2878  MOM.F90
access-om3-MOM6    000000000053579D  ocean_model_init          283  mom_ocean_model_nuopc.F90
access-om3-MOM6    00000000004F6A9D  initializeadverti         753  mom_cap.F90
libesmf.so         000014D8600DB558  _ZN5ESMCI6FTable1     Unknown  Unknown
libesmf.so         000014D8600DAF9C  ESMCI_FTableCallE     Unknown  Unknown
libesmf.so         000014D86041A664  _ZN5ESMCI2VM5ente     Unknown  Unknown
libesmf.so         000014D8600DBC30  c_esmc_ftablecall     Unknown  Unknown
libesmf.so         000014D86061A7F8  esmf_compmod_mp_e     Unknown  Unknown
libesmf.so         000014D860895B39  esmf_gridcompmod_     Unknown  Unknown
libesmf.so         000014D860C21477  nuopc_driver_mp_l     Unknown  Unknown
libesmf.so         000014D860C108C7  nuopc_driver_mp_i     Unknown  Unknown
libesmf.so         000014D8600DB558  _ZN5ESMCI6FTable1     Unknown  Unknown
libesmf.so         000014D8600DAF9C  ESMCI_FTableCallE     Unknown  Unknown
libesmf.so         000014D86041A664  _ZN5ESMCI2VM5ente     Unknown  Unknown
libesmf.so         000014D8600DBC30  c_esmc_ftablecall     Unknown  Unknown
No errorforrtl: error (78): process killed (SIGTERM)
Image              PC                Routine            Line        Source             
libpthread-2.28.s  000014D85C789990  Unknown               Unknown  Unknown
libpthread-2.28.s  000014D85C788E20  nanosleep             Unknown  Unknown
libopen-rte.so.40  000014D85864E44A  orte_show_help_no     Unknown  Unknown
libopen-rte.so.40  000014D85864E7AC  orte_show_help        Unknown  Unknown
libmpi.so.40.30.7  000014D85D8E700A  PMPI_Abort            Unknown  Unknown
libmpi_mpifh.so    000014D85DC312AE  Unknown               Unknown  Unknown
access-om3-MOM6    00000000018C01E7  mpp_error_basic            84  mpp_util_mpi.inc
access-om3-MOM6    00000000007C0936  mom_error                 178  MOM_error_handler.F90
access-om3-MOM6    0000000000871D37  initialize_topogr         166  MOM_shared_initialization.F90
access-om3-MOM6    000000000085AFF2  mom_initialize_to         227  MOM_fixed_initialization.F90
access-om3-MOM6    0000000000859BEB  mom_initialize_fi          85  MOM_fixed_initialization.F90
access-om3-MOM6    000000000056AB2E  initialize_mom           2878  MOM.F90
access-om3-MOM6    000000000053579D  ocean_model_init          283  mom_ocean_model_nuopc.F90
access-om3-MOM6    00000000004F6A9D  initializeadverti         753  mom_cap.F90
libesmf.so         000014D8600DB558  _ZN5ESMCI6FTable1     Unknown  Unknown
libesmf.so         000014D8600DAF9C  ESMCI_FTableCallE     Unknown  Unknown
libesmf.so         000014D86041A664  _ZN5ESMCI2VM5ente     Unknown  Unknown
libesmf.so         000014D8600DBC30  c_esmc_ftablecall     Unknown  Unknown
libesmf.so         000014D86061A7F8  esmf_compmod_mp_e     Unknown  Unknown
libesmf.so         000014D860895B39  esmf_gridcompmod_     Unknown  Unknown
libesmf.so         000014D860C21477  nuopc_driver_mp_l     Unknown  Unknown
libesmf.so         000014D860C108C7  nuopc_driver_mp_i     Unknown  Unknown
libesmf.so         000014D8600DB558  _ZN5ESMCI6FTable1     Unknown  Unknown
libesmf.so         000014D8600DAF9C  ESMCI_FTableCallE     Unknown  Unknown
libesmf.so         000014D86041A664  _ZN5ESMCI2VM5ente     Unknown  Unknown
libesmf.so         000014D8600DBC30  c_esmc_ftablecall     Unknown  Unknown
libesmf.so         000014D86061A7F8  esmf_compmod_mp_e     Unknown  Unknown
libesmf.so         000014D860895B39  esmf_gridcompmod_     Unknown  Unknown
lImage              PC                Routine            Line        Source             
access-om3-MOM6    00000000018C01D1  mpp_error_basic            80  mpp_util_mpi.inc
access-om3-MOM6    00000000007C0936  mom_error                 178  MOM_error_handler.F90
access-om3-MOM6    0000000000871D37  initialize_topogr         166  MOM_shared_initialization.F90
access-om3-MOM6    000000000085AFF2  mom_initialize_to         227  MOM_fixed_initialization.F90
access-om3-MOM6    0000000000859BEB  mom_initialize_fi          85  MOM_fixed_initialization.F90
access-om3-MOM6    000000000056AB2E  initialize_mom           2878  MOM.F90
access-om3-MOM6    000000000053579D  ocean_model_init          283  mom_ocean_model_nuopc.F90
access-om3-MOM6    00000000004F6A9D  initializeadverti         753  mom_cap.F90
libesmf.so         00001554C0028558  _ZN5ESMCI6FTable1     Unknown  Unknown
libesmf.so         00001554C0027F9C  ESMCI_FTableCallE     Unknown  Unknown
libesmf.so         00001554C0367664  _ZN5ESMCI2VM5ente     Unknown  Unknown
libesmf.so         00001554C0028C30  c_esmc_ftablecall     Unknown  Unknown
libesmf.so         00001554C05677F8  esmf_compmod_mp_e     Unknown  Unknown
libesmf.so         00001554C07E2B39  esmf_gridcompmod_     Unknown  Unknown
libesmf.so         00001554C0B6E477  nuopc_driver_mp_l     Unknown  Unknown
libesmf.so         00001554C0B5D8C7  nuopc_driver_mp_i     Unknown  Unknown
libesmf.so         00001554C0028558  _ZN5ESMCI6FTable1     Unknown  Unknown
libesmf.so         00001554C0027F9C  ESMCI_FTableCallE     Unknown  Unknown
libesmf.so         00001554C0367664  _ZN5ESMCI2VM5ente     Unknown  Unknown
libesmf.so         00001554C0028C30  c_esmc_ftablecall     Unknown  Unknown
No errorforrtl: error (78): process killed (SIGTERM)
Image              PC                Routine            Line        Source             
libpthread-2.28.s  00001554BC6D6990  Unknown               Unknown  Unknown
libpthread-2.28.s  00001554BC6D5E20  nanosleep             Unknown  Unknown
libopen-rte.so.40  00001554B859B44A  orte_show_help_no     Unknown  Unknown
libopen-rte.so.40  00001554B859B7AC  orte_show_help        Unknown  Unknown
libmpi.so.40.30.7  00001554BD83400A  PMPI_Abort            Unknown  Unknown
libmpi_mpifh.so    00001554BDB7E2AE  Unknown               Unknown  Unknown
access-om3-MOM6    00000000018C01E7  mpp_error_basic            84  mpp_util_mpi.inc
access-om3-MOM6    00000000007C0936  mom_error                 178  MOM_error_handler.F90
access-om3-MOM6    0000000000871D37  initialize_topogr         166  MOM_shared_initialization.F90
access-om3-MOM6    000000000085AFF2  mom_initialize_to         227  MOM_fixed_initialization.F90
access-om3-MOM6    0000000000859BEB  mom_initialize_fi          85  MOM_fixed_initialization.F90
access-om3-MOM6    000000000056AB2E  initialize_mom           2878  MOM.F90
access-om3-MOM6    000000000053579D  ocean_model_init          283  mom_ocean_model_nuopc.F90
access-om3-MOM6    00000000004F6A9D  initializeadverti         753  mom_cap.F90
libesmf.so         00001554C0028558  _ZN5ESMCI6FTable1     Unknown  Unknown
libesmf.so         00001554C0027F9C  ESMCI_FTableCallE     Unknown  Unknown
libesmf.so         00001554C0367664  _ZN5ESMCI2VM5ente     Unknown  Unknown
libesmf.so         00001554C0028C30  c_esmc_ftablecall     Unknown  Unknown
libesmf.so         00001554C05677F8  esmf_compmod_mp_e     Unknown  Unknown
libesmf.so         00001554C07E2B39  esmf_gridcompmod_     Unknown  Unknown
libesmf.so         00001554C0B6E477  nuopc_driver_mp_l     Unknown  Unknown
libesmf.so         00001554C0B5D8C7  nuopc_driver_mp_i     Unknown  Unknown
libesmf.so         00001554C0028558  _ZN5ESMCI6FTable1     Unknown  Unknown
libesmf.so         00001554C0027F9C  ESMCI_FTableCallE     Unknown  Unknown
libesmf.so         00001554C0367664  _ZN5ESMCI2VM5ente     Unknown  Unknown
libesmf.so         00001554C0028C30  c_esmc_ftablecall     Unknown  Unknown
libesmf.so         00001554C05677F8  esmf_compmod_mp_e     Unknown  Unknown
libesmf.so         00001554C07E2B39  esmf_gridcompmod_     Unknown  Unknown
lImage              PC                Routine            Line        Source             
access-om3-MOM6    00000000018C01D1  mpp_error_basic            80  mpp_util_mpi.inc
access-om3-MOM6    00000000007C0936  mom_error                 178  MOM_error_handler.F90
access-om3-MOM6    0000000000871D37  initialize_topogr         166  MOM_shared_initialization.F90
access-om3-MOM6    000000000085AFF2  mom_initialize_to         227  MOM_fixed_initialization.F90
access-om3-MOM6    0000000000859BEB  mom_initialize_fi          85  MOM_fixed_initialization.F90
access-om3-MOM6    000000000056AB2E  initialize_mom           2878  MOM.F90
access-om3-MOM6    000000000053579D  ocean_model_init          283  mom_ocean_model_nuopc.F90
access-om3-MOM6    00000000004F6A9D  initializeadverti         753  mom_cap.F90
libesmf.so         0000148914DFC558  _ZN5ESMCI6FTable1     Unknown  Unknown
libesmf.so         0000148914DFBF9C  ESMCI_FTableCallE     Unknown  Unknown
libesmf.so         000014891513B664  _ZN5ESMCI2VM5ente     Unknown  Unknown
libesmf.so         0000148914DFCC30  c_esmc_ftablecall     Unknown  Unknown
libesmf.so         000014891533B7F8  esmf_compmod_mp_e     Unknown  Unknown
libesmf.so         00001489155B6B39  esmf_gridcompmod_     Unknown  Unknown
libesmf.so         0000148915942477  nuopc_driver_mp_l     Unknown  Unknown
libesmf.so         00001489159318C7  nuopc_driver_mp_i     Unknown  Unknown
libesmf.so         0000148914DFC558  _ZN5ESMCI6FTable1     Unknown  Unknown
libesmf.so         0000148914DFBF9C  ESMCI_FTableCallE     Unknown  Unknown
libesmf.so         000014891513B664  _ZN5ESMCI2VM5ente     Unknown  Unknown
libesmf.so         0000148914DFCC30  c_esmc_ftablecall     Unknown  Unknown
No errorforrtl: error (78): process killed (SIGTERM)
Image              PC                Routine            Line        Source             
libpthread-2.28.s  00001489114AA990  Unknown               Unknown  Unknown
libpthread-2.28.s  00001489114A9E20  nanosleep             Unknown  Unknown
libopen-rte.so.40  000014890D36F44A  orte_show_help_no     Unknown  Unknown
libopen-rte.so.40  000014890D36F7AC  orte_show_help        Unknown  Unknown
libmpi.so.40.30.7  000014891260800A  PMPI_Abort            Unknown  Unknown
libmpi_mpifh.so    00001489129522AE  Unknown               Unknown  Unknown
access-om3-MOM6    00000000018C01E7  mpp_error_basic            84  mpp_util_mpi.inc
access-om3-MOM6    00000000007C0936  mom_error                 178  MOM_error_handler.F90
access-om3-MOM6    0000000000871D37  initialize_topogr         166  MOM_shared_initialization.F90
access-om3-MOM6    000000000085AFF2  mom_initialize_to         227  MOM_fixed_initialization.F90
access-om3-MOM6    0000000000859BEB  mom_initialize_fi          85  MOM_fixed_initialization.F90
access-om3-MOM6    000000000056AB2E  initialize_mom           2878  MOM.F90
access-om3-MOM6    000000000053579D  ocean_model_init          283  mom_ocean_model_nuopc.F90
access-om3-MOM6    00000000004F6A9D  initializeadverti         753  mom_cap.F90
libesmf.so         0000148914DFC558  _ZN5ESMCI6FTable1     Unknown  Unknown
libesmf.so         0000148914DFBF9C  ESMCI_FTableCallE     Unknown  Unknown
libesmf.so         000014891513B664  _ZN5ESMCI2VM5ente     Unknown  Unknown
libesmf.so         0000148914DFCC30  c_esmc_ftablecall     Unknown  Unknown
libesmf.so         000014891533B7F8  esmf_compmod_mp_e     Unknown  Unknown
libesmf.so         00001489155B6B39  esmf_gridcompmod_     Unknown  Unknown
libesmf.so         0000148915942477  nuopc_driver_mp_l     Unknown  Unknown
libesmf.so         00001489159318C7  nuopc_driver_mp_i     Unknown  Unknown
libesmf.so         0000148914DFC558  _ZN5ESMCI6FTable1     Unknown  Unknown
libesmf.so         0000148914DFBF9C  ESMCI_FTableCallE     Unknown  Unknown
libesmf.so         000014891513B664  _ZN5ESMCI2VM5ente     Unknown  Unknown
libesmf.so         0000148914DFCC30  c_esmc_ftablecall     Unknown  Unknown
libesmf.so         000014891533B7F8  esmf_compmod_mp_e     Unknown  Unknown
libesmf.so         00001489155B6B39  esmf_gridcompmod_     Unknown  Unknown
lImage              PC                Routine            Line        Source             
access-om3-MOM6    00000000018C01D1  mpp_error_basic            80  mpp_util_mpi.inc
access-om3-MOM6    00000000007C0936  mom_error                 178  MOM_error_handler.F90
access-om3-MOM6    0000000000871D37  initialize_topogr         166  MOM_shared_initialization.F90
access-om3-MOM6    000000000085AFF2  mom_initialize_to         227  MOM_fixed_initialization.F90
access-om3-MOM6    0000000000859BEB  mom_initialize_fi          85  MOM_fixed_initialization.F90
access-om3-MOM6    000000000056AB2E  initialize_mom           2878  MOM.F90
access-om3-MOM6    000000000053579D  ocean_model_init          283  mom_ocean_model_nuopc.F90
access-om3-MOM6    00000000004F6A9D  initializeadverti         753  mom_cap.F90
libesmf.so         000014FAB7399558  _ZN5ESMCI6FTable1     Unknown  Unknown
libesmf.so         000014FAB7398F9C  ESMCI_FTableCallE     Unknown  Unknown
libesmf.so         000014FAB76D8664  _ZN5ESMCI2VM5ente     Unknown  Unknown
libesmf.so         000014FAB7399C30  c_esmc_ftablecall     Unknown  Unknown
libesmf.so         000014FAB78D87F8  esmf_compmod_mp_e     Unknown  Unknown
libesmf.so         000014FAB7B53B39  esmf_gridcompmod_     Unknown  Unknown
libesmf.so         000014FAB7EDF477  nuopc_driver_mp_l     Unknown  Unknown
libesmf.so         000014FAB7ECE8C7  nuopc_driver_mp_i     Unknown  Unknown
libesmf.so         000014FAB7399558  _ZN5ESMCI6FTable1     Unknown  Unknown
libesmf.so         000014FAB7398F9C  ESMCI_FTableCallE     Unknown  Unknown
libesmf.so         000014FAB76D8664  _ZN5ESMCI2VM5ente     Unknown  Unknown
libesmf.so         000014FAB7399C30  c_esmc_ftablecall     Unknown  Unknown
libesmf.so         000014FAB78D87F8  esmf_compmod_mp_e     Unknown  Unknown
libesmf.so         000014FAB7B53B39  esmf_gridcompmod_     Unknown  Unknown
libesmf.so         000014FAB7EDF477  nuopc_driver_mp_l     Unknown  Unknown
No errorforrtl: error (78): process killed (SIGTERM)
Image              PC                Routine            Line        Source             
libpthread-2.28.s  000014FAB3A47990  Unknown               Unknown  Unknown
libpthread-2.28.s  000014FAB3A46E20  nanosleep             Unknown  Unknown
libopen-rte.so.40  000014FAAF90C44A  orte_show_help_no     Unknown  Unknown
libopen-rte.so.40  000014FAAF90C7AC  orte_show_help        Unknown  Unknown
libmpi.so.40.30.7  000014FAB4BA500A  PMPI_Abort            Unknown  Unknown
libmpi_mpifh.so    000014FAB4EEF2AE  Unknown               Unknown  Unknown
access-om3-MOM6    00000000018C01E7  mpp_error_basic            84  mpp_util_mpi.inc
access-om3-MOM6    00000000007C0936  mom_error                 178  MOM_error_handler.F90
access-om3-MOM6    0000000000871D37  initialize_topogr         166  MOM_shared_initialization.F90
access-om3-MOM6    000000000085AFF2  mom_initialize_to         227  MOM_fixed_initialization.F90
access-om3-MOM6    0000000000859BEB  mom_initialize_fi          85  MOM_fixed_initialization.F90
access-om3-MOM6    000000000056AB2E  initialize_mom           2878  MOM.F90
access-om3-MOM6    000000000053579D  ocean_model_init          283  mom_ocean_model_nuopc.F90
access-om3-MOM6    00000000004F6A9D  initializeadverti         753  mom_cap.F90
libesmf.so         000014FAB7399558  _ZN5ESMCI6FTable1     Unknown  Unknown
libesmf.so         000014FAB7398F9C  ESMCI_FTableCallE     Unknown  Unknown
libesmf.so         000014FAB76D8664  _ZN5ESMCI2VM5ente     Unknown  Unknown
libesmf.so         000014FAB7399C30  c_esmc_ftablecall     Unknown  Unknown
libesmf.so         000014FAB78D87F8  esmf_compmod_mp_e     Unknown  Unknown
libesmf.so         000014FAB7B53B39  esmf_gridcompmod_     Unknown  Unknown
libesmf.so         000014FAB7EDF477  nuopc_driver_mp_l     Unknown  Unknown
libesmf.so         000014FAB7ECE8C7  nuopc_driver_mp_i     Unknown  Unknown
libesmf.so         000014FAB7399558  _ZN5ESMCI6FTable1     Unknown  Unknown
libesmf.so         000014FAB7398F9C  ESMCI_FTableCallE     Unknown  Unknown
libesmf.so         000014FAB76D8664  _ZN5ESMCI2VM5ente     Unknown  Unknown
lImage              PC                Routine            Line        Source             
access-om3-MOM6    00000000018C01D1  mpp_error_basic            80  mpp_util_mpi.inc
access-om3-MOM6    00000000007C0936  mom_error                 178  MOM_error_handler.F90
access-om3-MOM6    0000000000871D37  initialize_topogr         166  MOM_shared_initialization.F90
access-om3-MOM6    000000000085AFF2  mom_initialize_to         227  MOM_fixed_initialization.F90
access-om3-MOM6    0000000000859BEB  mom_initialize_fi          85  MOM_fixed_initialization.F90
access-om3-MOM6    000000000056AB2E  initialize_mom           2878  MOM.F90
access-om3-MOM6    000000000053579D  ocean_model_init          283  mom_ocean_model_nuopc.F90
access-om3-MOM6    00000000004F6A9D  initializeadverti         753  mom_cap.F90
libesmf.so         000014D4038E8558  _ZN5ESMCI6FTable1     Unknown  Unknown
libesmf.so         000014D4038E7F9C  ESMCI_FTableCallE     Unknown  Unknown
libesmf.so         000014D403C27664  _ZN5ESMCI2VM5ente     Unknown  Unknown
libesmf.so         000014D4038E8C30  c_esmc_ftablecall     Unknown  Unknown
libesmf.so         000014D403E277F8  esmf_compmod_mp_e     Unknown  Unknown
libesmf.so         000014D4040A2B39  esmf_gridcompmod_     Unknown  Unknown
libesmf.so         000014D40442E477  nuopc_driver_mp_l     Unknown  Unknown
libesmf.so         000014D40441D8C7  nuopc_driver_mp_i     Unknown  Unknown
libesmf.so         000014D4038E8558  _ZN5ESMCI6FTable1     Unknown  Unknown
libesmf.so         000014D4038E7F9C  ESMCI_FTableCallE     Unknown  Unknown
libesmf.so         000014D403C27664  _ZN5ESMCI2VM5ente     Unknown  Unknown
libesmf.so         000014D4038E8C30  c_esmc_ftablecall     Unknown  Unknown
No errorforrtl: error (78): process killed (SIGTERM)
Image              PC                Routine            Line        Source             
libpthread-2.28.s  000014D3FFF96990  Unknown               Unknown  Unknown
libpthread-2.28.s  000014D3FFF95E20  nanosleep             Unknown  Unknown
libopen-rte.so.40  000014D3FBE5B44A  orte_show_help_no     Unknown  Unknown
libopen-rte.so.40  000014D3FBE5B7AC  orte_show_help        Unknown  Unknown
libmpi.so.40.30.7  000014D4010F400A  PMPI_Abort            Unknown  Unknown
libmpi_mpifh.so    000014D40143E2AE  Unknown               Unknown  Unknown
access-om3-MOM6    00000000018C01E7  mpp_error_basic            84  mpp_util_mpi.inc
access-om3-MOM6    00000000007C0936  mom_error                 178  MOM_error_handler.F90
access-om3-MOM6    0000000000871D37  initialize_topogr         166  MOM_shared_initialization.F90
access-om3-MOM6    000000000085AFF2  mom_initialize_to         227  MOM_fixed_initialization.F90
access-om3-MOM6    0000000000859BEB  mom_initialize_fi          85  MOM_fixed_initialization.F90
access-om3-MOM6    000000000056AB2E  initialize_mom           2878  MOM.F90
access-om3-MOM6    000000000053579D  ocean_model_init          283  mom_ocean_model_nuopc.F90
access-om3-MOM6    00000000004F6A9D  initializeadverti         753  mom_cap.F90
libesmf.so         000014D4038E8558  _ZN5ESMCI6FTable1     Unknown  Unknown
libesmf.so         000014D4038E7F9C  ESMCI_FTableCallE     Unknown  Unknown
libesmf.so         000014D403C27664  _ZN5ESMCI2VM5ente     Unknown  Unknown
libesmf.so         000014D4038E8C30  c_esmc_ftablecall     Unknown  Unknown
libesmf.so         000014D403E277F8  esmf_compmod_mp_e     Unknown  Unknown
libesmf.so         000014D4040A2B39  esmf_gridcompmod_     Unknown  Unknown
libesmf.so         000014D40442E477  nuopc_driver_mp_l     Unknown  Unknown
libesmf.so         000014D40441D8C7  nuopc_driver_mp_i     Unknown  Unknown
libesmf.so         000014D4038E8558  _ZN5ESMCI6FTable1     Unknown  Unknown
libesmf.so         000014D4038E7F9C  ESMCI_FTableCallE     Unknown  Unknown
libesmf.so         000014D403C27664  _ZN5ESMCI2VM5ente     Unknown  Unknown
libesmf.so         000014D4038E8C30  c_esmc_ftablecall     Unknown  Unknown
libesmf.so         000014D403E277F8  esmf_compmod_mp_e     Unknown  Unknown
libesmf.so         000014D4040A2B39  esmf_gridcompmod_     Unknown  Unknown
lImage              PC                Routine            Line        Source             
access-om3-MOM6    00000000018C01D1  mpp_error_basic            80  mpp_util_mpi.inc
access-om3-MOM6    00000000007C0936  mom_error                 178  MOM_error_handler.F90
access-om3-MOM6    0000000000871D37  initialize_topogr         166  MOM_shared_initialization.F90
access-om3-MOM6    000000000085AFF2  mom_initialize_to         227  MOM_fixed_initialization.F90
access-om3-MOM6    0000000000859BEB  mom_initialize_fi          85  MOM_fixed_initialization.F90
access-om3-MOM6    000000000056AB2E  initialize_mom           2878  MOM.F90
access-om3-MOM6    000000000053579D  ocean_model_init          283  mom_ocean_model_nuopc.F90
access-om3-MOM6    00000000004F6A9D  initializeadverti         753  mom_cap.F90
libesmf.so         00001490F6F8F558  _ZN5ESMCI6FTable1     Unknown  Unknown
libesmf.so         00001490F6F8EF9C  ESMCI_FTableCallE     Unknown  Unknown
libesmf.so         00001490F72CE664  _ZN5ESMCI2VM5ente     Unknown  Unknown
libesmf.so         00001490F6F8FC30  c_esmc_ftablecall     Unknown  Unknown
libesmf.so         00001490F74CE7F8  esmf_compmod_mp_e     Unknown  Unknown
libesmf.so         00001490F7749B39  esmf_gridcompmod_     Unknown  Unknown
libesmf.so         00001490F7AD5477  nuopc_driver_mp_l     Unknown  Unknown
libesmf.so         00001490F7AC48C7  nuopc_driver_mp_i     Unknown  Unknown
libesmf.so         00001490F6F8F558  _ZN5ESMCI6FTable1     Unknown  Unknown
libesmf.so         00001490F6F8EF9C  ESMCI_FTableCallE     Unknown  Unknown
libesmf.so         00001490F72CE664  _ZN5ESMCI2VM5ente     Unknown  Unknown
libesmf.so         00001490F6F8FC30  c_esmc_ftablecall     Unknown  Unknown
No errorforrtl: error (78): process killed (SIGTERM)
Image              PC                Routine            Line        Source             
libpthread-2.28.s  00001490F363D990  Unknown               Unknown  Unknown
libpthread-2.28.s  00001490F363CE20  nanosleep             Unknown  Unknown
libopen-rte.so.40  00001490EF50244A  orte_show_help_no     Unknown  Unknown
libopen-rte.so.40  00001490EF5027AC  orte_show_help        Unknown  Unknown
libmpi.so.40.30.7  00001490F479B00A  PMPI_Abort            Unknown  Unknown
libmpi_mpifh.so    00001490F4AE52AE  Unknown               Unknown  Unknown
access-om3-MOM6    00000000018C01E7  mpp_error_basic            84  mpp_util_mpi.inc
access-om3-MOM6    00000000007C0936  mom_error                 178  MOM_error_handler.F90
access-om3-MOM6    0000000000871D37  initialize_topogr         166  MOM_shared_initialization.F90
access-om3-MOM6    000000000085AFF2  mom_initialize_to         227  MOM_fixed_initialization.F90
access-om3-MOM6    0000000000859BEB  mom_initialize_fi          85  MOM_fixed_initialization.F90
access-om3-MOM6    000000000056AB2E  initialize_mom           2878  MOM.F90
access-om3-MOM6    000000000053579D  ocean_model_init          283  mom_ocean_model_nuopc.F90
access-om3-MOM6    00000000004F6A9D  initializeadverti         753  mom_cap.F90
libesmf.so         00001490F6F8F558  _ZN5ESMCI6FTable1     Unknown  Unknown
libesmf.so         00001490F6F8EF9C  ESMCI_FTableCallE     Unknown  Unknown
libesmf.so         00001490F72CE664  _ZN5ESMCI2VM5ente     Unknown  Unknown
libesmf.so         00001490F6F8FC30  c_esmc_ftablecall     Unknown  Unknown
libesmf.so         00001490F74CE7F8  esmf_compmod_mp_e     Unknown  Unknown
libesmf.so         00001490F7749B39  esmf_gridcompmod_     Unknown  Unknown
libesmf.so         00001490F7AD5477  nuopc_driver_mp_l     Unknown  Unknown
libesmf.so         00001490F7AC48C7  nuopc_driver_mp_i     Unknown  Unknown
libesmf.so         00001490F6F8F558  _ZN5ESMCI6FTable1     Unknown  Unknown
libesmf.so         00001490F6F8EF9C  ESMCI_FTableCallE     Unknown  Unknown
libesmf.so         00001490F72CE664  _ZN5ESMCI2VM5ente     Unknown  Unknown
libesmf.so         00001490F6F8FC30  c_esmc_ftablecall     Unknown  Unknown
libesmf.so         00001490F74CE7F8  esmf_compmod_mp_e     Unknown  Unknown
libesmf.so         00001490F7749B39  esmf_gridcompmod_     Unknown  Unknown
lImage              PC                Routine            Line        Source             
access-om3-MOM6    00000000018C01D1  mpp_error_basic            80  mpp_util_mpi.inc
access-om3-MOM6    00000000007C0936  mom_error                 178  MOM_error_handler.F90
access-om3-MOM6    0000000000871D37  initialize_topogr         166  MOM_shared_initialization.F90
access-om3-MOM6    000000000085AFF2  mom_initialize_to         227  MOM_fixed_initialization.F90
access-om3-MOM6    0000000000859BEB  mom_initialize_fi          85  MOM_fixed_initialization.F90
access-om3-MOM6    000000000056AB2E  initialize_mom           2878  MOM.F90
access-om3-MOM6    000000000053579D  ocean_model_init          283  mom_ocean_model_nuopc.F90
access-om3-MOM6    00000000004F6A9D  initializeadverti         753  mom_cap.F90
libesmf.so         000014702B415558  _ZN5ESMCI6FTable1     Unknown  Unknown
libesmf.so         000014702B414F9C  ESMCI_FTableCallE     Unknown  Unknown
libesmf.so         000014702B754664  _ZN5ESMCI2VM5ente     Unknown  Unknown
libesmf.so         000014702B415C30  c_esmc_ftablecall     Unknown  Unknown
libesmf.so         000014702B9547F8  esmf_compmod_mp_e     Unknown  Unknown
libesmf.so         000014702BBCFB39  esmf_gridcompmod_     Unknown  Unknown
libesmf.so         000014702BF5B477  nuopc_driver_mp_l     Unknown  Unknown
libesmf.so         000014702BF4A8C7  nuopc_driver_mp_i     Unknown  Unknown
libesmf.so         000014702B415558  _ZN5ESMCI6FTable1     Unknown  Unknown
libesmf.so         000014702B414F9C  ESMCI_FTableCallE     Unknown  Unknown
libesmf.so         000014702B754664  _ZN5ESMCI2VM5ente     Unknown  Unknown
libesmf.so         000014702B415C30  c_esmc_ftablecall     Unknown  Unknown
libesmf.so         000014702B9547F8  esmf_compmod_mp_e     Unknown  Unknown
libesmf.so         000014702BBCFB39  esmf_gridcompmod_     Unknown  Unknown
libesmf.so         000014702BF5B477  nuopc_driver_mp_l     Unknown  Unknown
No errorforrtl: error (78): process killed (SIGTERM)
Image              PC                Routine            Line        Source             
libpthread-2.28.s  0000147027AC3990  Unknown               Unknown  Unknown
libpthread-2.28.s  0000147027AC2E20  nanosleep             Unknown  Unknown
libopen-rte.so.40  000014702398844A  orte_show_help_no     Unknown  Unknown
libopen-rte.so.40  00001470239887AC  orte_show_help        Unknown  Unknown
libmpi.so.40.30.7  0000147028C2100A  PMPI_Abort            Unknown  Unknown
libmpi_mpifh.so    0000147028F6B2AE  Unknown               Unknown  Unknown
access-om3-MOM6    00000000018C01E7  mpp_error_basic            84  mpp_util_mpi.inc
access-om3-MOM6    00000000007C0936  mom_error                 178  MOM_error_handler.F90
access-om3-MOM6    0000000000871D37  initialize_topogr         166  MOM_shared_initialization.F90
access-om3-MOM6    000000000085AFF2  mom_initialize_to         227  MOM_fixed_initialization.F90
access-om3-MOM6    0000000000859BEB  mom_initialize_fi          85  MOM_fixed_initialization.F90
access-om3-MOM6    000000000056AB2E  initialize_mom           2878  MOM.F90
access-om3-MOM6    000000000053579D  ocean_model_init          283  mom_ocean_model_nuopc.F90
access-om3-MOM6    00000000004F6A9D  initializeadverti         753  mom_cap.F90
libesmf.so         000014702B415558  _ZN5ESMCI6FTable1     Unknown  Unknown
libesmf.so         000014702B414F9C  ESMCI_FTableCallE     Unknown  Unknown
libesmf.so         000014702B754664  _ZN5ESMCI2VM5ente     Unknown  Unknown
libesmf.so         000014702B415C30  c_esmc_ftablecall     Unknown  Unknown
libesmf.so         000014702B9547F8  esmf_compmod_mp_e     Unknown  Unknown
libesmf.so         000014702BBCFB39  esmf_gridcompmod_     Unknown  Unknown
libesmf.so         000014702BF5B477  nuopc_driver_mp_l     Unknown  Unknown
libesmf.so         000014702BF4A8C7  nuopc_driver_mp_i     Unknown  Unknown
libesmf.so         000014702B415558  _ZN5ESMCI6FTable1     Unknown  Unknown
libesmf.so         000014702B414F9C  ESMCI_FTableCallE     Unknown  Unknown
libesmf.so         000014702B754664  _ZN5ESMCI2VM5ente     Unknown  Unknown
lImage              PC                Routine            Line        Source             
access-om3-MOM6    00000000018C01D1  mpp_error_basic            80  mpp_util_mpi.inc
access-om3-MOM6    00000000007C0936  mom_error                 178  MOM_error_handler.F90
access-om3-MOM6    0000000000871D37  initialize_topogr         166  MOM_shared_initialization.F90
access-om3-MOM6    000000000085AFF2  mom_initialize_to         227  MOM_fixed_initialization.F90
access-om3-MOM6    0000000000859BEB  mom_initialize_fi          85  MOM_fixed_initialization.F90
access-om3-MOM6    000000000056AB2E  initialize_mom           2878  MOM.F90
access-om3-MOM6    000000000053579D  ocean_model_init          283  mom_ocean_model_nuopc.F90
access-om3-MOM6    00000000004F6A9D  initializeadverti         753  mom_cap.F90
libesmf.so         000014C215C2B558  _ZN5ESMCI6FTable1     Unknown  Unknown
libesmf.so         000014C215C2AF9C  ESMCI_FTableCallE     Unknown  Unknown
libesmf.so         000014C215F6A664  _ZN5ESMCI2VM5ente     Unknown  Unknown
libesmf.so         000014C215C2BC30  c_esmc_ftablecall     Unknown  Unknown
libesmf.so         000014C21616A7F8  esmf_compmod_mp_e     Unknown  Unknown
libesmf.so         000014C2163E5B39  esmf_gridcompmod_     Unknown  Unknown
libesmf.so         000014C216771477  nuopc_driver_mp_l     Unknown  Unknown
libesmf.so         000014C2167608C7  nuopc_driver_mp_i     Unknown  Unknown
libesmf.so         000014C215C2B558  _ZN5ESMCI6FTable1     Unknown  Unknown
libesmf.so         000014C215C2AF9C  ESMCI_FTableCallE     Unknown  Unknown
libesmf.so         000014C215F6A664  _ZN5ESMCI2VM5ente     Unknown  Unknown
libesmf.so         000014C215C2BC30  c_esmc_ftablecall     Unknown  Unknown
No errorforrtl: error (78): process killed (SIGTERM)
Image              PC                Routine            Line        Source             
libpthread-2.28.s  000014C2122D9990  Unknown               Unknown  Unknown
libpthread-2.28.s  000014C2122D8E20  nanosleep             Unknown  Unknown
libopen-rte.so.40  000014C20E19E44A  orte_show_help_no     Unknown  Unknown
libopen-rte.so.40  000014C20E19E7AC  orte_show_help        Unknown  Unknown
libmpi.so.40.30.7  000014C21343700A  PMPI_Abort            Unknown  Unknown
libmpi_mpifh.so    000014C2137812AE  Unknown               Unknown  Unknown
access-om3-MOM6    00000000018C01E7  mpp_error_basic            84  mpp_util_mpi.inc
access-om3-MOM6    00000000007C0936  mom_error                 178  MOM_error_handler.F90
access-om3-MOM6    0000000000871D37  initialize_topogr         166  MOM_shared_initialization.F90
access-om3-MOM6    000000000085AFF2  mom_initialize_to         227  MOM_fixed_initialization.F90
access-om3-MOM6    0000000000859BEB  mom_initialize_fi          85  MOM_fixed_initialization.F90
access-om3-MOM6    000000000056AB2E  initialize_mom           2878  MOM.F90
access-om3-MOM6    000000000053579D  ocean_model_init          283  mom_ocean_model_nuopc.F90
access-om3-MOM6    00000000004F6A9D  initializeadverti         753  mom_cap.F90
libesmf.so         000014C215C2B558  _ZN5ESMCI6FTable1     Unknown  Unknown
libesmf.so         000014C215C2AF9C  ESMCI_FTableCallE     Unknown  Unknown
libesmf.so         000014C215F6A664  _ZN5ESMCI2VM5ente     Unknown  Unknown
libesmf.so         000014C215C2BC30  c_esmc_ftablecall     Unknown  Unknown
libesmf.so         000014C21616A7F8  esmf_compmod_mp_e     Unknown  Unknown
libesmf.so         000014C2163E5B39  esmf_gridcompmod_     Unknown  Unknown
libesmf.so         000014C216771477  nuopc_driver_mp_l     Unknown  Unknown
libesmf.so         000014C2167608C7  nuopc_driver_mp_i     Unknown  Unknown
libesmf.so         000014C215C2B558  _ZN5ESMCI6FTable1     Unknown  Unknown
libesmf.so         000014C215C2AF9C  ESMCI_FTableCallE     Unknown  Unknown
libesmf.so         000014C215F6A664  _ZN5ESMCI2VM5ente     Unknown  Unknown
libesmf.so         000014C215C2BC30  c_esmc_ftablecall     Unknown  Unknown
libesmf.so         000014C21616A7F8  esmf_compmod_mp_e     Unknown  Unknown
libesmf.so         000014C2163E5B39  esmf_gridcompmod_     Unknown  Unknown
lImage              PC                Routine            Line        Source             
access-om3-MOM6    00000000018C01D1  mpp_error_basic            80  mpp_util_mpi.inc
access-om3-MOM6    00000000007C0936  mom_error                 178  MOM_error_handler.F90
access-om3-MOM6    0000000000871D37  initialize_topogr         166  MOM_shared_initialization.F90
access-om3-MOM6    000000000085AFF2  mom_initialize_to         227  MOM_fixed_initialization.F90
access-om3-MOM6    0000000000859BEB  mom_initialize_fi          85  MOM_fixed_initialization.F90
access-om3-MOM6    000000000056AB2E  initialize_mom           2878  MOM.F90
access-om3-MOM6    000000000053579D  ocean_model_init          283  mom_ocean_model_nuopc.F90
access-om3-MOM6    00000000004F6A9D  initializeadverti         753  mom_cap.F90
libesmf.so         000014A3960AE558  _ZN5ESMCI6FTable1     Unknown  Unknown
libesmf.so         000014A3960ADF9C  ESMCI_FTableCallE     Unknown  Unknown
libesmf.so         000014A3963ED664  _ZN5ESMCI2VM5ente     Unknown  Unknown
libesmf.so         000014A3960AEC30  c_esmc_ftablecall     Unknown  Unknown
libesmf.so         000014A3965ED7F8  esmf_compmod_mp_e     Unknown  Unknown
libesmf.so         000014A396868B39  esmf_gridcompmod_     Unknown  Unknown
libesmf.so         000014A396BF4477  nuopc_driver_mp_l     Unknown  Unknown
libesmf.so         000014A396BE38C7  nuopc_driver_mp_i     Unknown  Unknown
libesmf.so         000014A3960AE558  _ZN5ESMCI6FTable1     Unknown  Unknown
libesmf.so         000014A3960ADF9C  ESMCI_FTableCallE     Unknown  Unknown
libesmf.so         000014A3963ED664  _ZN5ESMCI2VM5ente     Unknown  Unknown
libesmf.so         000014A3960AEC30  c_esmc_ftablecall     Unknown  Unknown
libesmf.so         000014A3965ED7F8  esmf_compmod_mp_e     Unknown  Unknown
No errorforrtl: error (78): process killed (SIGTERM)
Image              PC                Routine            Line        Source             
libpthread-2.28.s  000014A39275C990  Unknown               Unknown  Unknown
libpthread-2.28.s  000014A39275BE20  nanosleep             Unknown  Unknown
libopen-rte.so.40  000014A38E62144A  orte_show_help_no     Unknown  Unknown
libopen-rte.so.40  000014A38E6217AC  orte_show_help        Unknown  Unknown
libmpi.so.40.30.7  000014A3938BA00A  PMPI_Abort            Unknown  Unknown
libmpi_mpifh.so    000014A393C042AE  Unknown               Unknown  Unknown
access-om3-MOM6    00000000018C01E7  mpp_error_basic            84  mpp_util_mpi.inc
access-om3-MOM6    00000000007C0936  mom_error                 178  MOM_error_handler.F90
access-om3-MOM6    0000000000871D37  initialize_topogr         166  MOM_shared_initialization.F90
access-om3-MOM6    000000000085AFF2  mom_initialize_to         227  MOM_fixed_initialization.F90
access-om3-MOM6    0000000000859BEB  mom_initialize_fi          85  MOM_fixed_initialization.F90
access-om3-MOM6    000000000056AB2E  initialize_mom           2878  MOM.F90
access-om3-MOM6    000000000053579D  ocean_model_init          283  mom_ocean_model_nuopc.F90
access-om3-MOM6    00000000004F6A9D  initializeadverti         753  mom_cap.F90
libesmf.so         000014A3960AE558  _ZN5ESMCI6FTable1     Unknown  Unknown
libesmf.so         000014A3960ADF9C  ESMCI_FTableCallE     Unknown  Unknown
libesmf.so         000014A3963ED664  _ZN5ESMCI2VM5ente     Unknown  Unknown
libesmf.so         000014A3960AEC30  c_esmc_ftablecall     Unknown  Unknown
libesmf.so         000014A3965ED7F8  esmf_compmod_mp_e     Unknown  Unknown
libesmf.so         000014A396868B39  esmf_gridcompmod_     Unknown  Unknown
libesmf.so         000014A396BF4477  nuopc_driver_mp_l     Unknown  Unknown
libesmf.so         000014A396BE38C7  nuopc_driver_mp_i     Unknown  Unknown
libesmf.so         000014A3960AE558  _ZN5ESMCI6FTable1     Unknown  Unknown
libesmf.so         000014A3960ADF9C  ESMCI_FTableCallE     Unknown  Unknown
libesmf.so         000014A3963ED664  _ZN5ESMCI2VM5ente     Unknown  Unknown
libesmf.so         000014A3960AEC30  c_esmc_ftablecall     Unknown  Unknown
libesmf.so         000014A3965ED7F8  esmf_compmod_mp_e     Unknown  Unknown
lImage              PC                Routine            Line        Source             
access-om3-MOM6    00000000018C01D1  mpp_error_basic            80  mpp_util_mpi.inc
access-om3-MOM6    00000000007C0936  mom_error                 178  MOM_error_handler.F90
access-om3-MOM6    0000000000871D37  initialize_topogr         166  MOM_shared_initialization.F90
access-om3-MOM6    000000000085AFF2  mom_initialize_to         227  MOM_fixed_initialization.F90
access-om3-MOM6    0000000000859BEB  mom_initialize_fi          85  MOM_fixed_initialization.F90
access-om3-MOM6    000000000056AB2E  initialize_mom           2878  MOM.F90
access-om3-MOM6    000000000053579D  ocean_model_init          283  mom_ocean_model_nuopc.F90
access-om3-MOM6    00000000004F6A9D  initializeadverti         753  mom_cap.F90
libesmf.so         000014E99DFAF558  _ZN5ESMCI6FTable1     Unknown  Unknown
libesmf.so         000014E99DFAEF9C  ESMCI_FTableCallE     Unknown  Unknown
libesmf.so         000014E99E2EE664  _ZN5ESMCI2VM5ente     Unknown  Unknown
libesmf.so         000014E99DFAFC30  c_esmc_ftablecall     Unknown  Unknown
libesmf.so         000014E99E4EE7F8  esmf_compmod_mp_e     Unknown  Unknown
libesmf.so         000014E99E769B39  esmf_gridcompmod_     Unknown  Unknown
libesmf.so         000014E99EAF5477  nuopc_driver_mp_l     Unknown  Unknown
libesmf.so         000014E99EAE48C7  nuopc_driver_mp_i     Unknown  Unknown
libesmf.so         000014E99DFAF558  _ZN5ESMCI6FTable1     Unknown  Unknown
libesmf.so         000014E99DFAEF9C  ESMCI_FTableCallE     Unknown  Unknown
libesmf.so         000014E99E2EE664  _ZN5ESMCI2VM5ente     Unknown  Unknown
libesmf.so         000014E99DFAFC30  c_esmc_ftablecall     Unknown  Unknown
libesmf.so         000014E99E4EE7F8  esmf_compmod_mp_e     Unknown  Unknown
No errorforrtl: error (78): process killed (SIGTERM)
Image              PC                Routine            Line        Source             
libpthread-2.28.s  000014E99A65D990  Unknown               Unknown  Unknown
libpthread-2.28.s  000014E99A65CE20  nanosleep             Unknown  Unknown
libopen-rte.so.40  000014E99652244A  orte_show_help_no     Unknown  Unknown
libopen-rte.so.40  000014E9965227AC  orte_show_help        Unknown  Unknown
libmpi.so.40.30.7  000014E99B7BB00A  PMPI_Abort            Unknown  Unknown
libmpi_mpifh.so    000014E99BB052AE  Unknown               Unknown  Unknown
access-om3-MOM6    00000000018C01E7  mpp_error_basic            84  mpp_util_mpi.inc
access-om3-MOM6    00000000007C0936  mom_error                 178  MOM_error_handler.F90
access-om3-MOM6    0000000000871D37  initialize_topogr         166  MOM_shared_initialization.F90
access-om3-MOM6    000000000085AFF2  mom_initialize_to         227  MOM_fixed_initialization.F90
access-om3-MOM6    0000000000859BEB  mom_initialize_fi          85  MOM_fixed_initialization.F90
access-om3-MOM6    000000000056AB2E  initialize_mom           2878  MOM.F90
access-om3-MOM6    000000000053579D  ocean_model_init          283  mom_ocean_model_nuopc.F90
access-om3-MOM6    00000000004F6A9D  initializeadverti         753  mom_cap.F90
libesmf.so         000014E99DFAF558  _ZN5ESMCI6FTable1     Unknown  Unknown
libesmf.so         000014E99DFAEF9C  ESMCI_FTableCallE     Unknown  Unknown
libesmf.so         000014E99E2EE664  _ZN5ESMCI2VM5ente     Unknown  Unknown
libesmf.so         000014E99DFAFC30  c_esmc_ftablecall     Unknown  Unknown
libesmf.so         000014E99E4EE7F8  esmf_compmod_mp_e     Unknown  Unknown
libesmf.so         000014E99E769B39  esmf_gridcompmod_     Unknown  Unknown
libesmf.so         000014E99EAF5477  nuopc_driver_mp_l     Unknown  Unknown
libesmf.so         000014E99EAE48C7  nuopc_driver_mp_i     Unknown  Unknown
libesmf.so         000014E99DFAF558  _ZN5ESMCI6FTable1     Unknown  Unknown
libesmf.so         000014E99DFAEF9C  ESMCI_FTableCallE     Unknown  Unknown
libesmf.so         000014E99E2EE664  _ZN5ESMCI2VM5ente     Unknown  Unknown
libesmf.so         000014E99DFAFC30  c_esmc_ftablecall     Unknown  Unknown
libesmf.so         000014E99E4EE7F8  esmf_compmod_mp_e     Unknown  Unknown
lImage              PC                Routine            Line        Source             
access-om3-MOM6    00000000018C01D1  mpp_error_basic            80  mpp_util_mpi.inc
access-om3-MOM6    00000000007C0936  mom_error                 178  MOM_error_handler.F90
access-om3-MOM6    0000000000871D37  initialize_topogr         166  MOM_shared_initialization.F90
access-om3-MOM6    000000000085AFF2  mom_initialize_to         227  MOM_fixed_initialization.F90
access-om3-MOM6    0000000000859BEB  mom_initialize_fi          85  MOM_fixed_initialization.F90
access-om3-MOM6    000000000056AB2E  initialize_mom           2878  MOM.F90
access-om3-MOM6    000000000053579D  ocean_model_init          283  mom_ocean_model_nuopc.F90
access-om3-MOM6    00000000004F6A9D  initializeadverti         753  mom_cap.F90
libesmf.so         0000152781AF9558  _ZN5ESMCI6FTable1     Unknown  Unknown
libesmf.so         0000152781AF8F9C  ESMCI_FTableCallE     Unknown  Unknown
libesmf.so         0000152781E38664  _ZN5ESMCI2VM5ente     Unknown  Unknown
libesmf.so         0000152781AF9C30  c_esmc_ftablecall     Unknown  Unknown
libesmf.so         00001527820387F8  esmf_compmod_mp_e     Unknown  Unknown
libesmf.so         00001527822B3B39  esmf_gridcompmod_     Unknown  Unknown
libesmf.so         000015278263F477  nuopc_driver_mp_l     Unknown  Unknown
libesmf.so         000015278262E8C7  nuopc_driver_mp_i     Unknown  Unknown
libesmf.so         0000152781AF9558  _ZN5ESMCI6FTable1     Unknown  Unknown
libesmf.so         0000152781AF8F9C  ESMCI_FTableCallE     Unknown  Unknown
libesmf.so         0000152781E38664  _ZN5ESMCI2VM5ente     Unknown  Unknown
libesmf.so         0000152781AF9C30  c_esmc_ftablecall     Unknown  Unknown
No errorforrtl: error (78): process killed (SIGTERM)
Image              PC                Routine            Line        Source             
libpthread-2.28.s  000015277E1A7990  Unknown               Unknown  Unknown
libpthread-2.28.s  000015277E1A6E20  nanosleep             Unknown  Unknown
libopen-rte.so.40  000015277A06C44A  orte_show_help_no     Unknown  Unknown
libopen-rte.so.40  000015277A06C7AC  orte_show_help        Unknown  Unknown
libmpi.so.40.30.7  000015277F30500A  PMPI_Abort            Unknown  Unknown
libmpi_mpifh.so    000015277F64F2AE  Unknown               Unknown  Unknown
access-om3-MOM6    00000000018C01E7  mpp_error_basic            84  mpp_util_mpi.inc
access-om3-MOM6    00000000007C0936  mom_error                 178  MOM_error_handler.F90
access-om3-MOM6    0000000000871D37  initialize_topogr         166  MOM_shared_initialization.F90
access-om3-MOM6    000000000085AFF2  mom_initialize_to         227  MOM_fixed_initialization.F90
access-om3-MOM6    0000000000859BEB  mom_initialize_fi          85  MOM_fixed_initialization.F90
access-om3-MOM6    000000000056AB2E  initialize_mom           2878  MOM.F90
access-om3-MOM6    000000000053579D  ocean_model_init          283  mom_ocean_model_nuopc.F90
access-om3-MOM6    00000000004F6A9D  initializeadverti         753  mom_cap.F90
libesmf.so         0000152781AF9558  _ZN5ESMCI6FTable1     Unknown  Unknown
libesmf.so         0000152781AF8F9C  ESMCI_FTableCallE     Unknown  Unknown
libesmf.so         0000152781E38664  _ZN5ESMCI2VM5ente     Unknown  Unknown
libesmf.so         0000152781AF9C30  c_esmc_ftablecall     Unknown  Unknown
libesmf.so         00001527820387F8  esmf_compmod_mp_e     Unknown  Unknown
libesmf.so         00001527822B3B39  esmf_gridcompmod_     Unknown  Unknown
libesmf.so         000015278263F477  nuopc_driver_mp_l     Unknown  Unknown
libesmf.so         000015278262E8C7  nuopc_driver_mp_i     Unknown  Unknown
libesmf.so         0000152781AF9558  _ZN5ESMCI6FTable1     Unknown  Unknown
libesmf.so         0000152781AF8F9C  ESMCI_FTableCallE     Unknown  Unknown
libesmf.so         0000152781E38664  _ZN5ESMCI2VM5ente     Unknown  Unknown
libesmf.so         0000152781AF9C30  c_esmc_ftablecall     Unknown  Unknown
libesmf.so         00001527820387F8  esmf_compmod_mp_e     Unknown  Unknown
libesmf.so         00001527822B3B39  esmf_gridcompmod_     Unknown  Unknown
lImage              PC                Routine            Line        Source             
access-om3-MOM6    00000000018C01D1  mpp_error_basic            80  mpp_util_mpi.inc
access-om3-MOM6    00000000007C0936  mom_error                 178  MOM_error_handler.F90
access-om3-MOM6    0000000000871D37  initialize_topogr         166  MOM_shared_initialization.F90
access-om3-MOM6    000000000085AFF2  mom_initialize_to         227  MOM_fixed_initialization.F90
access-om3-MOM6    0000000000859BEB  mom_initialize_fi          85  MOM_fixed_initialization.F90
access-om3-MOM6    000000000056AB2E  initialize_mom           2878  MOM.F90
access-om3-MOM6    000000000053579D  ocean_model_init          283  mom_ocean_model_nuopc.F90
access-om3-MOM6    00000000004F6A9D  initializeadverti         753  mom_cap.F90
libesmf.so         000014E79D701558  _ZN5ESMCI6FTable1     Unknown  Unknown
libesmf.so         000014E79D700F9C  ESMCI_FTableCallE     Unknown  Unknown
libesmf.so         000014E79DA40664  _ZN5ESMCI2VM5ente     Unknown  Unknown
libesmf.so         000014E79D701C30  c_esmc_ftablecall     Unknown  Unknown
libesmf.so         000014E79DC407F8  esmf_compmod_mp_e     Unknown  Unknown
libesmf.so         000014E79DEBBB39  esmf_gridcompmod_     Unknown  Unknown
libesmf.so         000014E79E247477  nuopc_driver_mp_l     Unknown  Unknown
libesmf.so         000014E79E2368C7  nuopc_driver_mp_i     Unknown  Unknown
libesmf.so         000014E79D701558  _ZN5ESMCI6FTable1     Unknown  Unknown
libesmf.so         000014E79D700F9C  ESMCI_FTableCallE     Unknown  Unknown
libesmf.so         000014E79DA40664  _ZN5ESMCI2VM5ente     Unknown  Unknown
libesmf.so         000014E79D701C30  c_esmc_ftablecall     Unknown  Unknown
No errorforrtl: error (78): process killed (SIGTERM)
Image              PC                Routine            Line        Source             
libpthread-2.28.s  000014E799DAF990  Unknown               Unknown  Unknown
libpthread-2.28.s  000014E799DAEE20  nanosleep             Unknown  Unknown
libopen-rte.so.40  000014E795C7444A  orte_show_help_no     Unknown  Unknown
libopen-rte.so.40  000014E795C747AC  orte_show_help        Unknown  Unknown
libmpi.so.40.30.7  000014E79AF0D00A  PMPI_Abort            Unknown  Unknown
libmpi_mpifh.so    000014E79B2572AE  Unknown               Unknown  Unknown
access-om3-MOM6    00000000018C01E7  mpp_error_basic            84  mpp_util_mpi.inc
access-om3-MOM6    00000000007C0936  mom_error                 178  MOM_error_handler.F90
access-om3-MOM6    0000000000871D37  initialize_topogr         166  MOM_shared_initialization.F90
access-om3-MOM6    000000000085AFF2  mom_initialize_to         227  MOM_fixed_initialization.F90
access-om3-MOM6    0000000000859BEB  mom_initialize_fi          85  MOM_fixed_initialization.F90
access-om3-MOM6    000000000056AB2E  initialize_mom           2878  MOM.F90
access-om3-MOM6    000000000053579D  ocean_model_init          283  mom_ocean_model_nuopc.F90
access-om3-MOM6    00000000004F6A9D  initializeadverti         753  mom_cap.F90
libesmf.so         000014E79D701558  _ZN5ESMCI6FTable1     Unknown  Unknown
libesmf.so         000014E79D700F9C  ESMCI_FTableCallE     Unknown  Unknown
libesmf.so         000014E79DA40664  _ZN5ESMCI2VM5ente     Unknown  Unknown
libesmf.so         000014E79D701C30  c_esmc_ftablecall     Unknown  Unknown
libesmf.so         000014E79DC407F8  esmf_compmod_mp_e     Unknown  Unknown
libesmf.so         000014E79DEBBB39  esmf_gridcompmod_     Unknown  Unknown
libesmf.so         000014E79E247477  nuopc_driver_mp_l     Unknown  Unknown
libesmf.so         000014E79E2368C7  nuopc_driver_mp_i     Unknown  Unknown
libesmf.so         000014E79D701558  _ZN5ESMCI6FTable1     Unknown  Unknown
libesmf.so         000014E79D700F9C  ESMCI_FTableCallE     Unknown  Unknown
libesmf.so         000014E79DA40664  _ZN5ESMCI2VM5ente     Unknown  Unknown
libesmf.so         000014E79D701C30  c_esmc_ftablecall     Unknown  Unknown
libesmf.so         000014E79DC407F8  esmf_compmod_mp_e     Unknown  Unknown
libesmf.so         000014E79DEBBB39  esmf_gridcompmod_     Unknown  Unknown
lImage              PC                Routine            Line        Source             
access-om3-MOM6    00000000018C01D1  mpp_error_basic            80  mpp_util_mpi.inc
access-om3-MOM6    00000000007C0936  mom_error                 178  MOM_error_handler.F90
access-om3-MOM6    0000000000871D37  initialize_topogr         166  MOM_shared_initialization.F90
access-om3-MOM6    000000000085AFF2  mom_initialize_to         227  MOM_fixed_initialization.F90
access-om3-MOM6    0000000000859BEB  mom_initialize_fi          85  MOM_fixed_initialization.F90
access-om3-MOM6    000000000056AB2E  initialize_mom           2878  MOM.F90
access-om3-MOM6    000000000053579D  ocean_model_init          283  mom_ocean_model_nuopc.F90
access-om3-MOM6    00000000004F6A9D  initializeadverti         753  mom_cap.F90
libesmf.so         000014CADD576558  _ZN5ESMCI6FTable1     Unknown  Unknown
libesmf.so         000014CADD575F9C  ESMCI_FTableCallE     Unknown  Unknown
libesmf.so         000014CADD8B5664  _ZN5ESMCI2VM5ente     Unknown  Unknown
libesmf.so         000014CADD576C30  c_esmc_ftablecall     Unknown  Unknown
libesmf.so         000014CADDAB57F8  esmf_compmod_mp_e     Unknown  Unknown
libesmf.so         000014CADDD30B39  esmf_gridcompmod_     Unknown  Unknown
libesmf.so         000014CADE0BC477  nuopc_driver_mp_l     Unknown  Unknown
libesmf.so         000014CADE0AB8C7  nuopc_driver_mp_i     Unknown  Unknown
libesmf.so         000014CADD576558  _ZN5ESMCI6FTable1     Unknown  Unknown
libesmf.so         000014CADD575F9C  ESMCI_FTableCallE     Unknown  Unknown
libesmf.so         000014CADD8B5664  _ZN5ESMCI2VM5ente     Unknown  Unknown
libesmf.so         000014CADD576C30  c_esmc_ftablecall     Unknown  Unknown
No errorforrtl: error (78): process killed (SIGTERM)
Image              PC                Routine            Line        Source             
libpthread-2.28.s  000014CAD9C24990  Unknown               Unknown  Unknown
libpthread-2.28.s  000014CAD9C23E20  nanosleep             Unknown  Unknown
libopen-rte.so.40  000014CAD5AE944A  orte_show_help_no     Unknown  Unknown
libopen-rte.so.40  000014CAD5AE97AC  orte_show_help        Unknown  Unknown
libmpi.so.40.30.7  000014CADAD8200A  PMPI_Abort            Unknown  Unknown
libmpi_mpifh.so    000014CADB0CC2AE  Unknown               Unknown  Unknown
access-om3-MOM6    00000000018C01E7  mpp_error_basic            84  mpp_util_mpi.inc
access-om3-MOM6    00000000007C0936  mom_error                 178  MOM_error_handler.F90
access-om3-MOM6    0000000000871D37  initialize_topogr         166  MOM_shared_initialization.F90
access-om3-MOM6    000000000085AFF2  mom_initialize_to         227  MOM_fixed_initialization.F90
access-om3-MOM6    0000000000859BEB  mom_initialize_fi          85  MOM_fixed_initialization.F90
access-om3-MOM6    000000000056AB2E  initialize_mom           2878  MOM.F90
access-om3-MOM6    000000000053579D  ocean_model_init          283  mom_ocean_model_nuopc.F90
access-om3-MOM6    00000000004F6A9D  initializeadverti         753  mom_cap.F90
libesmf.so         000014CADD576558  _ZN5ESMCI6FTable1     Unknown  Unknown
libesmf.so         000014CADD575F9C  ESMCI_FTableCallE     Unknown  Unknown
libesmf.so         000014CADD8B5664  _ZN5ESMCI2VM5ente     Unknown  Unknown
libesmf.so         000014CADD576C30  c_esmc_ftablecall     Unknown  Unknown
libesmf.so         000014CADDAB57F8  esmf_compmod_mp_e     Unknown  Unknown
libesmf.so         000014CADDD30B39  esmf_gridcompmod_     Unknown  Unknown
libesmf.so         000014CADE0BC477  nuopc_driver_mp_l     Unknown  Unknown
libesmf.so         000014CADE0AB8C7  nuopc_driver_mp_i     Unknown  Unknown
libesmf.so         000014CADD576558  _ZN5ESMCI6FTable1     Unknown  Unknown
libesmf.so         000014CADD575F9C  ESMCI_FTableCallE     Unknown  Unknown
libesmf.so         000014CADD8B5664  _ZN5ESMCI2VM5ente     Unknown  Unknown
libesmf.so         000014CADD576C30  c_esmc_ftablecall     Unknown  Unknown
libesmf.so         000014CADDAB57F8  esmf_compmod_mp_e     Unknown  Unknown
libesmf.so         000014CADDD30B39  esmf_gridcompmod_     Unknown  Unknown
lImage              PC                Routine            Line        Source             
access-om3-MOM6    00000000018C01D1  mpp_error_basic            80  mpp_util_mpi.inc
access-om3-MOM6    00000000007C0936  mom_error                 178  MOM_error_handler.F90
access-om3-MOM6    0000000000871D37  initialize_topogr         166  MOM_shared_initialization.F90
access-om3-MOM6    000000000085AFF2  mom_initialize_to         227  MOM_fixed_initialization.F90
access-om3-MOM6    0000000000859BEB  mom_initialize_fi          85  MOM_fixed_initialization.F90
access-om3-MOM6    000000000056AB2E  initialize_mom           2878  MOM.F90
access-om3-MOM6    000000000053579D  ocean_model_init          283  mom_ocean_model_nuopc.F90
access-om3-MOM6    00000000004F6A9D  initializeadverti         753  mom_cap.F90
libesmf.so         0000145866281558  _ZN5ESMCI6FTable1     Unknown  Unknown
libesmf.so         0000145866280F9C  ESMCI_FTableCallE     Unknown  Unknown
libesmf.so         00001458665C0664  _ZN5ESMCI2VM5ente     Unknown  Unknown
libesmf.so         0000145866281C30  c_esmc_ftablecall     Unknown  Unknown
libesmf.so         00001458667C07F8  esmf_compmod_mp_e     Unknown  Unknown
libesmf.so         0000145866A3BB39  esmf_gridcompmod_     Unknown  Unknown
libesmf.so         0000145866DC7477  nuopc_driver_mp_l     Unknown  Unknown
libesmf.so         0000145866DB68C7  nuopc_driver_mp_i     Unknown  Unknown
libesmf.so         0000145866281558  _ZN5ESMCI6FTable1     Unknown  Unknown
libesmf.so         0000145866280F9C  ESMCI_FTableCallE     Unknown  Unknown
libesmf.so         00001458665C0664  _ZN5ESMCI2VM5ente     Unknown  Unknown
libesmf.so         0000145866281C30  c_esmc_ftablecall     Unknown  Unknown
No errorforrtl: error (78): process killed (SIGTERM)
Image              PC                Routine            Line        Source             
libpthread-2.28.s  000014586292F990  Unknown               Unknown  Unknown
libpthread-2.28.s  000014586292EE20  nanosleep             Unknown  Unknown
libopen-rte.so.40  000014585E7F444A  orte_show_help_no     Unknown  Unknown
libopen-rte.so.40  000014585E7F47AC  orte_show_help        Unknown  Unknown
libmpi.so.40.30.7  0000145863A8D00A  PMPI_Abort            Unknown  Unknown
libmpi_mpifh.so    0000145863DD72AE  Unknown               Unknown  Unknown
access-om3-MOM6    00000000018C01E7  mpp_error_basic            84  mpp_util_mpi.inc
access-om3-MOM6    00000000007C0936  mom_error                 178  MOM_error_handler.F90
access-om3-MOM6    0000000000871D37  initialize_topogr         166  MOM_shared_initialization.F90
access-om3-MOM6    000000000085AFF2  mom_initialize_to         227  MOM_fixed_initialization.F90
access-om3-MOM6    0000000000859BEB  mom_initialize_fi          85  MOM_fixed_initialization.F90
access-om3-MOM6    000000000056AB2E  initialize_mom           2878  MOM.F90
access-om3-MOM6    000000000053579D  ocean_model_init          283  mom_ocean_model_nuopc.F90
access-om3-MOM6    00000000004F6A9D  initializeadverti         753  mom_cap.F90
libesmf.so         0000145866281558  _ZN5ESMCI6FTable1     Unknown  Unknown
libesmf.so         0000145866280F9C  ESMCI_FTableCallE     Unknown  Unknown
libesmf.so         00001458665C0664  _ZN5ESMCI2VM5ente     Unknown  Unknown
libesmf.so         0000145866281C30  c_esmc_ftablecall     Unknown  Unknown
libesmf.so         00001458667C07F8  esmf_compmod_mp_e     Unknown  Unknown
libesmf.so         0000145866A3BB39  esmf_gridcompmod_     Unknown  Unknown
libesmf.so         0000145866DC7477  nuopc_driver_mp_l     Unknown  Unknown
libesmf.so         0000145866DB68C7  nuopc_driver_mp_i     Unknown  Unknown
libesmf.so         0000145866281558  _ZN5ESMCI6FTable1     Unknown  Unknown
libesmf.so         0000145866280F9C  ESMCI_FTableCallE     Unknown  Unknown
libesmf.so         00001458665C0664  _ZN5ESMCI2VM5ente     Unknown  Unknown
libesmf.so         0000145866281C30  c_esmc_ftablecall     Unknown  Unknown
libesmf.so         00001458667C07F8  esmf_compmod_mp_e     Unknown  Unknown
libesmf.so         0000145866A3BB39  esmf_gridcompmod_     Unknown  Unknown
lImage              PC                Routine            Line        Source             
access-om3-MOM6    00000000018C01D1  mpp_error_basic            80  mpp_util_mpi.inc
access-om3-MOM6    00000000007C0936  mom_error                 178  MOM_error_handler.F90
access-om3-MOM6    0000000000871D37  initialize_topogr         166  MOM_shared_initialization.F90
access-om3-MOM6    000000000085AFF2  mom_initialize_to         227  MOM_fixed_initialization.F90
access-om3-MOM6    0000000000859BEB  mom_initialize_fi          85  MOM_fixed_initialization.F90
access-om3-MOM6    000000000056AB2E  initialize_mom           2878  MOM.F90
access-om3-MOM6    000000000053579D  ocean_model_init          283  mom_ocean_model_nuopc.F90
access-om3-MOM6    00000000004F6A9D  initializeadverti         753  mom_cap.F90
libesmf.so         000014C1F2B9C558  _ZN5ESMCI6FTable1     Unknown  Unknown
libesmf.so         000014C1F2B9BF9C  ESMCI_FTableCallE     Unknown  Unknown
libesmf.so         000014C1F2EDB664  _ZN5ESMCI2VM5ente     Unknown  Unknown
libesmf.so         000014C1F2B9CC30  c_esmc_ftablecall     Unknown  Unknown
libesmf.so         000014C1F30DB7F8  esmf_compmod_mp_e     Unknown  Unknown
libesmf.so         000014C1F3356B39  esmf_gridcompmod_     Unknown  Unknown
libesmf.so         000014C1F36E2477  nuopc_driver_mp_l     Unknown  Unknown
libesmf.so         000014C1F36D18C7  nuopc_driver_mp_i     Unknown  Unknown
libesmf.so         000014C1F2B9C558  _ZN5ESMCI6FTable1     Unknown  Unknown
libesmf.so         000014C1F2B9BF9C  ESMCI_FTableCallE     Unknown  Unknown
libesmf.so         000014C1F2EDB664  _ZN5ESMCI2VM5ente     Unknown  Unknown
libesmf.so         000014C1F2B9CC30  c_esmc_ftablecall     Unknown  Unknown
No errorforrtl: error (78): process killed (SIGTERM)
Image              PC                Routine            Line        Source             
libpthread-2.28.s  000014C1EF24A990  Unknown               Unknown  Unknown
libpthread-2.28.s  000014C1EF249E20  nanosleep             Unknown  Unknown
libopen-rte.so.40  000014C1EB10F44A  orte_show_help_no     Unknown  Unknown
libopen-rte.so.40  000014C1EB10F7AC  orte_show_help        Unknown  Unknown
libmpi.so.40.30.7  000014C1F03A800A  PMPI_Abort            Unknown  Unknown
libmpi_mpifh.so    000014C1F06F22AE  Unknown               Unknown  Unknown
access-om3-MOM6    00000000018C01E7  mpp_error_basic            84  mpp_util_mpi.inc
access-om3-MOM6    00000000007C0936  mom_error                 178  MOM_error_handler.F90
access-om3-MOM6    0000000000871D37  initialize_topogr         166  MOM_shared_initialization.F90
access-om3-MOM6    000000000085AFF2  mom_initialize_to         227  MOM_fixed_initialization.F90
access-om3-MOM6    0000000000859BEB  mom_initialize_fi          85  MOM_fixed_initialization.F90
access-om3-MOM6    000000000056AB2E  initialize_mom           2878  MOM.F90
access-om3-MOM6    000000000053579D  ocean_model_init          283  mom_ocean_model_nuopc.F90
access-om3-MOM6    00000000004F6A9D  initializeadverti         753  mom_cap.F90
libesmf.so         000014C1F2B9C558  _ZN5ESMCI6FTable1     Unknown  Unknown
libesmf.so         000014C1F2B9BF9C  ESMCI_FTableCallE     Unknown  Unknown
libesmf.so         000014C1F2EDB664  _ZN5ESMCI2VM5ente     Unknown  Unknown
libesmf.so         000014C1F2B9CC30  c_esmc_ftablecall     Unknown  Unknown
libesmf.so         000014C1F30DB7F8  esmf_compmod_mp_e     Unknown  Unknown
libesmf.so         000014C1F3356B39  esmf_gridcompmod_     Unknown  Unknown
libesmf.so         000014C1F36E2477  nuopc_driver_mp_l     Unknown  Unknown
libesmf.so         000014C1F36D18C7  nuopc_driver_mp_i     Unknown  Unknown
libesmf.so         000014C1F2B9C558  _ZN5ESMCI6FTable1     Unknown  Unknown
libesmf.so         000014C1F2B9BF9C  ESMCI_FTableCallE     Unknown  Unknown
libesmf.so         000014C1F2EDB664  _ZN5ESMCI2VM5ente     Unknown  Unknown
libesmf.so         000014C1F2B9CC30  c_esmc_ftablecall     Unknown  Unknown
libesmf.so         000014C1F30DB7F8  esmf_compmod_mp_e     Unknown  Unknown
libesmf.so         000014C1F3356B39  esmf_gridcompmod_     Unknown  Unknown
lImage              PC                Routine            Line        Source             
access-om3-MOM6    00000000018C01D1  mpp_error_basic            80  mpp_util_mpi.inc
access-om3-MOM6    00000000007C0936  mom_error                 178  MOM_error_handler.F90
access-om3-MOM6    0000000000871D37  initialize_topogr         166  MOM_shared_initialization.F90
access-om3-MOM6    000000000085AFF2  mom_initialize_to         227  MOM_fixed_initialization.F90
access-om3-MOM6    0000000000859BEB  mom_initialize_fi          85  MOM_fixed_initialization.F90
access-om3-MOM6    000000000056AB2E  initialize_mom           2878  MOM.F90
access-om3-MOM6    000000000053579D  ocean_model_init          283  mom_ocean_model_nuopc.F90
access-om3-MOM6    00000000004F6A9D  initializeadverti         753  mom_cap.F90
libesmf.so         000014C0C354C558  _ZN5ESMCI6FTable1     Unknown  Unknown
libesmf.so         000014C0C354BF9C  ESMCI_FTableCallE     Unknown  Unknown
libesmf.so         000014C0C388B664  _ZN5ESMCI2VM5ente     Unknown  Unknown
libesmf.so         000014C0C354CC30  c_esmc_ftablecall     Unknown  Unknown
libesmf.so         000014C0C3A8B7F8  esmf_compmod_mp_e     Unknown  Unknown
libesmf.so         000014C0C3D06B39  esmf_gridcompmod_     Unknown  Unknown
libesmf.so         000014C0C4092477  nuopc_driver_mp_l     Unknown  Unknown
libesmf.so         000014C0C40818C7  nuopc_driver_mp_i     Unknown  Unknown
libesmf.so         000014C0C354C558  _ZN5ESMCI6FTable1     Unknown  Unknown
libesmf.so         000014C0C354BF9C  ESMCI_FTableCallE     Unknown  Unknown
libesmf.so         000014C0C388B664  _ZN5ESMCI2VM5ente     Unknown  Unknown
libesmf.so         000014C0C354CC30  c_esmc_ftablecall     Unknown  Unknown
No errorforrtl: error (78): process killed (SIGTERM)
Image              PC                Routine            Line        Source             
libpthread-2.28.s  000014C0BFBFA990  Unknown               Unknown  Unknown
libpthread-2.28.s  000014C0BFBF9E20  nanosleep             Unknown  Unknown
libopen-rte.so.40  000014C0BBABF44A  orte_show_help_no     Unknown  Unknown
libopen-rte.so.40  000014C0BBABF7AC  orte_show_help        Unknown  Unknown
libmpi.so.40.30.7  000014C0C0D5800A  PMPI_Abort            Unknown  Unknown
libmpi_mpifh.so    000014C0C10A22AE  Unknown               Unknown  Unknown
access-om3-MOM6    00000000018C01E7  mpp_error_basic            84  mpp_util_mpi.inc
access-om3-MOM6    00000000007C0936  mom_error                 178  MOM_error_handler.F90
access-om3-MOM6    0000000000871D37  initialize_topogr         166  MOM_shared_initialization.F90
access-om3-MOM6    000000000085AFF2  mom_initialize_to         227  MOM_fixed_initialization.F90
access-om3-MOM6    0000000000859BEB  mom_initialize_fi          85  MOM_fixed_initialization.F90
access-om3-MOM6    000000000056AB2E  initialize_mom           2878  MOM.F90
access-om3-MOM6    000000000053579D  ocean_model_init          283  mom_ocean_model_nuopc.F90
access-om3-MOM6    00000000004F6A9D  initializeadverti         753  mom_cap.F90
libesmf.so         000014C0C354C558  _ZN5ESMCI6FTable1     Unknown  Unknown
libesmf.so         000014C0C354BF9C  ESMCI_FTableCallE     Unknown  Unknown
libesmf.so         000014C0C388B664  _ZN5ESMCI2VM5ente     Unknown  Unknown
libesmf.so         000014C0C354CC30  c_esmc_ftablecall     Unknown  Unknown
libesmf.so         000014C0C3A8B7F8  esmf_compmod_mp_e     Unknown  Unknown
libesmf.so         000014C0C3D06B39  esmf_gridcompmod_     Unknown  Unknown
libesmf.so         000014C0C4092477  nuopc_driver_mp_l     Unknown  Unknown
libesmf.so         000014C0C40818C7  nuopc_driver_mp_i     Unknown  Unknown
libesmf.so         000014C0C354C558  _ZN5ESMCI6FTable1     Unknown  Unknown
libesmf.so         000014C0C354BF9C  ESMCI_FTableCallE     Unknown  Unknown
libesmf.so         000014C0C388B664  _ZN5ESMCI2VM5ente     Unknown  Unknown
libesmf.so         000014C0C354CC30  c_esmc_ftablecall     Unknown  Unknown
libesmf.so         000014C0C3A8B7F8  esmf_compmod_mp_e     Unknown  Unknown
libesmf.so         000014C0C3D06B39  esmf_gridcompmod_     Unknown  Unknown
lImage              PC                Routine            Line        Source             
access-om3-MOM6    00000000018C01D1  mpp_error_basic            80  mpp_util_mpi.inc
access-om3-MOM6    00000000007C0936  mom_error                 178  MOM_error_handler.F90
access-om3-MOM6    0000000000871D37  initialize_topogr         166  MOM_shared_initialization.F90
access-om3-MOM6    000000000085AFF2  mom_initialize_to         227  MOM_fixed_initialization.F90
access-om3-MOM6    0000000000859BEB  mom_initialize_fi          85  MOM_fixed_initialization.F90
access-om3-MOM6    000000000056AB2E  initialize_mom           2878  MOM.F90
access-om3-MOM6    000000000053579D  ocean_model_init          283  mom_ocean_model_nuopc.F90
access-om3-MOM6    00000000004F6A9D  initializeadverti         753  mom_cap.F90
libesmf.so         0000147E05E66558  _ZN5ESMCI6FTable1     Unknown  Unknown
libesmf.so         0000147E05E65F9C  ESMCI_FTableCallE     Unknown  Unknown
libesmf.so         0000147E061A5664  _ZN5ESMCI2VM5ente     Unknown  Unknown
libesmf.so         0000147E05E66C30  c_esmc_ftablecall     Unknown  Unknown
libesmf.so         0000147E063A57F8  esmf_compmod_mp_e     Unknown  Unknown
libesmf.so         0000147E06620B39  esmf_gridcompmod_     Unknown  Unknown
libesmf.so         0000147E069AC477  nuopc_driver_mp_l     Unknown  Unknown
libesmf.so         0000147E0699B8C7  nuopc_driver_mp_i     Unknown  Unknown
libesmf.so         0000147E05E66558  _ZN5ESMCI6FTable1     Unknown  Unknown
libesmf.so         0000147E05E65F9C  ESMCI_FTableCallE     Unknown  Unknown
libesmf.so         0000147E061A5664  _ZN5ESMCI2VM5ente     Unknown  Unknown
libesmf.so         0000147E05E66C30  c_esmc_ftablecall     Unknown  Unknown
No errorforrtl: error (78): process killed (SIGTERM)
Image              PC                Routine            Line        Source             
libpthread-2.28.s  0000147E02514990  Unknown               Unknown  Unknown
libpthread-2.28.s  0000147E02513E20  nanosleep             Unknown  Unknown
libopen-rte.so.40  0000147DFE3D944A  orte_show_help_no     Unknown  Unknown
libopen-rte.so.40  0000147DFE3D97AC  orte_show_help        Unknown  Unknown
libmpi.so.40.30.7  0000147E0367200A  PMPI_Abort            Unknown  Unknown
libmpi_mpifh.so    0000147E039BC2AE  Unknown               Unknown  Unknown
access-om3-MOM6    00000000018C01E7  mpp_error_basic            84  mpp_util_mpi.inc
access-om3-MOM6    00000000007C0936  mom_error                 178  MOM_error_handler.F90
access-om3-MOM6    0000000000871D37  initialize_topogr         166  MOM_shared_initialization.F90
access-om3-MOM6    000000000085AFF2  mom_initialize_to         227  MOM_fixed_initialization.F90
access-om3-MOM6    0000000000859BEB  mom_initialize_fi          85  MOM_fixed_initialization.F90
access-om3-MOM6    000000000056AB2E  initialize_mom           2878  MOM.F90
access-om3-MOM6    000000000053579D  ocean_model_init          283  mom_ocean_model_nuopc.F90
access-om3-MOM6    00000000004F6A9D  initializeadverti         753  mom_cap.F90
libesmf.so         0000147E05E66558  _ZN5ESMCI6FTable1     Unknown  Unknown
libesmf.so         0000147E05E65F9C  ESMCI_FTableCallE     Unknown  Unknown
libesmf.so         0000147E061A5664  _ZN5ESMCI2VM5ente     Unknown  Unknown
libesmf.so         0000147E05E66C30  c_esmc_ftablecall     Unknown  Unknown
libesmf.so         0000147E063A57F8  esmf_compmod_mp_e     Unknown  Unknown
libesmf.so         0000147E06620B39  esmf_gridcompmod_     Unknown  Unknown
libesmf.so         0000147E069AC477  nuopc_driver_mp_l     Unknown  Unknown
libesmf.so         0000147E0699B8C7  nuopc_driver_mp_i     Unknown  Unknown
libesmf.so         0000147E05E66558  _ZN5ESMCI6FTable1     Unknown  Unknown
libesmf.so         0000147E05E65F9C  ESMCI_FTableCallE     Unknown  Unknown
libesmf.so         0000147E061A5664  _ZN5ESMCI2VM5ente     Unknown  Unknown
libesmf.so         0000147E05E66C30  c_esmc_ftablecall     Unknown  Unknown
libesmf.so         0000147E063A57F8  esmf_compmod_mp_e     Unknown  Unknown
libesmf.so         0000147E06620B39  esmf_gridcompmod_     Unknown  Unknown
lImage              PC                Routine            Line        Source             
access-om3-MOM6    00000000018C01D1  mpp_error_basic            80  mpp_util_mpi.inc
access-om3-MOM6    00000000007C0936  mom_error                 178  MOM_error_handler.F90
access-om3-MOM6    0000000000871D37  initialize_topogr         166  MOM_shared_initialization.F90
access-om3-MOM6    000000000085AFF2  mom_initialize_to         227  MOM_fixed_initialization.F90
access-om3-MOM6    0000000000859BEB  mom_initialize_fi          85  MOM_fixed_initialization.F90
access-om3-MOM6    000000000056AB2E  initialize_mom           2878  MOM.F90
access-om3-MOM6    000000000053579D  ocean_model_init          283  mom_ocean_model_nuopc.F90
access-om3-MOM6    00000000004F6A9D  initializeadverti         753  mom_cap.F90
libesmf.so         0000150CD8D0F558  _ZN5ESMCI6FTable1     Unknown  Unknown
libesmf.so         0000150CD8D0EF9C  ESMCI_FTableCallE     Unknown  Unknown
libesmf.so         0000150CD904E664  _ZN5ESMCI2VM5ente     Unknown  Unknown
libesmf.so         0000150CD8D0FC30  c_esmc_ftablecall     Unknown  Unknown
libesmf.so         0000150CD924E7F8  esmf_compmod_mp_e     Unknown  Unknown
libesmf.so         0000150CD94C9B39  esmf_gridcompmod_     Unknown  Unknown
libesmf.so         0000150CD9855477  nuopc_driver_mp_l     Unknown  Unknown
libesmf.so         0000150CD98448C7  nuopc_driver_mp_i     Unknown  Unknown
libesmf.so         0000150CD8D0F558  _ZN5ESMCI6FTable1     Unknown  Unknown
libesmf.so         0000150CD8D0EF9C  ESMCI_FTableCallE     Unknown  Unknown
libesmf.so         0000150CD904E664  _ZN5ESMCI2VM5ente     Unknown  Unknown
libesmf.so         0000150CD8D0FC30  c_esmc_ftablecall     Unknown  Unknown
libesmf.so         0000150CD924E7F8  esmf_compmod_mp_e     Unknown  Unknown
libesmf.so         0000150CD94C9B39  esmf_gridcompmod_     Unknown  Unknown
libesmf.so         0000150CD9855477  nuopc_driver_mp_l     Unknown  Unknown
libesmf.so         0000150CD98447C3  nuopc_driver_mp_i     Unknown  Unknown
libesmf.so         0000150CD983B46E  nuopc_driver_mp_i     Unknown  Unknown
libesmf.so         0000150CD8D0F558  _ZN5ESMCI6FTable1     Unknown  Unknown
No errorforrtl: error (78): process killed (SIGTERM)
Image              PC                Routine            Line        Source             
libpthread-2.28.s  0000150CD53BD990  Unknown               Unknown  Unknown
libpthread-2.28.s  0000150CD53BCE20  nanosleep             Unknown  Unknown
libopen-rte.so.40  0000150CD128244A  orte_show_help_no     Unknown  Unknown
libopen-rte.so.40  0000150CD12827AC  orte_show_help        Unknown  Unknown
libmpi.so.40.30.7  0000150CD651B00A  PMPI_Abort            Unknown  Unknown
libmpi_mpifh.so    0000150CD68652AE  Unknown               Unknown  Unknown
access-om3-MOM6    00000000018C01E7  mpp_error_basic            84  mpp_util_mpi.inc
access-om3-MOM6    00000000007C0936  mom_error                 178  MOM_error_handler.F90
access-om3-MOM6    0000000000871D37  initialize_topogr         166  MOM_shared_initialization.F90
access-om3-MOM6    000000000085AFF2  mom_initialize_to         227  MOM_fixed_initialization.F90
access-om3-MOM6    0000000000859BEB  mom_initialize_fi          85  MOM_fixed_initialization.F90
access-om3-MOM6    000000000056AB2E  initialize_mom           2878  MOM.F90
access-om3-MOM6    000000000053579D  ocean_model_init          283  mom_ocean_model_nuopc.F90
access-om3-MOM6    00000000004F6A9D  initializeadverti         753  mom_cap.F90
libesmf.so         0000150CD8D0F558  _ZN5ESMCI6FTable1     Unknown  Unknown
libesmf.so         0000150CD8D0EF9C  ESMCI_FTableCallE     Unknown  Unknown
libesmf.so         0000150CD904E664  _ZN5ESMCI2VM5ente     Unknown  Unknown
libesmf.so         0000150CD8D0FC30  c_esmc_ftablecall     Unknown  Unknown
libesmf.so         0000150CD924E7F8  esmf_compmod_mp_e     Unknown  Unknown
libesmf.so         0000150CD94C9B39  esmf_gridcompmod_     Unknown  Unknown
libesmf.so         0000150CD9855477  nuopc_driver_mp_l     Unknown  Unknown
libesmf.so         0000150CD98448C7  nuopc_driver_mp_i     Unknown  Unknown
lImage              PC                Routine            Line        Source             
access-om3-MOM6    00000000018C01D1  mpp_error_basic            80  mpp_util_mpi.inc
access-om3-MOM6    00000000007C0936  mom_error                 178  MOM_error_handler.F90
access-om3-MOM6    0000000000871D37  initialize_topogr         166  MOM_shared_initialization.F90
access-om3-MOM6    000000000085AFF2  mom_initialize_to         227  MOM_fixed_initialization.F90
access-om3-MOM6    0000000000859BEB  mom_initialize_fi          85  MOM_fixed_initialization.F90
access-om3-MOM6    000000000056AB2E  initialize_mom           2878  MOM.F90
access-om3-MOM6    000000000053579D  ocean_model_init          283  mom_ocean_model_nuopc.F90
access-om3-MOM6    00000000004F6A9D  initializeadverti         753  mom_cap.F90
libesmf.so         000014BBCD862558  _ZN5ESMCI6FTable1     Unknown  Unknown
libesmf.so         000014BBCD861F9C  ESMCI_FTableCallE     Unknown  Unknown
libesmf.so         000014BBCDBA1664  _ZN5ESMCI2VM5ente     Unknown  Unknown
libesmf.so         000014BBCD862C30  c_esmc_ftablecall     Unknown  Unknown
libesmf.so         000014BBCDDA17F8  esmf_compmod_mp_e     Unknown  Unknown
libesmf.so         000014BBCE01CB39  esmf_gridcompmod_     Unknown  Unknown
libesmf.so         000014BBCE3A8477  nuopc_driver_mp_l     Unknown  Unknown
libesmf.so         000014BBCE3978C7  nuopc_driver_mp_i     Unknown  Unknown
libesmf.so         000014BBCD862558  _ZN5ESMCI6FTable1     Unknown  Unknown
libesmf.so         000014BBCD861F9C  ESMCI_FTableCallE     Unknown  Unknown
libesmf.so         000014BBCDBA1664  _ZN5ESMCI2VM5ente     Unknown  Unknown
libesmf.so         000014BBCD862C30  c_esmc_ftablecall     Unknown  Unknown
No errorforrtl: error (78): process killed (SIGTERM)
Image              PC                Routine            Line        Source             
libpthread-2.28.s  000014BBC9F10990  Unknown               Unknown  Unknown
libpthread-2.28.s  000014BBC9F0FE20  nanosleep             Unknown  Unknown
libopen-rte.so.40  000014BBC5DD544A  orte_show_help_no     Unknown  Unknown
libopen-rte.so.40  000014BBC5DD57AC  orte_show_help        Unknown  Unknown
libmpi.so.40.30.7  000014BBCB06E00A  PMPI_Abort            Unknown  Unknown
libmpi_mpifh.so    000014BBCB3B82AE  Unknown               Unknown  Unknown
access-om3-MOM6    00000000018C01E7  mpp_error_basic            84  mpp_util_mpi.inc
access-om3-MOM6    00000000007C0936  mom_error                 178  MOM_error_handler.F90
access-om3-MOM6    0000000000871D37  initialize_topogr         166  MOM_shared_initialization.F90
access-om3-MOM6    000000000085AFF2  mom_initialize_to         227  MOM_fixed_initialization.F90
access-om3-MOM6    0000000000859BEB  mom_initialize_fi          85  MOM_fixed_initialization.F90
access-om3-MOM6    000000000056AB2E  initialize_mom           2878  MOM.F90
access-om3-MOM6    000000000053579D  ocean_model_init          283  mom_ocean_model_nuopc.F90
access-om3-MOM6    00000000004F6A9D  initializeadverti         753  mom_cap.F90
libesmf.so         000014BBCD862558  _ZN5ESMCI6FTable1     Unknown  Unknown
libesmf.so         000014BBCD861F9C  ESMCI_FTableCallE     Unknown  Unknown
libesmf.so         000014BBCDBA1664  _ZN5ESMCI2VM5ente     Unknown  Unknown
libesmf.so         000014BBCD862C30  c_esmc_ftablecall     Unknown  Unknown
libesmf.so         000014BBCDDA17F8  esmf_compmod_mp_e     Unknown  Unknown
libesmf.so         000014BBCE01CB39  esmf_gridcompmod_     Unknown  Unknown
libesmf.so         000014BBCE3A8477  nuopc_driver_mp_l     Unknown  Unknown
libesmf.so         000014BBCE3978C7  nuopc_driver_mp_i     Unknown  Unknown
libesmf.so         000014BBCD862558  _ZN5ESMCI6FTable1     Unknown  Unknown
libesmf.so         000014BBCD861F9C  ESMCI_FTableCallE     Unknown  Unknown
libesmf.so         000014BBCDBA1664  _ZN5ESMCI2VM5ente     Unknown  Unknown
libesmf.so         000014BBCD862C30  c_esmc_ftablecall     Unknown  Unknown
libesmf.so         000014BBCDDA17F8  esmf_compmod_mp_e     Unknown  Unknown
libesmf.so         000014BBCE01CB39  esmf_gridcompmod_     Unknown  Unknown
lImage              PC                Routine            Line        Source             
access-om3-MOM6    00000000018C01D1  mpp_error_basic            80  mpp_util_mpi.inc
access-om3-MOM6    00000000007C0936  mom_error                 178  MOM_error_handler.F90
access-om3-MOM6    0000000000871D37  initialize_topogr         166  MOM_shared_initialization.F90
access-om3-MOM6    000000000085AFF2  mom_initialize_to         227  MOM_fixed_initialization.F90
access-om3-MOM6    0000000000859BEB  mom_initialize_fi          85  MOM_fixed_initialization.F90
access-om3-MOM6    000000000056AB2E  initialize_mom           2878  MOM.F90
access-om3-MOM6    000000000053579D  ocean_model_init          283  mom_ocean_model_nuopc.F90
access-om3-MOM6    00000000004F6A9D  initializeadverti         753  mom_cap.F90
libesmf.so         0000151FB3A98558  _ZN5ESMCI6FTable1     Unknown  Unknown
libesmf.so         0000151FB3A97F9C  ESMCI_FTableCallE     Unknown  Unknown
libesmf.so         0000151FB3DD7664  _ZN5ESMCI2VM5ente     Unknown  Unknown
libesmf.so         0000151FB3A98C30  c_esmc_ftablecall     Unknown  Unknown
libesmf.so         0000151FB3FD77F8  esmf_compmod_mp_e     Unknown  Unknown
libesmf.so         0000151FB4252B39  esmf_gridcompmod_     Unknown  Unknown
libesmf.so         0000151FB45DE477  nuopc_driver_mp_l     Unknown  Unknown
libesmf.so         0000151FB45CD8C7  nuopc_driver_mp_i     Unknown  Unknown
libesmf.so         0000151FB3A98558  _ZN5ESMCI6FTable1     Unknown  Unknown
libesmf.so         0000151FB3A97F9C  ESMCI_FTableCallE     Unknown  Unknown
libesmf.so         0000151FB3DD7664  _ZN5ESMCI2VM5ente     Unknown  Unknown
libesmf.so         0000151FB3A98C30  c_esmc_ftablecall     Unknown  Unknown
No errorforrtl: error (78): process killed (SIGTERM)
Image              PC                Routine            Line        Source             
libpthread-2.28.s  0000151FB0146990  Unknown               Unknown  Unknown
libpthread-2.28.s  0000151FB0145E20  nanosleep             Unknown  Unknown
libopen-rte.so.40  0000151FAC00B44A  orte_show_help_no     Unknown  Unknown
libopen-rte.so.40  0000151FAC00B7AC  orte_show_help        Unknown  Unknown
libmpi.so.40.30.7  0000151FB12A400A  PMPI_Abort            Unknown  Unknown
libmpi_mpifh.so    0000151FB15EE2AE  Unknown               Unknown  Unknown
access-om3-MOM6    00000000018C01E7  mpp_error_basic            84  mpp_util_mpi.inc
access-om3-MOM6    00000000007C0936  mom_error                 178  MOM_error_handler.F90
access-om3-MOM6    0000000000871D37  initialize_topogr         166  MOM_shared_initialization.F90
access-om3-MOM6    000000000085AFF2  mom_initialize_to         227  MOM_fixed_initialization.F90
access-om3-MOM6    0000000000859BEB  mom_initialize_fi          85  MOM_fixed_initialization.F90
access-om3-MOM6    000000000056AB2E  initialize_mom           2878  MOM.F90
access-om3-MOM6    000000000053579D  ocean_model_init          283  mom_ocean_model_nuopc.F90
access-om3-MOM6    00000000004F6A9D  initializeadverti         753  mom_cap.F90
libesmf.so         0000151FB3A98558  _ZN5ESMCI6FTable1     Unknown  Unknown
libesmf.so         0000151FB3A97F9C  ESMCI_FTableCallE     Unknown  Unknown
libesmf.so         0000151FB3DD7664  _ZN5ESMCI2VM5ente     Unknown  Unknown
libesmf.so         0000151FB3A98C30  c_esmc_ftablecall     Unknown  Unknown
libesmf.so         0000151FB3FD77F8  esmf_compmod_mp_e     Unknown  Unknown
libesmf.so         0000151FB4252B39  esmf_gridcompmod_     Unknown  Unknown
libesmf.so         0000151FB45DE477  nuopc_driver_mp_l     Unknown  Unknown
libesmf.so         0000151FB45CD8C7  nuopc_driver_mp_i     Unknown  Unknown
libesmf.so         0000151FB3A98558  _ZN5ESMCI6FTable1     Unknown  Unknown
libesmf.so         0000151FB3A97F9C  ESMCI_FTableCallE     Unknown  Unknown
libesmf.so         0000151FB3DD7664  _ZN5ESMCI2VM5ente     Unknown  Unknown
libesmf.so         0000151FB3A98C30  c_esmc_ftablecall     Unknown  Unknown
libesmf.so         0000151FB3FD77F8  esmf_compmod_mp_e     Unknown  Unknown
libesmf.so         0000151FB4252B39  esmf_gridcompmod_     Unknown  Unknown
lImage              PC                Routine            Line        Source             
access-om3-MOM6    00000000018C01D1  mpp_error_basic            80  mpp_util_mpi.inc
access-om3-MOM6    00000000007C0936  mom_error                 178  MOM_error_handler.F90
access-om3-MOM6    0000000000871D37  initialize_topogr         166  MOM_shared_initialization.F90
access-om3-MOM6    000000000085AFF2  mom_initialize_to         227  MOM_fixed_initialization.F90
access-om3-MOM6    0000000000859BEB  mom_initialize_fi          85  MOM_fixed_initialization.F90
access-om3-MOM6    000000000056AB2E  initialize_mom           2878  MOM.F90
access-om3-MOM6    000000000053579D  ocean_model_init          283  mom_ocean_model_nuopc.F90
access-om3-MOM6    00000000004F6A9D  initializeadverti         753  mom_cap.F90
libesmf.so         00001484C928A558  _ZN5ESMCI6FTable1     Unknown  Unknown
libesmf.so         00001484C9289F9C  ESMCI_FTableCallE     Unknown  Unknown
libesmf.so         00001484C95C9664  _ZN5ESMCI2VM5ente     Unknown  Unknown
libesmf.so         00001484C928AC30  c_esmc_ftablecall     Unknown  Unknown
libesmf.so         00001484C97C97F8  esmf_compmod_mp_e     Unknown  Unknown
libesmf.so         00001484C9A44B39  esmf_gridcompmod_     Unknown  Unknown
libesmf.so         00001484C9DD0477  nuopc_driver_mp_l     Unknown  Unknown
libesmf.so         00001484C9DBF8C7  nuopc_driver_mp_i     Unknown  Unknown
libesmf.so         00001484C928A558  _ZN5ESMCI6FTable1     Unknown  Unknown
libesmf.so         00001484C9289F9C  ESMCI_FTableCallE     Unknown  Unknown
libesmf.so         00001484C95C9664  _ZN5ESMCI2VM5ente     Unknown  Unknown
libesmf.so         00001484C928AC30  c_esmc_ftablecall     Unknown  Unknown
libesmf.so         00001484C97C97F8  esmf_compmod_mp_e     Unknown  Unknown
No errorforrtl: error (78): process killed (SIGTERM)
Image              PC                Routine            Line        Source             
libpthread-2.28.s  00001484C5938990  Unknown               Unknown  Unknown
libpthread-2.28.s  00001484C5937E20  nanosleep             Unknown  Unknown
libopen-rte.so.40  00001484C17FD44A  orte_show_help_no     Unknown  Unknown
libopen-rte.so.40  00001484C17FD7AC  orte_show_help        Unknown  Unknown
libmpi.so.40.30.7  00001484C6A9600A  PMPI_Abort            Unknown  Unknown
libmpi_mpifh.so    00001484C6DE02AE  Unknown               Unknown  Unknown
access-om3-MOM6    00000000018C01E7  mpp_error_basic            84  mpp_util_mpi.inc
access-om3-MOM6    00000000007C0936  mom_error                 178  MOM_error_handler.F90
access-om3-MOM6    0000000000871D37  initialize_topogr         166  MOM_shared_initialization.F90
access-om3-MOM6    000000000085AFF2  mom_initialize_to         227  MOM_fixed_initialization.F90
access-om3-MOM6    0000000000859BEB  mom_initialize_fi          85  MOM_fixed_initialization.F90
access-om3-MOM6    000000000056AB2E  initialize_mom           2878  MOM.F90
access-om3-MOM6    000000000053579D  ocean_model_init          283  mom_ocean_model_nuopc.F90
access-om3-MOM6    00000000004F6A9D  initializeadverti         753  mom_cap.F90
libesmf.so         00001484C928A558  _ZN5ESMCI6FTable1     Unknown  Unknown
libesmf.so         00001484C9289F9C  ESMCI_FTableCallE     Unknown  Unknown
libesmf.so         00001484C95C9664  _ZN5ESMCI2VM5ente     Unknown  Unknown
libesmf.so         00001484C928AC30  c_esmc_ftablecall     Unknown  Unknown
libesmf.so         00001484C97C97F8  esmf_compmod_mp_e     Unknown  Unknown
libesmf.so         00001484C9A44B39  esmf_gridcompmod_     Unknown  Unknown
libesmf.so         00001484C9DD0477  nuopc_driver_mp_l     Unknown  Unknown
libesmf.so         00001484C9DBF8C7  nuopc_driver_mp_i     Unknown  Unknown
libesmf.so         00001484C928A558  _ZN5ESMCI6FTable1     Unknown  Unknown
libesmf.so         00001484C9289F9C  ESMCI_FTableCallE     Unknown  Unknown
libesmf.so         00001484C95C9664  _ZN5ESMCI2VM5ente     Unknown  Unknown
libesmf.so         00001484C928AC30  c_esmc_ftablecall     Unknown  Unknown
libesmf.so         00001484C97C97F8  esmf_compmod_mp_e     Unknown  Unknown
lImage              PC                Routine            Line        Source             
access-om3-MOM6    00000000018C01D1  mpp_error_basic            80  mpp_util_mpi.inc
access-om3-MOM6    00000000007C0936  mom_error                 178  MOM_error_handler.F90
access-om3-MOM6    0000000000871D37  initialize_topogr         166  MOM_shared_initialization.F90
access-om3-MOM6    000000000085AFF2  mom_initialize_to         227  MOM_fixed_initialization.F90
access-om3-MOM6    0000000000859BEB  mom_initialize_fi          85  MOM_fixed_initialization.F90
access-om3-MOM6    000000000056AB2E  initialize_mom           2878  MOM.F90
access-om3-MOM6    000000000053579D  ocean_model_init          283  mom_ocean_model_nuopc.F90
access-om3-MOM6    00000000004F6A9D  initializeadverti         753  mom_cap.F90
libesmf.so         0000145D6AB34558  _ZN5ESMCI6FTable1     Unknown  Unknown
libesmf.so         0000145D6AB33F9C  ESMCI_FTableCallE     Unknown  Unknown
libesmf.so         0000145D6AE73664  _ZN5ESMCI2VM5ente     Unknown  Unknown
libesmf.so         0000145D6AB34C30  c_esmc_ftablecall     Unknown  Unknown
libesmf.so         0000145D6B0737F8  esmf_compmod_mp_e     Unknown  Unknown
libesmf.so         0000145D6B2EEB39  esmf_gridcompmod_     Unknown  Unknown
libesmf.so         0000145D6B67A477  nuopc_driver_mp_l     Unknown  Unknown
libesmf.so         0000145D6B6698C7  nuopc_driver_mp_i     Unknown  Unknown
libesmf.so         0000145D6AB34558  _ZN5ESMCI6FTable1     Unknown  Unknown
libesmf.so         0000145D6AB33F9C  ESMCI_FTableCallE     Unknown  Unknown
libesmf.so         0000145D6AE73664  _ZN5ESMCI2VM5ente     Unknown  Unknown
libesmf.so         0000145D6AB34C30  c_esmc_ftablecall     Unknown  Unknown
No errorforrtl: error (78): process killed (SIGTERM)
Image              PC                Routine            Line        Source             
libpthread-2.28.s  0000145D671E2990  Unknown               Unknown  Unknown
libpthread-2.28.s  0000145D671E1E20  nanosleep             Unknown  Unknown
libopen-rte.so.40  0000145D630A744A  orte_show_help_no     Unknown  Unknown
libopen-rte.so.40  0000145D630A77AC  orte_show_help        Unknown  Unknown
libmpi.so.40.30.7  0000145D6834000A  PMPI_Abort            Unknown  Unknown
libmpi_mpifh.so    0000145D6868A2AE  Unknown               Unknown  Unknown
access-om3-MOM6    00000000018C01E7  mpp_error_basic            84  mpp_util_mpi.inc
access-om3-MOM6    00000000007C0936  mom_error                 178  MOM_error_handler.F90
access-om3-MOM6    0000000000871D37  initialize_topogr         166  MOM_shared_initialization.F90
access-om3-MOM6    000000000085AFF2  mom_initialize_to         227  MOM_fixed_initialization.F90
access-om3-MOM6    0000000000859BEB  mom_initialize_fi          85  MOM_fixed_initialization.F90
access-om3-MOM6    000000000056AB2E  initialize_mom           2878  MOM.F90
access-om3-MOM6    000000000053579D  ocean_model_init          283  mom_ocean_model_nuopc.F90
access-om3-MOM6    00000000004F6A9D  initializeadverti         753  mom_cap.F90
libesmf.so         0000145D6AB34558  _ZN5ESMCI6FTable1     Unknown  Unknown
libesmf.so         0000145D6AB33F9C  ESMCI_FTableCallE     Unknown  Unknown
libesmf.so         0000145D6AE73664  _ZN5ESMCI2VM5ente     Unknown  Unknown
libesmf.so         0000145D6AB34C30  c_esmc_ftablecall     Unknown  Unknown
libesmf.so         0000145D6B0737F8  esmf_compmod_mp_e     Unknown  Unknown
libesmf.so         0000145D6B2EEB39  esmf_gridcompmod_     Unknown  Unknown
libesmf.so         0000145D6B67A477  nuopc_driver_mp_l     Unknown  Unknown
libesmf.so         0000145D6B6698C7  nuopc_driver_mp_i     Unknown  Unknown
libesmf.so         0000145D6AB34558  _ZN5ESMCI6FTable1     Unknown  Unknown
libesmf.so         0000145D6AB33F9C  ESMCI_FTableCallE     Unknown  Unknown
libesmf.so         0000145D6AE73664  _ZN5ESMCI2VM5ente     Unknown  Unknown
libesmf.so         0000145D6AB34C30  c_esmc_ftablecall     Unknown  Unknown
libesmf.so         0000145D6B0737F8  esmf_compmod_mp_e     Unknown  Unknown
libesmf.so         0000145D6B2EEB39  esmf_gridcompmod_     Unknown  Unknown
lImage              PC                Routine            Line        Source             
access-om3-MOM6    00000000018C01D1  mpp_error_basic            80  mpp_util_mpi.inc
access-om3-MOM6    00000000007C0936  mom_error                 178  MOM_error_handler.F90
access-om3-MOM6    0000000000871D37  initialize_topogr         166  MOM_shared_initialization.F90
access-om3-MOM6    000000000085AFF2  mom_initialize_to         227  MOM_fixed_initialization.F90
access-om3-MOM6    0000000000859BEB  mom_initialize_fi          85  MOM_fixed_initialization.F90
access-om3-MOM6    000000000056AB2E  initialize_mom           2878  MOM.F90
access-om3-MOM6    000000000053579D  ocean_model_init          283  mom_ocean_model_nuopc.F90
access-om3-MOM6    00000000004F6A9D  initializeadverti         753  mom_cap.F90
libesmf.so         00001483EDA46558  _ZN5ESMCI6FTable1     Unknown  Unknown
libesmf.so         00001483EDA45F9C  ESMCI_FTableCallE     Unknown  Unknown
libesmf.so         00001483EDD85664  _ZN5ESMCI2VM5ente     Unknown  Unknown
libesmf.so         00001483EDA46C30  c_esmc_ftablecall     Unknown  Unknown
libesmf.so         00001483EDF857F8  esmf_compmod_mp_e     Unknown  Unknown
libesmf.so         00001483EE200B39  esmf_gridcompmod_     Unknown  Unknown
libesmf.so         00001483EE58C477  nuopc_driver_mp_l     Unknown  Unknown
libesmf.so         00001483EE57B8C7  nuopc_driver_mp_i     Unknown  Unknown
libesmf.so         00001483EDA46558  _ZN5ESMCI6FTable1     Unknown  Unknown
libesmf.so         00001483EDA45F9C  ESMCI_FTableCallE     Unknown  Unknown
libesmf.so         00001483EDD85664  _ZN5ESMCI2VM5ente     Unknown  Unknown
libesmf.so         00001483EDA46C30  c_esmc_ftablecall     Unknown  Unknown
No errorforrtl: error (78): process killed (SIGTERM)
Image              PC                Routine            Line        Source             
libpthread-2.28.s  00001483EA0F4990  Unknown               Unknown  Unknown
libpthread-2.28.s  00001483EA0F3E20  nanosleep             Unknown  Unknown
libopen-rte.so.40  00001483E5FB944A  orte_show_help_no     Unknown  Unknown
libopen-rte.so.40  00001483E5FB97AC  orte_show_help        Unknown  Unknown
libmpi.so.40.30.7  00001483EB25200A  PMPI_Abort            Unknown  Unknown
libmpi_mpifh.so    00001483EB59C2AE  Unknown               Unknown  Unknown
access-om3-MOM6    00000000018C01E7  mpp_error_basic            84  mpp_util_mpi.inc
access-om3-MOM6    00000000007C0936  mom_error                 178  MOM_error_handler.F90
access-om3-MOM6    0000000000871D37  initialize_topogr         166  MOM_shared_initialization.F90
access-om3-MOM6    000000000085AFF2  mom_initialize_to         227  MOM_fixed_initialization.F90
access-om3-MOM6    0000000000859BEB  mom_initialize_fi          85  MOM_fixed_initialization.F90
access-om3-MOM6    000000000056AB2E  initialize_mom           2878  MOM.F90
access-om3-MOM6    000000000053579D  ocean_model_init          283  mom_ocean_model_nuopc.F90
access-om3-MOM6    00000000004F6A9D  initializeadverti         753  mom_cap.F90
libesmf.so         00001483EDA46558  _ZN5ESMCI6FTable1     Unknown  Unknown
libesmf.so         00001483EDA45F9C  ESMCI_FTableCallE     Unknown  Unknown
libesmf.so         00001483EDD85664  _ZN5ESMCI2VM5ente     Unknown  Unknown
libesmf.so         00001483EDA46C30  c_esmc_ftablecall     Unknown  Unknown
libesmf.so         00001483EDF857F8  esmf_compmod_mp_e     Unknown  Unknown
libesmf.so         00001483EE200B39  esmf_gridcompmod_     Unknown  Unknown
libesmf.so         00001483EE58C477  nuopc_driver_mp_l     Unknown  Unknown
libesmf.so         00001483EE57B8C7  nuopc_driver_mp_i     Unknown  Unknown
libesmf.so         00001483EDA46558  _ZN5ESMCI6FTable1     Unknown  Unknown
libesmf.so         00001483EDA45F9C  ESMCI_FTableCallE     Unknown  Unknown
libesmf.so         00001483EDD85664  _ZN5ESMCI2VM5ente     Unknown  Unknown
libesmf.so         00001483EDA46C30  c_esmc_ftablecall     Unknown  Unknown
libesmf.so         00001483EDF857F8  esmf_compmod_mp_e     Unknown  Unknown
libesmf.so         00001483EE200B39  esmf_gridcompmod_     Unknown  Unknown
lImage              PC                Routine            Line        Source             
access-om3-MOM6    00000000018C01D1  mpp_error_basic            80  mpp_util_mpi.inc
access-om3-MOM6    00000000007C0936  mom_error                 178  MOM_error_handler.F90
access-om3-MOM6    0000000000871D37  initialize_topogr         166  MOM_shared_initialization.F90
access-om3-MOM6    000000000085AFF2  mom_initialize_to         227  MOM_fixed_initialization.F90
access-om3-MOM6    0000000000859BEB  mom_initialize_fi          85  MOM_fixed_initialization.F90
access-om3-MOM6    000000000056AB2E  initialize_mom           2878  MOM.F90
access-om3-MOM6    000000000053579D  ocean_model_init          283  mom_ocean_model_nuopc.F90
access-om3-MOM6    00000000004F6A9D  initializeadverti         753  mom_cap.F90
libesmf.so         00001503EB560558  _ZN5ESMCI6FTable1     Unknown  Unknown
libesmf.so         00001503EB55FF9C  ESMCI_FTableCallE     Unknown  Unknown
libesmf.so         00001503EB89F664  _ZN5ESMCI2VM5ente     Unknown  Unknown
libesmf.so         00001503EB560C30  c_esmc_ftablecall     Unknown  Unknown
libesmf.so         00001503EBA9F7F8  esmf_compmod_mp_e     Unknown  Unknown
libesmf.so         00001503EBD1AB39  esmf_gridcompmod_     Unknown  Unknown
libesmf.so         00001503EC0A6477  nuopc_driver_mp_l     Unknown  Unknown
libesmf.so         00001503EC0958C7  nuopc_driver_mp_i     Unknown  Unknown
libesmf.so         00001503EB560558  _ZN5ESMCI6FTable1     Unknown  Unknown
libesmf.so         00001503EB55FF9C  ESMCI_FTableCallE     Unknown  Unknown
libesmf.so         00001503EB89F664  _ZN5ESMCI2VM5ente     Unknown  Unknown
libesmf.so         00001503EB560C30  c_esmc_ftablecall     Unknown  Unknown
No errorforrtl: error (78): process killed (SIGTERM)
Image              PC                Routine            Line        Source             
libpthread-2.28.s  00001503E7C0E990  Unknown               Unknown  Unknown
libpthread-2.28.s  00001503E7C0DE20  nanosleep             Unknown  Unknown
libopen-rte.so.40  00001503E3AD344A  orte_show_help_no     Unknown  Unknown
libopen-rte.so.40  00001503E3AD37AC  orte_show_help        Unknown  Unknown
libmpi.so.40.30.7  00001503E8D6C00A  PMPI_Abort            Unknown  Unknown
libmpi_mpifh.so    00001503E90B62AE  Unknown               Unknown  Unknown
access-om3-MOM6    00000000018C01E7  mpp_error_basic            84  mpp_util_mpi.inc
access-om3-MOM6    00000000007C0936  mom_error                 178  MOM_error_handler.F90
access-om3-MOM6    0000000000871D37  initialize_topogr         166  MOM_shared_initialization.F90
access-om3-MOM6    000000000085AFF2  mom_initialize_to         227  MOM_fixed_initialization.F90
access-om3-MOM6    0000000000859BEB  mom_initialize_fi          85  MOM_fixed_initialization.F90
access-om3-MOM6    000000000056AB2E  initialize_mom           2878  MOM.F90
access-om3-MOM6    000000000053579D  ocean_model_init          283  mom_ocean_model_nuopc.F90
access-om3-MOM6    00000000004F6A9D  initializeadverti         753  mom_cap.F90
libesmf.so         00001503EB560558  _ZN5ESMCI6FTable1     Unknown  Unknown
libesmf.so         00001503EB55FF9C  ESMCI_FTableCallE     Unknown  Unknown
libesmf.so         00001503EB89F664  _ZN5ESMCI2VM5ente     Unknown  Unknown
libesmf.so         00001503EB560C30  c_esmc_ftablecall     Unknown  Unknown
libesmf.so         00001503EBA9F7F8  esmf_compmod_mp_e     Unknown  Unknown
libesmf.so         00001503EBD1AB39  esmf_gridcompmod_     Unknown  Unknown
libesmf.so         00001503EC0A6477  nuopc_driver_mp_l     Unknown  Unknown
libesmf.so         00001503EC0958C7  nuopc_driver_mp_i     Unknown  Unknown
libesmf.so         00001503EB560558  _ZN5ESMCI6FTable1     Unknown  Unknown
libesmf.so         00001503EB55FF9C  ESMCI_FTableCallE     Unknown  Unknown
libesmf.so         00001503EB89F664  _ZN5ESMCI2VM5ente     Unknown  Unknown
libesmf.so         00001503EB560C30  c_esmc_ftablecall     Unknown  Unknown
libesmf.so         00001503EBA9F7F8  esmf_compmod_mp_e     Unknown  Unknown
libesmf.so         00001503EBD1AB39  esmf_gridcompmod_     Unknown  Unknown
lImage              PC                Routine            Line        Source             
access-om3-MOM6    00000000018C01D1  mpp_error_basic            80  mpp_util_mpi.inc
access-om3-MOM6    00000000007C0936  mom_error                 178  MOM_error_handler.F90
access-om3-MOM6    0000000000871D37  initialize_topogr         166  MOM_shared_initialization.F90
access-om3-MOM6    000000000085AFF2  mom_initialize_to         227  MOM_fixed_initialization.F90
access-om3-MOM6    0000000000859BEB  mom_initialize_fi          85  MOM_fixed_initialization.F90
access-om3-MOM6    000000000056AB2E  initialize_mom           2878  MOM.F90
access-om3-MOM6    000000000053579D  ocean_model_init          283  mom_ocean_model_nuopc.F90
access-om3-MOM6    00000000004F6A9D  initializeadverti         753  mom_cap.F90
libesmf.so         0000146866028558  _ZN5ESMCI6FTable1     Unknown  Unknown
libesmf.so         0000146866027F9C  ESMCI_FTableCallE     Unknown  Unknown
libesmf.so         0000146866367664  _ZN5ESMCI2VM5ente     Unknown  Unknown
libesmf.so         0000146866028C30  c_esmc_ftablecall     Unknown  Unknown
libesmf.so         00001468665677F8  esmf_compmod_mp_e     Unknown  Unknown
libesmf.so         00001468667E2B39  esmf_gridcompmod_     Unknown  Unknown
libesmf.so         0000146866B6E477  nuopc_driver_mp_l     Unknown  Unknown
libesmf.so         0000146866B5D8C7  nuopc_driver_mp_i     Unknown  Unknown
libesmf.so         0000146866028558  _ZN5ESMCI6FTable1     Unknown  Unknown
libesmf.so         0000146866027F9C  ESMCI_FTableCallE     Unknown  Unknown
libesmf.so         0000146866367664  _ZN5ESMCI2VM5ente     Unknown  Unknown
libesmf.so         0000146866028C30  c_esmc_ftablecall     Unknown  Unknown
libesmf.so         00001468665677F8  esmf_compmod_mp_e     Unknown  Unknown
libesmf.so         00001468667E2B39  esmf_gridcompmod_     Unknown  Unknown
No errorforrtl: error (78): process killed (SIGTERM)
Image              PC                Routine            Line        Source             
libpthread-2.28.s  00001468626D6990  Unknown               Unknown  Unknown
libpthread-2.28.s  00001468626D5E20  nanosleep             Unknown  Unknown
libopen-rte.so.40  000014685E59B44A  orte_show_help_no     Unknown  Unknown
libopen-rte.so.40  000014685E59B7AC  orte_show_help        Unknown  Unknown
libmpi.so.40.30.7  000014686383400A  PMPI_Abort            Unknown  Unknown
libmpi_mpifh.so    0000146863B7E2AE  Unknown               Unknown  Unknown
access-om3-MOM6    00000000018C01E7  mpp_error_basic            84  mpp_util_mpi.inc
access-om3-MOM6    00000000007C0936  mom_error                 178  MOM_error_handler.F90
access-om3-MOM6    0000000000871D37  initialize_topogr         166  MOM_shared_initialization.F90
access-om3-MOM6    000000000085AFF2  mom_initialize_to         227  MOM_fixed_initialization.F90
access-om3-MOM6    0000000000859BEB  mom_initialize_fi          85  MOM_fixed_initialization.F90
access-om3-MOM6    000000000056AB2E  initialize_mom           2878  MOM.F90
access-om3-MOM6    000000000053579D  ocean_model_init          283  mom_ocean_model_nuopc.F90
access-om3-MOM6    00000000004F6A9D  initializeadverti         753  mom_cap.F90
libesmf.so         0000146866028558  _ZN5ESMCI6FTable1     Unknown  Unknown
libesmf.so         0000146866027F9C  ESMCI_FTableCallE     Unknown  Unknown
libesmf.so         0000146866367664  _ZN5ESMCI2VM5ente     Unknown  Unknown
libesmf.so         0000146866028C30  c_esmc_ftablecall     Unknown  Unknown
libesmf.so         00001468665677F8  esmf_compmod_mp_e     Unknown  Unknown
libesmf.so         00001468667E2B39  esmf_gridcompmod_     Unknown  Unknown
libesmf.so         0000146866B6E477  nuopc_driver_mp_l     Unknown  Unknown
libesmf.so         0000146866B5D8C7  nuopc_driver_mp_i     Unknown  Unknown
libesmf.so         0000146866028558  _ZN5ESMCI6FTable1     Unknown  Unknown
libesmf.so         0000146866027F9C  ESMCI_FTableCallE     Unknown  Unknown
libesmf.so         0000146866367664  _ZN5ESMCI2VM5ente     Unknown  Unknown
libesmf.so         0000146866028C30  c_esmc_ftablecall     Unknown  Unknown
lImage              PC                Routine            Line        Source             
access-om3-MOM6    00000000018C01D1  mpp_error_basic            80  mpp_util_mpi.inc
access-om3-MOM6    00000000007C0936  mom_error                 178  MOM_error_handler.F90
access-om3-MOM6    0000000000871D37  initialize_topogr         166  MOM_shared_initialization.F90
access-om3-MOM6    000000000085AFF2  mom_initialize_to         227  MOM_fixed_initialization.F90
access-om3-MOM6    0000000000859BEB  mom_initialize_fi          85  MOM_fixed_initialization.F90
access-om3-MOM6    000000000056AB2E  initialize_mom           2878  MOM.F90
access-om3-MOM6    000000000053579D  ocean_model_init          283  mom_ocean_model_nuopc.F90
access-om3-MOM6    00000000004F6A9D  initializeadverti         753  mom_cap.F90
libesmf.so         0000154145DFA558  _ZN5ESMCI6FTable1     Unknown  Unknown
libesmf.so         0000154145DF9F9C  ESMCI_FTableCallE     Unknown  Unknown
libesmf.so         0000154146139664  _ZN5ESMCI2VM5ente     Unknown  Unknown
libesmf.so         0000154145DFAC30  c_esmc_ftablecall     Unknown  Unknown
libesmf.so         00001541463397F8  esmf_compmod_mp_e     Unknown  Unknown
libesmf.so         00001541465B4B39  esmf_gridcompmod_     Unknown  Unknown
libesmf.so         0000154146940477  nuopc_driver_mp_l     Unknown  Unknown
libesmf.so         000015414692F8C7  nuopc_driver_mp_i     Unknown  Unknown
libesmf.so         0000154145DFA558  _ZN5ESMCI6FTable1     Unknown  Unknown
libesmf.so         0000154145DF9F9C  ESMCI_FTableCallE     Unknown  Unknown
libesmf.so         0000154146139664  _ZN5ESMCI2VM5ente     Unknown  Unknown
libesmf.so         0000154145DFAC30  c_esmc_ftablecall     Unknown  Unknown
No errorforrtl: error (78): process killed (SIGTERM)
Image              PC                Routine            Line        Source             
libpthread-2.28.s  00001541424A8990  Unknown               Unknown  Unknown
libpthread-2.28.s  00001541424A7E20  nanosleep             Unknown  Unknown
libopen-rte.so.40  000015413E36D44A  orte_show_help_no     Unknown  Unknown
libopen-rte.so.40  000015413E36D7AC  orte_show_help        Unknown  Unknown
libmpi.so.40.30.7  000015414360600A  PMPI_Abort            Unknown  Unknown
libmpi_mpifh.so    00001541439502AE  Unknown               Unknown  Unknown
access-om3-MOM6    00000000018C01E7  mpp_error_basic            84  mpp_util_mpi.inc
access-om3-MOM6    00000000007C0936  mom_error                 178  MOM_error_handler.F90
access-om3-MOM6    0000000000871D37  initialize_topogr         166  MOM_shared_initialization.F90
access-om3-MOM6    000000000085AFF2  mom_initialize_to         227  MOM_fixed_initialization.F90
access-om3-MOM6    0000000000859BEB  mom_initialize_fi          85  MOM_fixed_initialization.F90
access-om3-MOM6    000000000056AB2E  initialize_mom           2878  MOM.F90
access-om3-MOM6    000000000053579D  ocean_model_init          283  mom_ocean_model_nuopc.F90
access-om3-MOM6    00000000004F6A9D  initializeadverti         753  mom_cap.F90
libesmf.so         0000154145DFA558  _ZN5ESMCI6FTable1     Unknown  Unknown
libesmf.so         0000154145DF9F9C  ESMCI_FTableCallE     Unknown  Unknown
libesmf.so         0000154146139664  _ZN5ESMCI2VM5ente     Unknown  Unknown
libesmf.so         0000154145DFAC30  c_esmc_ftablecall     Unknown  Unknown
libesmf.so         00001541463397F8  esmf_compmod_mp_e     Unknown  Unknown
libesmf.so         00001541465B4B39  esmf_gridcompmod_     Unknown  Unknown
libesmf.so         0000154146940477  nuopc_driver_mp_l     Unknown  Unknown
libesmf.so         000015414692F8C7  nuopc_driver_mp_i     Unknown  Unknown
libesmf.so         0000154145DFA558  _ZN5ESMCI6FTable1     Unknown  Unknown
libesmf.so         0000154145DF9F9C  ESMCI_FTableCallE     Unknown  Unknown
libesmf.so         0000154146139664  _ZN5ESMCI2VM5ente     Unknown  Unknown
libesmf.so         0000154145DFAC30  c_esmc_ftablecall     Unknown  Unknown
libesmf.so         00001541463397F8  esmf_compmod_mp_e     Unknown  Unknown
libesmf.so         00001541465B4B39  esmf_gridcompmod_     Unknown  Unknown
lImage              PC                Routine            Line        Source             
access-om3-MOM6    00000000018C01D1  mpp_error_basic            80  mpp_util_mpi.inc
access-om3-MOM6    00000000007C0936  mom_error                 178  MOM_error_handler.F90
access-om3-MOM6    0000000000871D37  initialize_topogr         166  MOM_shared_initialization.F90
access-om3-MOM6    000000000085AFF2  mom_initialize_to         227  MOM_fixed_initialization.F90
access-om3-MOM6    0000000000859BEB  mom_initialize_fi          85  MOM_fixed_initialization.F90
access-om3-MOM6    000000000056AB2E  initialize_mom           2878  MOM.F90
access-om3-MOM6    000000000053579D  ocean_model_init          283  mom_ocean_model_nuopc.F90
access-om3-MOM6    00000000004F6A9D  initializeadverti         753  mom_cap.F90
libesmf.so         00001467485CD558  _ZN5ESMCI6FTable1     Unknown  Unknown
libesmf.so         00001467485CCF9C  ESMCI_FTableCallE     Unknown  Unknown
libesmf.so         000014674890C664  _ZN5ESMCI2VM5ente     Unknown  Unknown
libesmf.so         00001467485CDC30  c_esmc_ftablecall     Unknown  Unknown
libesmf.so         0000146748B0C7F8  esmf_compmod_mp_e     Unknown  Unknown
libesmf.so         0000146748D87B39  esmf_gridcompmod_     Unknown  Unknown
libesmf.so         0000146749113477  nuopc_driver_mp_l     Unknown  Unknown
libesmf.so         00001467491028C7  nuopc_driver_mp_i     Unknown  Unknown
libesmf.so         00001467485CD558  _ZN5ESMCI6FTable1     Unknown  Unknown
libesmf.so         00001467485CCF9C  ESMCI_FTableCallE     Unknown  Unknown
libesmf.so         000014674890C664  _ZN5ESMCI2VM5ente     Unknown  Unknown
No errorforrtl: error (78): process killed (SIGTERM)
Image              PC                Routine            Line        Source             
libpthread-2.28.s  0000146744C7B990  Unknown               Unknown  Unknown
libpthread-2.28.s  0000146744C7AE20  nanosleep             Unknown  Unknown
libopen-rte.so.40  0000146740B4044A  orte_show_help_no     Unknown  Unknown
libopen-rte.so.40  0000146740B407AC  orte_show_help        Unknown  Unknown
libmpi.so.40.30.7  0000146745DD900A  PMPI_Abort            Unknown  Unknown
libmpi_mpifh.so    00001467461232AE  Unknown               Unknown  Unknown
access-om3-MOM6    00000000018C01E7  mpp_error_basic            84  mpp_util_mpi.inc
access-om3-MOM6    00000000007C0936  mom_error                 178  MOM_error_handler.F90
access-om3-MOM6    0000000000871D37  initialize_topogr         166  MOM_shared_initialization.F90
access-om3-MOM6    000000000085AFF2  mom_initialize_to         227  MOM_fixed_initialization.F90
access-om3-MOM6    0000000000859BEB  mom_initialize_fi          85  MOM_fixed_initialization.F90
access-om3-MOM6    000000000056AB2E  initialize_mom           2878  MOM.F90
access-om3-MOM6    000000000053579D  ocean_model_init          283  mom_ocean_model_nuopc.F90
access-om3-MOM6    00000000004F6A9D  initializeadverti         753  mom_cap.F90
libesmf.so         00001467485CD558  _ZN5ESMCI6FTable1     Unknown  Unknown
libesmf.so         00001467485CCF9C  ESMCI_FTableCallE     Unknown  Unknown
libesmf.so         000014674890C664  _ZN5ESMCI2VM5ente     Unknown  Unknown
libesmf.so         00001467485CDC30  c_esmc_ftablecall     Unknown  Unknown
libesmf.so         0000146748B0C7F8  esmf_compmod_mp_e     Unknown  Unknown
libesmf.so         0000146748D87B39  esmf_gridcompmod_     Unknown  Unknown
libesmf.so         0000146749113477  nuopc_driver_mp_l     Unknown  Unknown
libesmf.so         00001467491028C7  nuopc_driver_mp_i     Unknown  Unknown
libesmf.so         00001467485CD558  _ZN5ESMCI6FTable1     Unknown  Unknown
libesmf.so         00001467485CCF9C  ESMCI_FTableCallE     Unknown  Unknown
libesmf.so         000014674890C664  _ZN5ESMCI2VM5ente     Unknown  Unknown
libesmf.so         00001467485CDC30  c_esmc_ftablecall     Unknown  Unknown
libesmf.so         0000146748B0C7F8  esmf_compmod_mp_e     Unknown  Unknown
libesmf.so         0000146748D87B39  esmf_gridcompmod_     Unknown  Unknown
libesmf.so         0000146749113477  nuopc_driver_mp_l     Unknown  Unknown
lImage              PC                Routine            Line        Source             
access-om3-MOM6    00000000018C01D1  mpp_error_basic            80  mpp_util_mpi.inc
access-om3-MOM6    00000000007C0936  mom_error                 178  MOM_error_handler.F90
access-om3-MOM6    0000000000871D37  initialize_topogr         166  MOM_shared_initialization.F90
access-om3-MOM6    000000000085AFF2  mom_initialize_to         227  MOM_fixed_initialization.F90
access-om3-MOM6    0000000000859BEB  mom_initialize_fi          85  MOM_fixed_initialization.F90
access-om3-MOM6    000000000056AB2E  initialize_mom           2878  MOM.F90
access-om3-MOM6    000000000053579D  ocean_model_init          283  mom_ocean_model_nuopc.F90
access-om3-MOM6    00000000004F6A9D  initializeadverti         753  mom_cap.F90
libesmf.so         000014C3091E2558  _ZN5ESMCI6FTable1     Unknown  Unknown
libesmf.so         000014C3091E1F9C  ESMCI_FTableCallE     Unknown  Unknown
libesmf.so         000014C309521664  _ZN5ESMCI2VM5ente     Unknown  Unknown
libesmf.so         000014C3091E2C30  c_esmc_ftablecall     Unknown  Unknown
libesmf.so         000014C3097217F8  esmf_compmod_mp_e     Unknown  Unknown
libesmf.so         000014C30999CB39  esmf_gridcompmod_     Unknown  Unknown
libesmf.so         000014C309D28477  nuopc_driver_mp_l     Unknown  Unknown
libesmf.so         000014C309D178C7  nuopc_driver_mp_i     Unknown  Unknown
libesmf.so         000014C3091E2558  _ZN5ESMCI6FTable1     Unknown  Unknown
libesmf.so         000014C3091E1F9C  ESMCI_FTableCallE     Unknown  Unknown
libesmf.so         000014C309521664  _ZN5ESMCI2VM5ente     Unknown  Unknown
libesmf.so         000014C3091E2C30  c_esmc_ftablecall     Unknown  Unknown
libesmf.so         000014C3097217F8  esmf_compmod_mp_e     Unknown  Unknown
libesmf.so         000014C30999CB39  esmf_gridcompmod_     Unknown  Unknown
No errorforrtl: error (78): process killed (SIGTERM)
Image              PC                Routine            Line        Source             
libpthread-2.28.s  000014C305890990  Unknown               Unknown  Unknown
libpthread-2.28.s  000014C30588FE20  nanosleep             Unknown  Unknown
libopen-rte.so.40  000014C30175544A  orte_show_help_no     Unknown  Unknown
libopen-rte.so.40  000014C3017557AC  orte_show_help        Unknown  Unknown
libmpi.so.40.30.7  000014C3069EE00A  PMPI_Abort            Unknown  Unknown
libmpi_mpifh.so    000014C306D382AE  Unknown               Unknown  Unknown
access-om3-MOM6    00000000018C01E7  mpp_error_basic            84  mpp_util_mpi.inc
access-om3-MOM6    00000000007C0936  mom_error                 178  MOM_error_handler.F90
access-om3-MOM6    0000000000871D37  initialize_topogr         166  MOM_shared_initialization.F90
access-om3-MOM6    000000000085AFF2  mom_initialize_to         227  MOM_fixed_initialization.F90
access-om3-MOM6    0000000000859BEB  mom_initialize_fi          85  MOM_fixed_initialization.F90
access-om3-MOM6    000000000056AB2E  initialize_mom           2878  MOM.F90
access-om3-MOM6    000000000053579D  ocean_model_init          283  mom_ocean_model_nuopc.F90
access-om3-MOM6    00000000004F6A9D  initializeadverti         753  mom_cap.F90
libesmf.so         000014C3091E2558  _ZN5ESMCI6FTable1     Unknown  Unknown
libesmf.so         000014C3091E1F9C  ESMCI_FTableCallE     Unknown  Unknown
libesmf.so         000014C309521664  _ZN5ESMCI2VM5ente     Unknown  Unknown
libesmf.so         000014C3091E2C30  c_esmc_ftablecall     Unknown  Unknown
libesmf.so         000014C3097217F8  esmf_compmod_mp_e     Unknown  Unknown
libesmf.so         000014C30999CB39  esmf_gridcompmod_     Unknown  Unknown
libesmf.so         000014C309D28477  nuopc_driver_mp_l     Unknown  Unknown
libesmf.so         000014C309D178C7  nuopc_driver_mp_i     Unknown  Unknown
libesmf.so         000014C3091E2558  _ZN5ESMCI6FTable1     Unknown  Unknown
libesmf.so         000014C3091E1F9C  ESMCI_FTableCallE     Unknown  Unknown
libesmf.so         000014C309521664  _ZN5ESMCI2VM5ente     Unknown  Unknown
libesmf.so         000014C3091E2C30  c_esmc_ftablecall     Unknown  Unknown
lImage              PC                Routine            Line        Source             
access-om3-MOM6    00000000018C01D1  mpp_error_basic            80  mpp_util_mpi.inc
access-om3-MOM6    00000000007C0936  mom_error                 178  MOM_error_handler.F90
access-om3-MOM6    0000000000871D37  initialize_topogr         166  MOM_shared_initialization.F90
access-om3-MOM6    000000000085AFF2  mom_initialize_to         227  MOM_fixed_initialization.F90
access-om3-MOM6    0000000000859BEB  mom_initialize_fi          85  MOM_fixed_initialization.F90
access-om3-MOM6    000000000056AB2E  initialize_mom           2878  MOM.F90
access-om3-MOM6    000000000053579D  ocean_model_init          283  mom_ocean_model_nuopc.F90
access-om3-MOM6    00000000004F6A9D  initializeadverti         753  mom_cap.F90
libesmf.so         000014BCF2F69558  _ZN5ESMCI6FTable1     Unknown  Unknown
libesmf.so         000014BCF2F68F9C  ESMCI_FTableCallE     Unknown  Unknown
libesmf.so         000014BCF32A8664  _ZN5ESMCI2VM5ente     Unknown  Unknown
libesmf.so         000014BCF2F69C30  c_esmc_ftablecall     Unknown  Unknown
libesmf.so         000014BCF34A87F8  esmf_compmod_mp_e     Unknown  Unknown
libesmf.so         000014BCF3723B39  esmf_gridcompmod_     Unknown  Unknown
libesmf.so         000014BCF3AAF477  nuopc_driver_mp_l     Unknown  Unknown
libesmf.so         000014BCF3A9E8C7  nuopc_driver_mp_i     Unknown  Unknown
libesmf.so         000014BCF2F69558  _ZN5ESMCI6FTable1     Unknown  Unknown
libesmf.so         000014BCF2F68F9C  ESMCI_FTableCallE     Unknown  Unknown
libesmf.so         000014BCF32A8664  _ZN5ESMCI2VM5ente     Unknown  Unknown
libesmf.so         000014BCF2F69C30  c_esmc_ftablecall     Unknown  Unknown
No errorforrtl: error (78): process killed (SIGTERM)
Image              PC                Routine            Line        Source             
libpthread-2.28.s  000014BCEF617990  Unknown               Unknown  Unknown
libpthread-2.28.s  000014BCEF616E20  nanosleep             Unknown  Unknown
libopen-rte.so.40  000014BCEB4DC44A  orte_show_help_no     Unknown  Unknown
libopen-rte.so.40  000014BCEB4DC7AC  orte_show_help        Unknown  Unknown
libmpi.so.40.30.7  000014BCF077500A  PMPI_Abort            Unknown  Unknown
libmpi_mpifh.so    000014BCF0ABF2AE  Unknown               Unknown  Unknown
access-om3-MOM6    00000000018C01E7  mpp_error_basic            84  mpp_util_mpi.inc
access-om3-MOM6    00000000007C0936  mom_error                 178  MOM_error_handler.F90
access-om3-MOM6    0000000000871D37  initialize_topogr         166  MOM_shared_initialization.F90
access-om3-MOM6    000000000085AFF2  mom_initialize_to         227  MOM_fixed_initialization.F90
access-om3-MOM6    0000000000859BEB  mom_initialize_fi          85  MOM_fixed_initialization.F90
access-om3-MOM6    000000000056AB2E  initialize_mom           2878  MOM.F90
access-om3-MOM6    000000000053579D  ocean_model_init          283  mom_ocean_model_nuopc.F90
access-om3-MOM6    00000000004F6A9D  initializeadverti         753  mom_cap.F90
libesmf.so         000014BCF2F69558  _ZN5ESMCI6FTable1     Unknown  Unknown
libesmf.so         000014BCF2F68F9C  ESMCI_FTableCallE     Unknown  Unknown
libesmf.so         000014BCF32A8664  _ZN5ESMCI2VM5ente     Unknown  Unknown
libesmf.so         000014BCF2F69C30  c_esmc_ftablecall     Unknown  Unknown
libesmf.so         000014BCF34A87F8  esmf_compmod_mp_e     Unknown  Unknown
libesmf.so         000014BCF3723B39  esmf_gridcompmod_     Unknown  Unknown
libesmf.so         000014BCF3AAF477  nuopc_driver_mp_l     Unknown  Unknown
libesmf.so         000014BCF3A9E8C7  nuopc_driver_mp_i     Unknown  Unknown
libesmf.so         000014BCF2F69558  _ZN5ESMCI6FTable1     Unknown  Unknown
libesmf.so         000014BCF2F68F9C  ESMCI_FTableCallE     Unknown  Unknown
libesmf.so         000014BCF32A8664  _ZN5ESMCI2VM5ente     Unknown  Unknown
libesmf.so         000014BCF2F69C30  c_esmc_ftablecall     Unknown  Unknown
libesmf.so         000014BCF34A87F8  esmf_compmod_mp_e     Unknown  Unknown
libesmf.so         000014BCF3723B39  esmf_gridcompmod_     Unknown  Unknown
lImage              PC                Routine            Line        Source             
access-om3-MOM6    00000000018C01D1  mpp_error_basic            80  mpp_util_mpi.inc
access-om3-MOM6    00000000007C0936  mom_error                 178  MOM_error_handler.F90
access-om3-MOM6    0000000000871D37  initialize_topogr         166  MOM_shared_initialization.F90
access-om3-MOM6    000000000085AFF2  mom_initialize_to         227  MOM_fixed_initialization.F90
access-om3-MOM6    0000000000859BEB  mom_initialize_fi          85  MOM_fixed_initialization.F90
access-om3-MOM6    000000000056AB2E  initialize_mom           2878  MOM.F90
access-om3-MOM6    000000000053579D  ocean_model_init          283  mom_ocean_model_nuopc.F90
access-om3-MOM6    00000000004F6A9D  initializeadverti         753  mom_cap.F90
libesmf.so         0000150C7705C558  _ZN5ESMCI6FTable1     Unknown  Unknown
libesmf.so         0000150C7705BF9C  ESMCI_FTableCallE     Unknown  Unknown
libesmf.so         0000150C7739B664  _ZN5ESMCI2VM5ente     Unknown  Unknown
libesmf.so         0000150C7705CC30  c_esmc_ftablecall     Unknown  Unknown
libesmf.so         0000150C7759B7F8  esmf_compmod_mp_e     Unknown  Unknown
libesmf.so         0000150C77816B39  esmf_gridcompmod_     Unknown  Unknown
libesmf.so         0000150C77BA2477  nuopc_driver_mp_l     Unknown  Unknown
libesmf.so         0000150C77B918C7  nuopc_driver_mp_i     Unknown  Unknown
libesmf.so         0000150C7705C558  _ZN5ESMCI6FTable1     Unknown  Unknown
libesmf.so         0000150C7705BF9C  ESMCI_FTableCallE     Unknown  Unknown
libesmf.so         0000150C7739B664  _ZN5ESMCI2VM5ente     Unknown  Unknown
libesmf.so         0000150C7705CC30  c_esmc_ftablecall     Unknown  Unknown
No errorforrtl: error (78): process killed (SIGTERM)
Image              PC                Routine            Line        Source             
libpthread-2.28.s  0000150C7370A990  Unknown               Unknown  Unknown
libpthread-2.28.s  0000150C73709E20  nanosleep             Unknown  Unknown
libopen-rte.so.40  0000150C6F5CF44A  orte_show_help_no     Unknown  Unknown
libopen-rte.so.40  0000150C6F5CF7AC  orte_show_help        Unknown  Unknown
libmpi.so.40.30.7  0000150C7486800A  PMPI_Abort            Unknown  Unknown
libmpi_mpifh.so    0000150C74BB22AE  Unknown               Unknown  Unknown
access-om3-MOM6    00000000018C01E7  mpp_error_basic            84  mpp_util_mpi.inc
access-om3-MOM6    00000000007C0936  mom_error                 178  MOM_error_handler.F90
access-om3-MOM6    0000000000871D37  initialize_topogr         166  MOM_shared_initialization.F90
access-om3-MOM6    000000000085AFF2  mom_initialize_to         227  MOM_fixed_initialization.F90
access-om3-MOM6    0000000000859BEB  mom_initialize_fi          85  MOM_fixed_initialization.F90
access-om3-MOM6    000000000056AB2E  initialize_mom           2878  MOM.F90
access-om3-MOM6    000000000053579D  ocean_model_init          283  mom_ocean_model_nuopc.F90
access-om3-MOM6    00000000004F6A9D  initializeadverti         753  mom_cap.F90
libesmf.so         0000150C7705C558  _ZN5ESMCI6FTable1     Unknown  Unknown
libesmf.so         0000150C7705BF9C  ESMCI_FTableCallE     Unknown  Unknown
libesmf.so         0000150C7739B664  _ZN5ESMCI2VM5ente     Unknown  Unknown
libesmf.so         0000150C7705CC30  c_esmc_ftablecall     Unknown  Unknown
libesmf.so         0000150C7759B7F8  esmf_compmod_mp_e     Unknown  Unknown
libesmf.so         0000150C77816B39  esmf_gridcompmod_     Unknown  Unknown
libesmf.so         0000150C77BA2477  nuopc_driver_mp_l     Unknown  Unknown
libesmf.so         0000150C77B918C7  nuopc_driver_mp_i     Unknown  Unknown
libesmf.so         0000150C7705C558  _ZN5ESMCI6FTable1     Unknown  Unknown
libesmf.so         0000150C7705BF9C  ESMCI_FTableCallE     Unknown  Unknown
libesmf.so         0000150C7739B664  _ZN5ESMCI2VM5ente     Unknown  Unknown
libesmf.so         0000150C7705CC30  c_esmc_ftablecall     Unknown  Unknown
libesmf.so         0000150C7759B7F8  esmf_compmod_mp_e     Unknown  Unknown
libesmf.so         0000150C77816B39  esmf_gridcompmod_     Unknown  Unknown
lImage              PC                Routine            Line        Source             
access-om3-MOM6    00000000018C01D1  mpp_error_basic            80  mpp_util_mpi.inc
access-om3-MOM6    00000000007C0936  mom_error                 178  MOM_error_handler.F90
access-om3-MOM6    0000000000871D37  initialize_topogr         166  MOM_shared_initialization.F90
access-om3-MOM6    000000000085AFF2  mom_initialize_to         227  MOM_fixed_initialization.F90
access-om3-MOM6    0000000000859BEB  mom_initialize_fi          85  MOM_fixed_initialization.F90
access-om3-MOM6    000000000056AB2E  initialize_mom           2878  MOM.F90
access-om3-MOM6    000000000053579D  ocean_model_init          283  mom_ocean_model_nuopc.F90
access-om3-MOM6    00000000004F6A9D  initializeadverti         753  mom_cap.F90
libesmf.so         000015341D84F558  _ZN5ESMCI6FTable1     Unknown  Unknown
libesmf.so         000015341D84EF9C  ESMCI_FTableCallE     Unknown  Unknown
libesmf.so         000015341DB8E664  _ZN5ESMCI2VM5ente     Unknown  Unknown
libesmf.so         000015341D84FC30  c_esmc_ftablecall     Unknown  Unknown
libesmf.so         000015341DD8E7F8  esmf_compmod_mp_e     Unknown  Unknown
libesmf.so         000015341E009B39  esmf_gridcompmod_     Unknown  Unknown
libesmf.so         000015341E395477  nuopc_driver_mp_l     Unknown  Unknown
libesmf.so         000015341E3848C7  nuopc_driver_mp_i     Unknown  Unknown
libesmf.so         000015341D84F558  _ZN5ESMCI6FTable1     Unknown  Unknown
libesmf.so         000015341D84EF9C  ESMCI_FTableCallE     Unknown  Unknown
libesmf.so         000015341DB8E664  _ZN5ESMCI2VM5ente     Unknown  Unknown
libesmf.so         000015341D84FC30  c_esmc_ftablecall     Unknown  Unknown
No errorforrtl: error (78): process killed (SIGTERM)
Image              PC                Routine            Line        Source             
libpthread-2.28.s  0000153419EFD990  Unknown               Unknown  Unknown
libpthread-2.28.s  0000153419EFCE20  nanosleep             Unknown  Unknown
libopen-rte.so.40  0000153415DC244A  orte_show_help_no     Unknown  Unknown
libopen-rte.so.40  0000153415DC27AC  orte_show_help        Unknown  Unknown
libmpi.so.40.30.7  000015341B05B00A  PMPI_Abort            Unknown  Unknown
libmpi_mpifh.so    000015341B3A52AE  Unknown               Unknown  Unknown
access-om3-MOM6    00000000018C01E7  mpp_error_basic            84  mpp_util_mpi.inc
access-om3-MOM6    00000000007C0936  mom_error                 178  MOM_error_handler.F90
access-om3-MOM6    0000000000871D37  initialize_topogr         166  MOM_shared_initialization.F90
access-om3-MOM6    000000000085AFF2  mom_initialize_to         227  MOM_fixed_initialization.F90
access-om3-MOM6    0000000000859BEB  mom_initialize_fi          85  MOM_fixed_initialization.F90
access-om3-MOM6    000000000056AB2E  initialize_mom           2878  MOM.F90
access-om3-MOM6    000000000053579D  ocean_model_init          283  mom_ocean_model_nuopc.F90
access-om3-MOM6    00000000004F6A9D  initializeadverti         753  mom_cap.F90
libesmf.so         000015341D84F558  _ZN5ESMCI6FTable1     Unknown  Unknown
libesmf.so         000015341D84EF9C  ESMCI_FTableCallE     Unknown  Unknown
libesmf.so         000015341DB8E664  _ZN5ESMCI2VM5ente     Unknown  Unknown
libesmf.so         000015341D84FC30  c_esmc_ftablecall     Unknown  Unknown
libesmf.so         000015341DD8E7F8  esmf_compmod_mp_e     Unknown  Unknown
libesmf.so         000015341E009B39  esmf_gridcompmod_     Unknown  Unknown
libesmf.so         000015341E395477  nuopc_driver_mp_l     Unknown  Unknown
libesmf.so         000015341E3848C7  nuopc_driver_mp_i     Unknown  Unknown
libesmf.so         000015341D84F558  _ZN5ESMCI6FTable1     Unknown  Unknown
libesmf.so         000015341D84EF9C  ESMCI_FTableCallE     Unknown  Unknown
libesmf.so         000015341DB8E664  _ZN5ESMCI2VM5ente     Unknown  Unknown
libesmf.so         000015341D84FC30  c_esmc_ftablecall     Unknown  Unknown
libesmf.so         000015341DD8E7F8  esmf_compmod_mp_e     Unknown  Unknown
libesmf.so         000015341E009B39  esmf_gridcompmod_     Unknown  Unknown
lImage              PC                Routine            Line        Source             
access-om3-MOM6    00000000018C01D1  mpp_error_basic            80  mpp_util_mpi.inc
access-om3-MOM6    00000000007C0936  mom_error                 178  MOM_error_handler.F90
access-om3-MOM6    0000000000871D37  initialize_topogr         166  MOM_shared_initialization.F90
access-om3-MOM6    000000000085AFF2  mom_initialize_to         227  MOM_fixed_initialization.F90
access-om3-MOM6    0000000000859BEB  mom_initialize_fi          85  MOM_fixed_initialization.F90
access-om3-MOM6    000000000056AB2E  initialize_mom           2878  MOM.F90
access-om3-MOM6    000000000053579D  ocean_model_init          283  mom_ocean_model_nuopc.F90
access-om3-MOM6    00000000004F6A9D  initializeadverti         753  mom_cap.F90
libesmf.so         000014A110C30558  _ZN5ESMCI6FTable1     Unknown  Unknown
libesmf.so         000014A110C2FF9C  ESMCI_FTableCallE     Unknown  Unknown
libesmf.so         000014A110F6F664  _ZN5ESMCI2VM5ente     Unknown  Unknown
libesmf.so         000014A110C30C30  c_esmc_ftablecall     Unknown  Unknown
libesmf.so         000014A11116F7F8  esmf_compmod_mp_e     Unknown  Unknown
libesmf.so         000014A1113EAB39  esmf_gridcompmod_     Unknown  Unknown
libesmf.so         000014A111776477  nuopc_driver_mp_l     Unknown  Unknown
libesmf.so         000014A1117658C7  nuopc_driver_mp_i     Unknown  Unknown
libesmf.so         000014A110C30558  _ZN5ESMCI6FTable1     Unknown  Unknown
libesmf.so         000014A110C2FF9C  ESMCI_FTableCallE     Unknown  Unknown
libesmf.so         000014A110F6F664  _ZN5ESMCI2VM5ente     Unknown  Unknown
libesmf.so         000014A110C30C30  c_esmc_ftablecall     Unknown  Unknown
libesmf.so         000014A11116F7F8  esmf_compmod_mp_e     Unknown  Unknown
libesmf.so         000014A1113EAB39  esmf_gridcompmod_     Unknown  Unknown
No errorforrtl: error (78): process killed (SIGTERM)
Image              PC                Routine            Line        Source             
libpthread-2.28.s  000014A10D2DE990  Unknown               Unknown  Unknown
libpthread-2.28.s  000014A10D2DDE20  nanosleep             Unknown  Unknown
libopen-rte.so.40  000014A1091A344A  orte_show_help_no     Unknown  Unknown
libopen-rte.so.40  000014A1091A37AC  orte_show_help        Unknown  Unknown
libmpi.so.40.30.7  000014A10E43C00A  PMPI_Abort            Unknown  Unknown
libmpi_mpifh.so    000014A10E7862AE  Unknown               Unknown  Unknown
access-om3-MOM6    00000000018C01E7  mpp_error_basic            84  mpp_util_mpi.inc
access-om3-MOM6    00000000007C0936  mom_error                 178  MOM_error_handler.F90
access-om3-MOM6    0000000000871D37  initialize_topogr         166  MOM_shared_initialization.F90
access-om3-MOM6    000000000085AFF2  mom_initialize_to         227  MOM_fixed_initialization.F90
access-om3-MOM6    0000000000859BEB  mom_initialize_fi          85  MOM_fixed_initialization.F90
access-om3-MOM6    000000000056AB2E  initialize_mom           2878  MOM.F90
access-om3-MOM6    000000000053579D  ocean_model_init          283  mom_ocean_model_nuopc.F90
access-om3-MOM6    00000000004F6A9D  initializeadverti         753  mom_cap.F90
libesmf.so         000014A110C30558  _ZN5ESMCI6FTable1     Unknown  Unknown
libesmf.so         000014A110C2FF9C  ESMCI_FTableCallE     Unknown  Unknown
libesmf.so         000014A110F6F664  _ZN5ESMCI2VM5ente     Unknown  Unknown
libesmf.so         000014A110C30C30  c_esmc_ftablecall     Unknown  Unknown
libesmf.so         000014A11116F7F8  esmf_compmod_mp_e     Unknown  Unknown
libesmf.so         000014A1113EAB39  esmf_gridcompmod_     Unknown  Unknown
libesmf.so         000014A111776477  nuopc_driver_mp_l     Unknown  Unknown
libesmf.so         000014A1117658C7  nuopc_driver_mp_i     Unknown  Unknown
libesmf.so         000014A110C30558  _ZN5ESMCI6FTable1     Unknown  Unknown
libesmf.so         000014A110C2FF9C  ESMCI_FTableCallE     Unknown  Unknown
libesmf.so         000014A110F6F664  _ZN5ESMCI2VM5ente     Unknown  Unknown
libesmf.so         000014A110C30C30  c_esmc_ftablecall     Unknown  Unknown
lImage              PC                Routine            Line        Source             
access-om3-MOM6    00000000018C01D1  mpp_error_basic            80  mpp_util_mpi.inc
access-om3-MOM6    00000000007C0936  mom_error                 178  MOM_error_handler.F90
access-om3-MOM6    0000000000871D37  initialize_topogr         166  MOM_shared_initialization.F90
access-om3-MOM6    000000000085AFF2  mom_initialize_to         227  MOM_fixed_initialization.F90
access-om3-MOM6    0000000000859BEB  mom_initialize_fi          85  MOM_fixed_initialization.F90
access-om3-MOM6    000000000056AB2E  initialize_mom           2878  MOM.F90
access-om3-MOM6    000000000053579D  ocean_model_init          283  mom_ocean_model_nuopc.F90
access-om3-MOM6    00000000004F6A9D  initializeadverti         753  mom_cap.F90
libesmf.so         000014BDCA5A1558  _ZN5ESMCI6FTable1     Unknown  Unknown
libesmf.so         000014BDCA5A0F9C  ESMCI_FTableCallE     Unknown  Unknown
libesmf.so         000014BDCA8E0664  _ZN5ESMCI2VM5ente     Unknown  Unknown
libesmf.so         000014BDCA5A1C30  c_esmc_ftablecall     Unknown  Unknown
libesmf.so         000014BDCAAE07F8  esmf_compmod_mp_e     Unknown  Unknown
libesmf.so         000014BDCAD5BB39  esmf_gridcompmod_     Unknown  Unknown
libesmf.so         000014BDCB0E7477  nuopc_driver_mp_l     Unknown  Unknown
libesmf.so         000014BDCB0D68C7  nuopc_driver_mp_i     Unknown  Unknown
libesmf.so         000014BDCA5A1558  _ZN5ESMCI6FTable1     Unknown  Unknown
libesmf.so         000014BDCA5A0F9C  ESMCI_FTableCallE     Unknown  Unknown
libesmf.so         000014BDCA8E0664  _ZN5ESMCI2VM5ente     Unknown  Unknown
libesmf.so         000014BDCA5A1C30  c_esmc_ftablecall     Unknown  Unknown
libesmf.so         000014BDCAAE07F8  esmf_compmod_mp_e     Unknown  Unknown
libesmf.so         000014BDCAD5BB39  esmf_gridcompmod_     Unknown  Unknown
libesmf.so         000014BDCB0E7477  nuopc_driver_mp_l     Unknown  Unknown
No errorforrtl: error (78): process killed (SIGTERM)
Image              PC                Routine            Line        Source             
libpthread-2.28.s  000014BDC6C4F990  Unknown               Unknown  Unknown
libpthread-2.28.s  000014BDC6C4EE20  nanosleep             Unknown  Unknown
libopen-rte.so.40  000014BDC2B1444A  orte_show_help_no     Unknown  Unknown
libopen-rte.so.40  000014BDC2B147AC  orte_show_help        Unknown  Unknown
libmpi.so.40.30.7  000014BDC7DAD00A  PMPI_Abort            Unknown  Unknown
libmpi_mpifh.so    000014BDC80F72AE  Unknown               Unknown  Unknown
access-om3-MOM6    00000000018C01E7  mpp_error_basic            84  mpp_util_mpi.inc
access-om3-MOM6    00000000007C0936  mom_error                 178  MOM_error_handler.F90
access-om3-MOM6    0000000000871D37  initialize_topogr         166  MOM_shared_initialization.F90
access-om3-MOM6    000000000085AFF2  mom_initialize_to         227  MOM_fixed_initialization.F90
access-om3-MOM6    0000000000859BEB  mom_initialize_fi          85  MOM_fixed_initialization.F90
access-om3-MOM6    000000000056AB2E  initialize_mom           2878  MOM.F90
access-om3-MOM6    000000000053579D  ocean_model_init          283  mom_ocean_model_nuopc.F90
access-om3-MOM6    00000000004F6A9D  initializeadverti         753  mom_cap.F90
libesmf.so         000014BDCA5A1558  _ZN5ESMCI6FTable1     Unknown  Unknown
libesmf.so         000014BDCA5A0F9C  ESMCI_FTableCallE     Unknown  Unknown
libesmf.so         000014BDCA8E0664  _ZN5ESMCI2VM5ente     Unknown  Unknown
libesmf.so         000014BDCA5A1C30  c_esmc_ftablecall     Unknown  Unknown
libesmf.so         000014BDCAAE07F8  esmf_compmod_mp_e     Unknown  Unknown
libesmf.so         000014BDCAD5BB39  esmf_gridcompmod_     Unknown  Unknown
libesmf.so         000014BDCB0E7477  nuopc_driver_mp_l     Unknown  Unknown
libesmf.so         000014BDCB0D68C7  nuopc_driver_mp_i     Unknown  Unknown
libesmf.so         000014BDCA5A1558  _ZN5ESMCI6FTable1     Unknown  Unknown
libesmf.so         000014BDCA5A0F9C  ESMCI_FTableCallE     Unknown  Unknown
libesmf.so         000014BDCA8E0664  _ZN5ESMCI2VM5ente     Unknown  Unknown
lImage              PC                Routine            Line        Source             
access-om3-MOM6    00000000018C01D1  mpp_error_basic            80  mpp_util_mpi.inc
access-om3-MOM6    00000000007C0936  mom_error                 178  MOM_error_handler.F90
access-om3-MOM6    0000000000871D37  initialize_topogr         166  MOM_shared_initialization.F90
access-om3-MOM6    000000000085AFF2  mom_initialize_to         227  MOM_fixed_initialization.F90
access-om3-MOM6    0000000000859BEB  mom_initialize_fi          85  MOM_fixed_initialization.F90
access-om3-MOM6    000000000056AB2E  initialize_mom           2878  MOM.F90
access-om3-MOM6    000000000053579D  ocean_model_init          283  mom_ocean_model_nuopc.F90
access-om3-MOM6    00000000004F6A9D  initializeadverti         753  mom_cap.F90
libesmf.so         0000149267CF6558  _ZN5ESMCI6FTable1     Unknown  Unknown
libesmf.so         0000149267CF5F9C  ESMCI_FTableCallE     Unknown  Unknown
libesmf.so         0000149268035664  _ZN5ESMCI2VM5ente     Unknown  Unknown
libesmf.so         0000149267CF6C30  c_esmc_ftablecall     Unknown  Unknown
libesmf.so         00001492682357F8  esmf_compmod_mp_e     Unknown  Unknown
libesmf.so         00001492684B0B39  esmf_gridcompmod_     Unknown  Unknown
libesmf.so         000014926883C477  nuopc_driver_mp_l     Unknown  Unknown
libesmf.so         000014926882B8C7  nuopc_driver_mp_i     Unknown  Unknown
libesmf.so         0000149267CF6558  _ZN5ESMCI6FTable1     Unknown  Unknown
libesmf.so         0000149267CF5F9C  ESMCI_FTableCallE     Unknown  Unknown
libesmf.so         0000149268035664  _ZN5ESMCI2VM5ente     Unknown  Unknown
libesmf.so         0000149267CF6C30  c_esmc_ftablecall     Unknown  Unknown
libesmf.so         00001492682357F8  esmf_compmod_mp_e     Unknown  Unknown
No errorforrtl: error (78): process killed (SIGTERM)
Image              PC                Routine            Line        Source             
libpthread-2.28.s  00001492643A4990  Unknown               Unknown  Unknown
libpthread-2.28.s  00001492643A3E20  nanosleep             Unknown  Unknown
libopen-rte.so.40  000014926026944A  orte_show_help_no     Unknown  Unknown
libopen-rte.so.40  00001492602697AC  orte_show_help        Unknown  Unknown
libmpi.so.40.30.7  000014926550200A  PMPI_Abort            Unknown  Unknown
libmpi_mpifh.so    000014926584C2AE  Unknown               Unknown  Unknown
access-om3-MOM6    00000000018C01E7  mpp_error_basic            84  mpp_util_mpi.inc
access-om3-MOM6    00000000007C0936  mom_error                 178  MOM_error_handler.F90
access-om3-MOM6    0000000000871D37  initialize_topogr         166  MOM_shared_initialization.F90
access-om3-MOM6    000000000085AFF2  mom_initialize_to         227  MOM_fixed_initialization.F90
access-om3-MOM6    0000000000859BEB  mom_initialize_fi          85  MOM_fixed_initialization.F90
access-om3-MOM6    000000000056AB2E  initialize_mom           2878  MOM.F90
access-om3-MOM6    000000000053579D  ocean_model_init          283  mom_ocean_model_nuopc.F90
access-om3-MOM6    00000000004F6A9D  initializeadverti         753  mom_cap.F90
libesmf.so         0000149267CF6558  _ZN5ESMCI6FTable1     Unknown  Unknown
libesmf.so         0000149267CF5F9C  ESMCI_FTableCallE     Unknown  Unknown
libesmf.so         0000149268035664  _ZN5ESMCI2VM5ente     Unknown  Unknown
libesmf.so         0000149267CF6C30  c_esmc_ftablecall     Unknown  Unknown
libesmf.so         00001492682357F8  esmf_compmod_mp_e     Unknown  Unknown
libesmf.so         00001492684B0B39  esmf_gridcompmod_     Unknown  Unknown
libesmf.so         000014926883C477  nuopc_driver_mp_l     Unknown  Unknown
libesmf.so         000014926882B8C7  nuopc_driver_mp_i     Unknown  Unknown
libesmf.so         0000149267CF6558  _ZN5ESMCI6FTable1     Unknown  Unknown
libesmf.so         0000149267CF5F9C  ESMCI_FTableCallE     Unknown  Unknown
libesmf.so         0000149268035664  _ZN5ESMCI2VM5ente     Unknown  Unknown
libesmf.so         0000149267CF6C30  c_esmc_ftablecall     Unknown  Unknown
libesmf.so         00001492682357F8  esmf_compmod_mp_e     Unknown  Unknown
lImage              PC                Routine            Line        Source             
access-om3-MOM6    00000000018C01D1  mpp_error_basic            80  mpp_util_mpi.inc
access-om3-MOM6    00000000007C0936  mom_error                 178  MOM_error_handler.F90
access-om3-MOM6    0000000000871D37  initialize_topogr         166  MOM_shared_initialization.F90
access-om3-MOM6    000000000085AFF2  mom_initialize_to         227  MOM_fixed_initialization.F90
access-om3-MOM6    0000000000859BEB  mom_initialize_fi          85  MOM_fixed_initialization.F90
access-om3-MOM6    000000000056AB2E  initialize_mom           2878  MOM.F90
access-om3-MOM6    000000000053579D  ocean_model_init          283  mom_ocean_model_nuopc.F90
access-om3-MOM6    00000000004F6A9D  initializeadverti         753  mom_cap.F90
libesmf.so         0000151070126558  _ZN5ESMCI6FTable1     Unknown  Unknown
libesmf.so         0000151070125F9C  ESMCI_FTableCallE     Unknown  Unknown
libesmf.so         0000151070465664  _ZN5ESMCI2VM5ente     Unknown  Unknown
libesmf.so         0000151070126C30  c_esmc_ftablecall     Unknown  Unknown
libesmf.so         00001510706657F8  esmf_compmod_mp_e     Unknown  Unknown
libesmf.so         00001510708E0B39  esmf_gridcompmod_     Unknown  Unknown
libesmf.so         0000151070C6C477  nuopc_driver_mp_l     Unknown  Unknown
libesmf.so         0000151070C5B8C7  nuopc_driver_mp_i     Unknown  Unknown
libesmf.so         0000151070126558  _ZN5ESMCI6FTable1     Unknown  Unknown
libesmf.so         0000151070125F9C  ESMCI_FTableCallE     Unknown  Unknown
libesmf.so         0000151070465664  _ZN5ESMCI2VM5ente     Unknown  Unknown
libesmf.so         0000151070126C30  c_esmc_ftablecall     Unknown  Unknown
No errorforrtl: error (78): process killed (SIGTERM)
Image              PC                Routine            Line        Source             
libpthread-2.28.s  000015106C7D4990  Unknown               Unknown  Unknown
libpthread-2.28.s  000015106C7D3E20  nanosleep             Unknown  Unknown
libopen-rte.so.40  000015106869944A  orte_show_help_no     Unknown  Unknown
libopen-rte.so.40  00001510686997AC  orte_show_help        Unknown  Unknown
libmpi.so.40.30.7  000015106D93200A  PMPI_Abort            Unknown  Unknown
libmpi_mpifh.so    000015106DC7C2AE  Unknown               Unknown  Unknown
access-om3-MOM6    00000000018C01E7  mpp_error_basic            84  mpp_util_mpi.inc
access-om3-MOM6    00000000007C0936  mom_error                 178  MOM_error_handler.F90
access-om3-MOM6    0000000000871D37  initialize_topogr         166  MOM_shared_initialization.F90
access-om3-MOM6    000000000085AFF2  mom_initialize_to         227  MOM_fixed_initialization.F90
access-om3-MOM6    0000000000859BEB  mom_initialize_fi          85  MOM_fixed_initialization.F90
access-om3-MOM6    000000000056AB2E  initialize_mom           2878  MOM.F90
access-om3-MOM6    000000000053579D  ocean_model_init          283  mom_ocean_model_nuopc.F90
access-om3-MOM6    00000000004F6A9D  initializeadverti         753  mom_cap.F90
libesmf.so         0000151070126558  _ZN5ESMCI6FTable1     Unknown  Unknown
libesmf.so         0000151070125F9C  ESMCI_FTableCallE     Unknown  Unknown
libesmf.so         0000151070465664  _ZN5ESMCI2VM5ente     Unknown  Unknown
libesmf.so         0000151070126C30  c_esmc_ftablecall     Unknown  Unknown
libesmf.so         00001510706657F8  esmf_compmod_mp_e     Unknown  Unknown
libesmf.so         00001510708E0B39  esmf_gridcompmod_     Unknown  Unknown
libesmf.so         0000151070C6C477  nuopc_driver_mp_l     Unknown  Unknown
libesmf.so         0000151070C5B8C7  nuopc_driver_mp_i     Unknown  Unknown
libesmf.so         0000151070126558  _ZN5ESMCI6FTable1     Unknown  Unknown
libesmf.so         0000151070125F9C  ESMCI_FTableCallE     Unknown  Unknown
libesmf.so         0000151070465664  _ZN5ESMCI2VM5ente     Unknown  Unknown
libesmf.so         0000151070126C30  c_esmc_ftablecall     Unknown  Unknown
libesmf.so         00001510706657F8  esmf_compmod_mp_e     Unknown  Unknown
libesmf.so         00001510708E0B39  esmf_gridcompmod_     Unknown  Unknown
lImage              PC                Routine            Line        Source             
access-om3-MOM6    00000000018C01D1  mpp_error_basic            80  mpp_util_mpi.inc
access-om3-MOM6    00000000007C0936  mom_error                 178  MOM_error_handler.F90
access-om3-MOM6    0000000000871D37  initialize_topogr         166  MOM_shared_initialization.F90
access-om3-MOM6    000000000085AFF2  mom_initialize_to         227  MOM_fixed_initialization.F90
access-om3-MOM6    0000000000859BEB  mom_initialize_fi          85  MOM_fixed_initialization.F90
access-om3-MOM6    000000000056AB2E  initialize_mom           2878  MOM.F90
access-om3-MOM6    000000000053579D  ocean_model_init          283  mom_ocean_model_nuopc.F90
access-om3-MOM6    00000000004F6A9D  initializeadverti         753  mom_cap.F90
libesmf.so         000014A4A398D558  _ZN5ESMCI6FTable1     Unknown  Unknown
libesmf.so         000014A4A398CF9C  ESMCI_FTableCallE     Unknown  Unknown
libesmf.so         000014A4A3CCC664  _ZN5ESMCI2VM5ente     Unknown  Unknown
libesmf.so         000014A4A398DC30  c_esmc_ftablecall     Unknown  Unknown
libesmf.so         000014A4A3ECC7F8  esmf_compmod_mp_e     Unknown  Unknown
libesmf.so         000014A4A4147B39  esmf_gridcompmod_     Unknown  Unknown
libesmf.so         000014A4A44D3477  nuopc_driver_mp_l     Unknown  Unknown
libesmf.so         000014A4A44C28C7  nuopc_driver_mp_i     Unknown  Unknown
libesmf.so         000014A4A398D558  _ZN5ESMCI6FTable1     Unknown  Unknown
libesmf.so         000014A4A398CF9C  ESMCI_FTableCallE     Unknown  Unknown
libesmf.so         000014A4A3CCC664  _ZN5ESMCI2VM5ente     Unknown  Unknown
libesmf.so         000014A4A398DC30  c_esmc_ftablecall     Unknown  Unknown
libesmf.so         000014A4A3ECC7F8  esmf_compmod_mp_e     Unknown  Unknown
No errorforrtl: error (78): process killed (SIGTERM)
Image              PC                Routine            Line        Source             
libpthread-2.28.s  000014A4A003B990  Unknown               Unknown  Unknown
libpthread-2.28.s  000014A4A003AE20  nanosleep             Unknown  Unknown
libopen-rte.so.40  000014A49BF0044A  orte_show_help_no     Unknown  Unknown
libopen-rte.so.40  000014A49BF007AC  orte_show_help        Unknown  Unknown
libmpi.so.40.30.7  000014A4A119900A  PMPI_Abort            Unknown  Unknown
libmpi_mpifh.so    000014A4A14E32AE  Unknown               Unknown  Unknown
access-om3-MOM6    00000000018C01E7  mpp_error_basic            84  mpp_util_mpi.inc
access-om3-MOM6    00000000007C0936  mom_error                 178  MOM_error_handler.F90
access-om3-MOM6    0000000000871D37  initialize_topogr         166  MOM_shared_initialization.F90
access-om3-MOM6    000000000085AFF2  mom_initialize_to         227  MOM_fixed_initialization.F90
access-om3-MOM6    0000000000859BEB  mom_initialize_fi          85  MOM_fixed_initialization.F90
access-om3-MOM6    000000000056AB2E  initialize_mom           2878  MOM.F90
access-om3-MOM6    000000000053579D  ocean_model_init          283  mom_ocean_model_nuopc.F90
access-om3-MOM6    00000000004F6A9D  initializeadverti         753  mom_cap.F90
libesmf.so         000014A4A398D558  _ZN5ESMCI6FTable1     Unknown  Unknown
libesmf.so         000014A4A398CF9C  ESMCI_FTableCallE     Unknown  Unknown
libesmf.so         000014A4A3CCC664  _ZN5ESMCI2VM5ente     Unknown  Unknown
libesmf.so         000014A4A398DC30  c_esmc_ftablecall     Unknown  Unknown
libesmf.so         000014A4A3ECC7F8  esmf_compmod_mp_e     Unknown  Unknown
libesmf.so         000014A4A4147B39  esmf_gridcompmod_     Unknown  Unknown
libesmf.so         000014A4A44D3477  nuopc_driver_mp_l     Unknown  Unknown
libesmf.so         000014A4A44C28C7  nuopc_driver_mp_i     Unknown  Unknown
libesmf.so         000014A4A398D558  _ZN5ESMCI6FTable1     Unknown  Unknown
libesmf.so         000014A4A398CF9C  ESMCI_FTableCallE     Unknown  Unknown
libesmf.so         000014A4A3CCC664  _ZN5ESMCI2VM5ente     Unknown  Unknown
libesmf.so         000014A4A398DC30  c_esmc_ftablecall     Unknown  Unknown
libesmf.so         000014A4A3ECC7F8  esmf_compmod_mp_e     Unknown  Unknown
lImage              PC                Routine            Line        Source             
access-om3-MOM6    00000000018C01D1  mpp_error_basic            80  mpp_util_mpi.inc
access-om3-MOM6    00000000007C0936  mom_error                 178  MOM_error_handler.F90
access-om3-MOM6    0000000000871D37  initialize_topogr         166  MOM_shared_initialization.F90
access-om3-MOM6    000000000085AFF2  mom_initialize_to         227  MOM_fixed_initialization.F90
access-om3-MOM6    0000000000859BEB  mom_initialize_fi          85  MOM_fixed_initialization.F90
access-om3-MOM6    000000000056AB2E  initialize_mom           2878  MOM.F90
access-om3-MOM6    000000000053579D  ocean_model_init          283  mom_ocean_model_nuopc.F90
access-om3-MOM6    00000000004F6A9D  initializeadverti         753  mom_cap.F90
libesmf.so         00001549A62EE558  _ZN5ESMCI6FTable1     Unknown  Unknown
libesmf.so         00001549A62EDF9C  ESMCI_FTableCallE     Unknown  Unknown
libesmf.so         00001549A662D664  _ZN5ESMCI2VM5ente     Unknown  Unknown
libesmf.so         00001549A62EEC30  c_esmc_ftablecall     Unknown  Unknown
libesmf.so         00001549A682D7F8  esmf_compmod_mp_e     Unknown  Unknown
libesmf.so         00001549A6AA8B39  esmf_gridcompmod_     Unknown  Unknown
libesmf.so         00001549A6E34477  nuopc_driver_mp_l     Unknown  Unknown
libesmf.so         00001549A6E238C7  nuopc_driver_mp_i     Unknown  Unknown
libesmf.so         00001549A62EE558  _ZN5ESMCI6FTable1     Unknown  Unknown
libesmf.so         00001549A62EDF9C  ESMCI_FTableCallE     Unknown  Unknown
libesmf.so         00001549A662D664  _ZN5ESMCI2VM5ente     Unknown  Unknown
libesmf.so         00001549A62EEC30  c_esmc_ftablecall     Unknown  Unknown
libesmf.so         00001549A682D7F8  esmf_compmod_mp_e     Unknown  Unknown
No errorforrtl: error (78): process killed (SIGTERM)
Image              PC                Routine            Line        Source             
libpthread-2.28.s  00001549A299C990  Unknown               Unknown  Unknown
libpthread-2.28.s  00001549A299BE20  nanosleep             Unknown  Unknown
libopen-rte.so.40  000015499E86144A  orte_show_help_no     Unknown  Unknown
libopen-rte.so.40  000015499E8617AC  orte_show_help        Unknown  Unknown
libmpi.so.40.30.7  00001549A3AFA00A  PMPI_Abort            Unknown  Unknown
libmpi_mpifh.so    00001549A3E442AE  Unknown               Unknown  Unknown
access-om3-MOM6    00000000018C01E7  mpp_error_basic            84  mpp_util_mpi.inc
access-om3-MOM6    00000000007C0936  mom_error                 178  MOM_error_handler.F90
access-om3-MOM6    0000000000871D37  initialize_topogr         166  MOM_shared_initialization.F90
access-om3-MOM6    000000000085AFF2  mom_initialize_to         227  MOM_fixed_initialization.F90
access-om3-MOM6    0000000000859BEB  mom_initialize_fi          85  MOM_fixed_initialization.F90
access-om3-MOM6    000000000056AB2E  initialize_mom           2878  MOM.F90
access-om3-MOM6    000000000053579D  ocean_model_init          283  mom_ocean_model_nuopc.F90
access-om3-MOM6    00000000004F6A9D  initializeadverti         753  mom_cap.F90
libesmf.so         00001549A62EE558  _ZN5ESMCI6FTable1     Unknown  Unknown
libesmf.so         00001549A62EDF9C  ESMCI_FTableCallE     Unknown  Unknown
libesmf.so         00001549A662D664  _ZN5ESMCI2VM5ente     Unknown  Unknown
libesmf.so         00001549A62EEC30  c_esmc_ftablecall     Unknown  Unknown
libesmf.so         00001549A682D7F8  esmf_compmod_mp_e     Unknown  Unknown
libesmf.so         00001549A6AA8B39  esmf_gridcompmod_     Unknown  Unknown
libesmf.so         00001549A6E34477  nuopc_driver_mp_l     Unknown  Unknown
libesmf.so         00001549A6E238C7  nuopc_driver_mp_i     Unknown  Unknown
libesmf.so         00001549A62EE558  _ZN5ESMCI6FTable1     Unknown  Unknown
libesmf.so         00001549A62EDF9C  ESMCI_FTableCallE     Unknown  Unknown
libesmf.so         00001549A662D664  _ZN5ESMCI2VM5ente     Unknown  Unknown
libesmf.so         00001549A62EEC30  c_esmc_ftablecall     Unknown  Unknown
libesmf.so         00001549A682D7F8  esmf_compmod_mp_e     Unknown  Unknown
lImage              PC                Routine            Line        Source             
access-om3-MOM6    00000000018C01D1  mpp_error_basic            80  mpp_util_mpi.inc
access-om3-MOM6    00000000007C0936  mom_error                 178  MOM_error_handler.F90
access-om3-MOM6    0000000000871D37  initialize_topogr         166  MOM_shared_initialization.F90
access-om3-MOM6    000000000085AFF2  mom_initialize_to         227  MOM_fixed_initialization.F90
access-om3-MOM6    0000000000859BEB  mom_initialize_fi          85  MOM_fixed_initialization.F90
access-om3-MOM6    000000000056AB2E  initialize_mom           2878  MOM.F90
access-om3-MOM6    000000000053579D  ocean_model_init          283  mom_ocean_model_nuopc.F90
access-om3-MOM6    00000000004F6A9D  initializeadverti         753  mom_cap.F90
libesmf.so         000014C1A7AD3558  _ZN5ESMCI6FTable1     Unknown  Unknown
libesmf.so         000014C1A7AD2F9C  ESMCI_FTableCallE     Unknown  Unknown
libesmf.so         000014C1A7E12664  _ZN5ESMCI2VM5ente     Unknown  Unknown
libesmf.so         000014C1A7AD3C30  c_esmc_ftablecall     Unknown  Unknown
libesmf.so         000014C1A80127F8  esmf_compmod_mp_e     Unknown  Unknown
libesmf.so         000014C1A828DB39  esmf_gridcompmod_     Unknown  Unknown
libesmf.so         000014C1A8619477  nuopc_driver_mp_l     Unknown  Unknown
libesmf.so         000014C1A86088C7  nuopc_driver_mp_i     Unknown  Unknown
libesmf.so         000014C1A7AD3558  _ZN5ESMCI6FTable1     Unknown  Unknown
libesmf.so         000014C1A7AD2F9C  ESMCI_FTableCallE     Unknown  Unknown
libesmf.so         000014C1A7E12664  _ZN5ESMCI2VM5ente     Unknown  Unknown
libesmf.so         000014C1A7AD3C30  c_esmc_ftablecall     Unknown  Unknown
libesmf.so         000014C1A80127F8  esmf_compmod_mp_e     Unknown  Unknown
libesmf.so         000014C1A828DB39  esmf_gridcompmod_     Unknown  Unknown
No errorforrtl: error (78): process killed (SIGTERM)
Image              PC                Routine            Line        Source             
libpthread-2.28.s  000014C1A4181990  Unknown               Unknown  Unknown
libpthread-2.28.s  000014C1A4180E20  nanosleep             Unknown  Unknown
libopen-rte.so.40  000014C1A004644A  orte_show_help_no     Unknown  Unknown
libopen-rte.so.40  000014C1A00467AC  orte_show_help        Unknown  Unknown
libmpi.so.40.30.7  000014C1A52DF00A  PMPI_Abort            Unknown  Unknown
libmpi_mpifh.so    000014C1A56292AE  Unknown               Unknown  Unknown
access-om3-MOM6    00000000018C01E7  mpp_error_basic            84  mpp_util_mpi.inc
access-om3-MOM6    00000000007C0936  mom_error                 178  MOM_error_handler.F90
access-om3-MOM6    0000000000871D37  initialize_topogr         166  MOM_shared_initialization.F90
access-om3-MOM6    000000000085AFF2  mom_initialize_to         227  MOM_fixed_initialization.F90
access-om3-MOM6    0000000000859BEB  mom_initialize_fi          85  MOM_fixed_initialization.F90
access-om3-MOM6    000000000056AB2E  initialize_mom           2878  MOM.F90
access-om3-MOM6    000000000053579D  ocean_model_init          283  mom_ocean_model_nuopc.F90
access-om3-MOM6    00000000004F6A9D  initializeadverti         753  mom_cap.F90
libesmf.so         000014C1A7AD3558  _ZN5ESMCI6FTable1     Unknown  Unknown
libesmf.so         000014C1A7AD2F9C  ESMCI_FTableCallE     Unknown  Unknown
libesmf.so         000014C1A7E12664  _ZN5ESMCI2VM5ente     Unknown  Unknown
libesmf.so         000014C1A7AD3C30  c_esmc_ftablecall     Unknown  Unknown
libesmf.so         000014C1A80127F8  esmf_compmod_mp_e     Unknown  Unknown
libesmf.so         000014C1A828DB39  esmf_gridcompmod_     Unknown  Unknown
libesmf.so         000014C1A8619477  nuopc_driver_mp_l     Unknown  Unknown
libesmf.so         000014C1A86088C7  nuopc_driver_mp_i     Unknown  Unknown
libesmf.so         000014C1A7AD3558  _ZN5ESMCI6FTable1     Unknown  Unknown
libesmf.so         000014C1A7AD2F9C  ESMCI_FTableCallE     Unknown  Unknown
libesmf.so         000014C1A7E12664  _ZN5ESMCI2VM5ente     Unknown  Unknown
libesmf.so         000014C1A7AD3C30  c_esmc_ftablecall     Unknown  Unknown
lImage              PC                Routine            Line        Source             
access-om3-MOM6    00000000018C01D1  mpp_error_basic            80  mpp_util_mpi.inc
access-om3-MOM6    00000000007C0936  mom_error                 178  MOM_error_handler.F90
access-om3-MOM6    0000000000871D37  initialize_topogr         166  MOM_shared_initialization.F90
access-om3-MOM6    000000000085AFF2  mom_initialize_to         227  MOM_fixed_initialization.F90
access-om3-MOM6    0000000000859BEB  mom_initialize_fi          85  MOM_fixed_initialization.F90
access-om3-MOM6    000000000056AB2E  initialize_mom           2878  MOM.F90
access-om3-MOM6    000000000053579D  ocean_model_init          283  mom_ocean_model_nuopc.F90
access-om3-MOM6    00000000004F6A9D  initializeadverti         753  mom_cap.F90
libesmf.so         0000152FDF935558  _ZN5ESMCI6FTable1     Unknown  Unknown
libesmf.so         0000152FDF934F9C  ESMCI_FTableCallE     Unknown  Unknown
libesmf.so         0000152FDFC74664  _ZN5ESMCI2VM5ente     Unknown  Unknown
libesmf.so         0000152FDF935C30  c_esmc_ftablecall     Unknown  Unknown
libesmf.so         0000152FDFE747F8  esmf_compmod_mp_e     Unknown  Unknown
libesmf.so         0000152FE00EFB39  esmf_gridcompmod_     Unknown  Unknown
libesmf.so         0000152FE047B477  nuopc_driver_mp_l     Unknown  Unknown
libesmf.so         0000152FE046A8C7  nuopc_driver_mp_i     Unknown  Unknown
libesmf.so         0000152FDF935558  _ZN5ESMCI6FTable1     Unknown  Unknown
libesmf.so         0000152FDF934F9C  ESMCI_FTableCallE     Unknown  Unknown
libesmf.so         0000152FDFC74664  _ZN5ESMCI2VM5ente     Unknown  Unknown
libesmf.so         0000152FDF935C30  c_esmc_ftablecall     Unknown  Unknown
libesmf.so         0000152FDFE747F8  esmf_compmod_mp_e     Unknown  Unknown
No errorforrtl: error (78): process killed (SIGTERM)
Image              PC                Routine            Line        Source             
libpthread-2.28.s  0000152FDBFE3990  Unknown               Unknown  Unknown
libpthread-2.28.s  0000152FDBFE2E20  nanosleep             Unknown  Unknown
libopen-rte.so.40  0000152FD7EA844A  orte_show_help_no     Unknown  Unknown
libopen-rte.so.40  0000152FD7EA87AC  orte_show_help        Unknown  Unknown
libmpi.so.40.30.7  0000152FDD14100A  PMPI_Abort            Unknown  Unknown
libmpi_mpifh.so    0000152FDD48B2AE  Unknown               Unknown  Unknown
access-om3-MOM6    00000000018C01E7  mpp_error_basic            84  mpp_util_mpi.inc
access-om3-MOM6    00000000007C0936  mom_error                 178  MOM_error_handler.F90
access-om3-MOM6    0000000000871D37  initialize_topogr         166  MOM_shared_initialization.F90
access-om3-MOM6    000000000085AFF2  mom_initialize_to         227  MOM_fixed_initialization.F90
access-om3-MOM6    0000000000859BEB  mom_initialize_fi          85  MOM_fixed_initialization.F90
access-om3-MOM6    000000000056AB2E  initialize_mom           2878  MOM.F90
access-om3-MOM6    000000000053579D  ocean_model_init          283  mom_ocean_model_nuopc.F90
access-om3-MOM6    00000000004F6A9D  initializeadverti         753  mom_cap.F90
libesmf.so         0000152FDF935558  _ZN5ESMCI6FTable1     Unknown  Unknown
libesmf.so         0000152FDF934F9C  ESMCI_FTableCallE     Unknown  Unknown
libesmf.so         0000152FDFC74664  _ZN5ESMCI2VM5ente     Unknown  Unknown
libesmf.so         0000152FDF935C30  c_esmc_ftablecall     Unknown  Unknown
libesmf.so         0000152FDFE747F8  esmf_compmod_mp_e     Unknown  Unknown
libesmf.so         0000152FE00EFB39  esmf_gridcompmod_     Unknown  Unknown
libesmf.so         0000152FE047B477  nuopc_driver_mp_l     Unknown  Unknown
libesmf.so         0000152FE046A8C7  nuopc_driver_mp_i     Unknown  Unknown
libesmf.so         0000152FDF935558  _ZN5ESMCI6FTable1     Unknown  Unknown
libesmf.so         0000152FDF934F9C  ESMCI_FTableCallE     Unknown  Unknown
libesmf.so         0000152FDFC74664  _ZN5ESMCI2VM5ente     Unknown  Unknown
libesmf.so         0000152FDF935C30  c_esmc_ftablecall     Unknown  Unknown
libesmf.so         0000152FDFE747F8  esmf_compmod_mp_e     Unknown  Unknown
lforrtl: error (78): process killed (SIGTERM)
Image              PC                Routine            Line        Source             
libpthread-2.28.s  000015520FE08990  Unknown               Unknown  Unknown
libpthread-2.28.s  000015520FE0436F  pthread_cond_wait     Unknown  Unknown
libopen-pal.so.40  000015520B4F253D  PMIx_Abort            Unknown  Unknown
libopen-pal.so.40  000015520B55F780  pmix3x_abort          Unknown  Unknown
libopen-rte.so.40  000015520BC87ED7  Unknown               Unknown  Unknown
libopen-rte.so.40  000015520BC9FC66  orte_errmgr_base_     Unknown  Unknown
libopen-rte.so.40  000015520BC8FA1B  Unknown               Unknown  Unknown
libmpi.so.40.30.7  0000155210F7D19A  ompi_mpi_abort        Unknown  Unknown
libmpi_mpifh.so    00001552112B02AE  Unknown               Unknown  Unknown
access-om3-MOM6    00000000018C01E7  mpp_error_basic            84  mpp_util_mpi.inc
access-om3-MOM6    00000000007C0936  mom_error                 178  MOM_error_handler.F90
access-om3-MOM6    0000000000871D37  initialize_topogr         166  MOM_shared_initialization.F90
access-om3-MOM6    000000000085AFF2  mom_initialize_to         227  MOM_fixed_initialization.F90
access-om3-MOM6    0000000000859BEB  mom_initialize_fi          85  MOM_fixed_initialization.F90
access-om3-MOM6    000000000056AB2E  initialize_mom           2878  MOM.F90
access-om3-MOM6    000000000053579D  ocean_model_init          283  mom_ocean_model_nuopc.F90
access-om3-MOM6    00000000004F6A9D  initializeadverti         753  mom_cap.F90
libesmf.so         000015521375A558  _ZN5ESMCI6FTable1     Unknown  Unknown
libesmf.so         0000155213759F9C  ESMCI_FTableCallE     Unknown  Unknown
libesmf.so         0000155213A99664  _ZN5ESMCI2VM5ente     Unknown  Unknown
libesmf.so         000015521375AC30  c_esmc_ftablecall     Unknown  Unknown
libesmf.so         0000155213C997F8  esmf_compmod_mp_e     Unknown  Unknown
libesmf.so         0000155213F14B39  esmf_gridcompmod_     Unknown  Unknown
libesmf.so         00001552142A0477  nuopc_driver_mp_l     Unknown  Unknown
libesmf.so         000015521428F8C7  nuopc_driver_mp_i     Unknown  Unknown
libesmf.so         000015521375A558  _ZN5ESMCI6FTable1     Unknown  Unknown
libesmf.so         0000155213759F9C  ESMCI_FTableCallE     Unknown  Unknown
libesmf.so         0000155213A99664  _ZN5ESMCI2VM5ente     Unknown  Unknown
libesmf.so         000015521375AC30  c_esmc_ftablecall     Unknown  Unknown
libesmf.so         0000155213C997F8  esmf_compmod_mp_e     Unknown  Unknown
libesmf.so         0000155213F14B39  esmf_gridcompmod_     Unknown  Unknown
libesmf.so         00001552142A0477  nuopc_driver_mp_l     Unknown  Unknown
libesmf.so         000015521428F7C3  nuopc_driver_mp_i     Unknown  Unknown
libesmf.so         000015521428646E  nuopc_driver_mp_i     Unknown  Unknown
libesmf.so         000015521375A558  _ZN5ESMCI6FTable1     Unknown  Unknown
libesmf.so         0000155213759F9C  ESMCI_FTableCallE     Unknown  Unknown
libesmf.so         0000155213A99664  _ZN5ESMCI2VM5ente     Unknown  Unknown
libesmf.so         000015521375AC30  c_esmc_ftablecall     Unknown  Unknown
libesmf.so         0000155213C997F8  esmf_compmod_mp_e     Unknown  Unknown
libesmf.so         0000155213F14B39  esmf_gridcompmod_     Unknown  Unknown
access-om3-MOM6    00000000004254AD  esmapp                    128  esmApp.F90
access-om3-MOM6    0000000000424EAD  Unknown               Unknown  Unknown
libc-2.28.so       000015520FA5A865  __libc_start_main     Unknown  Unknown
access-om3-MOM6    0000000000424DCE  Unknown               Unknown  Unknown
Image              PC                Routine            Line        Source             
access-om3-MOM6    00000000018C01D1  mpp_error_basic            80  mpp_util_mpi.inc
access-om3-MOM6    00000000007C0936  mom_error                 178  MOM_error_handler.F90
access-om3-MOM6    0000000000871D37  initialize_topogr         166  MOM_shared_initialization.F90
access-om3-MOM6    000000000085AFF2  mom_initialize_to         227  MOM_fixed_initialization.F90
access-om3-MOM6    0000000000859BEB  mom_initialize_fi          85  MOM_fixed_initialization.F90
access-om3-MOM6    000000000056AB2E  initialize_mom           2878  MOM.F90
access-om3-MOM6    000000000053579D  ocean_model_init          283  mom_ocean_model_nuopc.F90
access-om3-MOM6    00000000004F6A9D  initializeadverti         753  mom_cap.F90
libesmf.so         000014E50024D558  _ZN5ESMCI6FTable1     Unknown  Unknown
libesmf.so         000014E50024CF9C  ESMCI_FTableCallE     Unknown  Unknown
libesmf.so         000014E50058C664  _ZN5ESMCI2VM5ente     Unknown  Unknown
libesmf.so         000014E50024DC30  c_esmc_ftablecall     Unknown  Unknown
libesmf.so         000014E50078C7F8  esmf_compmod_mp_e     Unknown  Unknown
libesmf.so         000014E500A07B39  esmf_gridcompmod_     Unknown  Unknown
libesmf.so         000014E500D93477  nuopc_driver_mp_l     Unknown  Unknown
libesmf.so         000014E500D828C7  nuopc_driver_mp_i     Unknown  Unknown
libesmf.so         000014E50024D558  _ZN5ESMCI6FTable1     Unknown  Unknown
libesmf.so         000014E50024CF9C  ESMCI_FTableCallE     Unknown  Unknown
libesmf.so         000014E50058C664  _ZN5ESMCI2VM5ente     Unknown  Unknown
libesmf.so         000014E50024DC30  c_esmc_ftablecall     Unknown  Unknown
libesmf.so         000014E50078C7F8  esmf_compmod_mp_e     Unknown  Unknown
No errorforrtl: error (78): process killed (SIGTERM)
Image              PC                Routine            Line        Source             
libpthread-2.28.s  000014E4FC8FB990  Unknown               Unknown  Unknown
libpthread-2.28.s  000014E4FC8FAE20  nanosleep             Unknown  Unknown
libopen-rte.so.40  000014E4F87C044A  orte_show_help_no     Unknown  Unknown
libopen-rte.so.40  000014E4F87C07AC  orte_show_help        Unknown  Unknown
libmpi.so.40.30.7  000014E4FDA5900A  PMPI_Abort            Unknown  Unknown
libmpi_mpifh.so    000014E4FDDA32AE  Unknown               Unknown  Unknown
access-om3-MOM6    00000000018C01E7  mpp_error_basic            84  mpp_util_mpi.inc
access-om3-MOM6    00000000007C0936  mom_error                 178  MOM_error_handler.F90
access-om3-MOM6    0000000000871D37  initialize_topogr         166  MOM_shared_initialization.F90
access-om3-MOM6    000000000085AFF2  mom_initialize_to         227  MOM_fixed_initialization.F90
access-om3-MOM6    0000000000859BEB  mom_initialize_fi          85  MOM_fixed_initialization.F90
access-om3-MOM6    000000000056AB2E  initialize_mom           2878  MOM.F90
access-om3-MOM6    000000000053579D  ocean_model_init          283  mom_ocean_model_nuopc.F90
access-om3-MOM6    00000000004F6A9D  initializeadverti         753  mom_cap.F90
libesmf.so         000014E50024D558  _ZN5ESMCI6FTable1     Unknown  Unknown
libesmf.so         000014E50024CF9C  ESMCI_FTableCallE     Unknown  Unknown
libesmf.so         000014E50058C664  _ZN5ESMCI2VM5ente     Unknown  Unknown
libesmf.so         000014E50024DC30  c_esmc_ftablecall     Unknown  Unknown
libesmf.so         000014E50078C7F8  esmf_compmod_mp_e     Unknown  Unknown
libesmf.so         000014E500A07B39  esmf_gridcompmod_     Unknown  Unknown
libesmf.so         000014E500D93477  nuopc_driver_mp_l     Unknown  Unknown
libesmf.so         000014E500D828C7  nuopc_driver_mp_i     Unknown  Unknown
libesmf.so         000014E50024D558  _ZN5ESMCI6FTable1     Unknown  Unknown
libesmf.so         000014E50024CF9C  ESMCI_FTableCallE     Unknown  Unknown
libesmf.so         000014E50058C664  _ZN5ESMCI2VM5ente     Unknown  Unknown
libesmf.so         000014E50024DC30  c_esmc_ftablecall     Unknown  Unknown
libesmf.so         000014E50078C7F8  esmf_compmod_mp_e     Unknown  Unknown
lImage              PC                Routine            Line        Source             
access-om3-MOM6    00000000018C01D1  mpp_error_basic            80  mpp_util_mpi.inc
access-om3-MOM6    00000000007C0936  mom_error                 178  MOM_error_handler.F90
access-om3-MOM6    0000000000871D37  initialize_topogr         166  MOM_shared_initialization.F90
access-om3-MOM6    000000000085AFF2  mom_initialize_to         227  MOM_fixed_initialization.F90
access-om3-MOM6    0000000000859BEB  mom_initialize_fi          85  MOM_fixed_initialization.F90
access-om3-MOM6    000000000056AB2E  initialize_mom           2878  MOM.F90
access-om3-MOM6    000000000053579D  ocean_model_init          283  mom_ocean_model_nuopc.F90
access-om3-MOM6    00000000004F6A9D  initializeadverti         753  mom_cap.F90
libesmf.so         000015382C372558  _ZN5ESMCI6FTable1     Unknown  Unknown
libesmf.so         000015382C371F9C  ESMCI_FTableCallE     Unknown  Unknown
libesmf.so         000015382C6B1664  _ZN5ESMCI2VM5ente     Unknown  Unknown
libesmf.so         000015382C372C30  c_esmc_ftablecall     Unknown  Unknown
libesmf.so         000015382C8B17F8  esmf_compmod_mp_e     Unknown  Unknown
libesmf.so         000015382CB2CB39  esmf_gridcompmod_     Unknown  Unknown
libesmf.so         000015382CEB8477  nuopc_driver_mp_l     Unknown  Unknown
libesmf.so         000015382CEA78C7  nuopc_driver_mp_i     Unknown  Unknown
libesmf.so         000015382C372558  _ZN5ESMCI6FTable1     Unknown  Unknown
libesmf.so         000015382C371F9C  ESMCI_FTableCallE     Unknown  Unknown
libesmf.so         000015382C6B1664  _ZN5ESMCI2VM5ente     Unknown  Unknown
libesmf.so         000015382C372C30  c_esmc_ftablecall     Unknown  Unknown
libesmf.so         000015382C8B17F8  esmf_compmod_mp_e     Unknown  Unknown
libesmf.so         000015382CB2CB39  esmf_gridcompmod_     Unknown  Unknown
libesmf.so         000015382CEB8477  nuopc_driver_mp_l     Unknown  Unknown
libesmf.so         000015382CEA77C3  nuopc_driver_mp_i     Unknown  Unknown
libesmf.so         000015382CE9E46E  nuopc_driver_mp_i     Unknown  Unknown
libesmf.so         000015382C372558  _ZN5ESMCI6FTable1     Unknown  Unknown
No errorforrtl: error (78): process killed (SIGTERM)
Image              PC                Routine            Line        Source             
libpthread-2.28.s  0000153828A20990  Unknown               Unknown  Unknown
libpthread-2.28.s  0000153828A1FE20  nanosleep             Unknown  Unknown
libopen-rte.so.40  00001538248E544A  orte_show_help_no     Unknown  Unknown
libopen-rte.so.40  00001538248E57AC  orte_show_help        Unknown  Unknown
libmpi.so.40.30.7  0000153829B7E00A  PMPI_Abort            Unknown  Unknown
libmpi_mpifh.so    0000153829EC82AE  Unknown               Unknown  Unknown
access-om3-MOM6    00000000018C01E7  mpp_error_basic            84  mpp_util_mpi.inc
access-om3-MOM6    00000000007C0936  mom_error                 178  MOM_error_handler.F90
access-om3-MOM6    0000000000871D37  initialize_topogr         166  MOM_shared_initialization.F90
access-om3-MOM6    000000000085AFF2  mom_initialize_to         227  MOM_fixed_initialization.F90
access-om3-MOM6    0000000000859BEB  mom_initialize_fi          85  MOM_fixed_initialization.F90
access-om3-MOM6    000000000056AB2E  initialize_mom           2878  MOM.F90
access-om3-MOM6    000000000053579D  ocean_model_init          283  mom_ocean_model_nuopc.F90
access-om3-MOM6    00000000004F6A9D  initializeadverti         753  mom_cap.F90
libesmf.so         000015382C372558  _ZN5ESMCI6FTable1     Unknown  Unknown
libesmf.so         000015382C371F9C  ESMCI_FTableCallE     Unknown  Unknown
libesmf.so         000015382C6B1664  _ZN5ESMCI2VM5ente     Unknown  Unknown
libesmf.so         000015382C372C30  c_esmc_ftablecall     Unknown  Unknown
libesmf.so         000015382C8B17F8  esmf_compmod_mp_e     Unknown  Unknown
libesmf.so         000015382CB2CB39  esmf_gridcompmod_     Unknown  Unknown
libesmf.so         000015382CEB8477  nuopc_driver_mp_l     Unknown  Unknown
libesmf.so         000015382CEA78C7  nuopc_driver_mp_i     Unknown  Unknown
lImage              PC                Routine            Line        Source             
access-om3-MOM6    00000000018C01D1  mpp_error_basic            80  mpp_util_mpi.inc
access-om3-MOM6    00000000007C0936  mom_error                 178  MOM_error_handler.F90
access-om3-MOM6    0000000000871D37  initialize_topogr         166  MOM_shared_initialization.F90
access-om3-MOM6    000000000085AFF2  mom_initialize_to         227  MOM_fixed_initialization.F90
access-om3-MOM6    0000000000859BEB  mom_initialize_fi          85  MOM_fixed_initialization.F90
access-om3-MOM6    000000000056AB2E  initialize_mom           2878  MOM.F90
access-om3-MOM6    000000000053579D  ocean_model_init          283  mom_ocean_model_nuopc.F90
access-om3-MOM6    00000000004F6A9D  initializeadverti         753  mom_cap.F90
libesmf.so         0000152977FFD558  _ZN5ESMCI6FTable1     Unknown  Unknown
libesmf.so         0000152977FFCF9C  ESMCI_FTableCallE     Unknown  Unknown
libesmf.so         000015297833C664  _ZN5ESMCI2VM5ente     Unknown  Unknown
libesmf.so         0000152977FFDC30  c_esmc_ftablecall     Unknown  Unknown
libesmf.so         000015297853C7F8  esmf_compmod_mp_e     Unknown  Unknown
libesmf.so         00001529787B7B39  esmf_gridcompmod_     Unknown  Unknown
libesmf.so         0000152978B43477  nuopc_driver_mp_l     Unknown  Unknown
libesmf.so         0000152978B328C7  nuopc_driver_mp_i     Unknown  Unknown
libesmf.so         0000152977FFD558  _ZN5ESMCI6FTable1     Unknown  Unknown
libesmf.so         0000152977FFCF9C  ESMCI_FTableCallE     Unknown  Unknown
libesmf.so         000015297833C664  _ZN5ESMCI2VM5ente     Unknown  Unknown
libesmf.so         0000152977FFDC30  c_esmc_ftablecall     Unknown  Unknown
libesmf.so         000015297853C7F8  esmf_compmod_mp_e     Unknown  Unknown
libesmf.so         00001529787B7B39  esmf_gridcompmod_     Unknown  Unknown
libesmf.so         0000152978B43477  nuopc_driver_mp_l     Unknown  Unknown
No errorforrtl: error (78): process killed (SIGTERM)
Image              PC                Routine            Line        Source             
libpthread-2.28.s  00001529746AB990  Unknown               Unknown  Unknown
libpthread-2.28.s  00001529746AAE20  nanosleep             Unknown  Unknown
libopen-rte.so.40  000015297057044A  orte_show_help_no     Unknown  Unknown
libopen-rte.so.40  00001529705707AC  orte_show_help        Unknown  Unknown
libmpi.so.40.30.7  000015297580900A  PMPI_Abort            Unknown  Unknown
libmpi_mpifh.so    0000152975B532AE  Unknown               Unknown  Unknown
access-om3-MOM6    00000000018C01E7  mpp_error_basic            84  mpp_util_mpi.inc
access-om3-MOM6    00000000007C0936  mom_error                 178  MOM_error_handler.F90
access-om3-MOM6    0000000000871D37  initialize_topogr         166  MOM_shared_initialization.F90
access-om3-MOM6    000000000085AFF2  mom_initialize_to         227  MOM_fixed_initialization.F90
access-om3-MOM6    0000000000859BEB  mom_initialize_fi          85  MOM_fixed_initialization.F90
access-om3-MOM6    000000000056AB2E  initialize_mom           2878  MOM.F90
access-om3-MOM6    000000000053579D  ocean_model_init          283  mom_ocean_model_nuopc.F90
access-om3-MOM6    00000000004F6A9D  initializeadverti         753  mom_cap.F90
libesmf.so         0000152977FFD558  _ZN5ESMCI6FTable1     Unknown  Unknown
libesmf.so         0000152977FFCF9C  ESMCI_FTableCallE     Unknown  Unknown
libesmf.so         000015297833C664  _ZN5ESMCI2VM5ente     Unknown  Unknown
libesmf.so         0000152977FFDC30  c_esmc_ftablecall     Unknown  Unknown
libesmf.so         000015297853C7F8  esmf_compmod_mp_e     Unknown  Unknown
libesmf.so         00001529787B7B39  esmf_gridcompmod_     Unknown  Unknown
libesmf.so         0000152978B43477  nuopc_driver_mp_l     Unknown  Unknown
libesmf.so         0000152978B328C7  nuopc_driver_mp_i     Unknown  Unknown
libesmf.so         0000152977FFD558  _ZN5ESMCI6FTable1     Unknown  Unknown
libesmf.so         0000152977FFCF9C  ESMCI_FTableCallE     Unknown  Unknown
libesmf.so         000015297833C664  _ZN5ESMCI2VM5ente     Unknown  Unknown
lImage              PC                Routine            Line        Source             
access-om3-MOM6    00000000018C01D1  mpp_error_basic            80  mpp_util_mpi.inc
access-om3-MOM6    00000000007C0936  mom_error                 178  MOM_error_handler.F90
access-om3-MOM6    0000000000871D37  initialize_topogr         166  MOM_shared_initialization.F90
access-om3-MOM6    000000000085AFF2  mom_initialize_to         227  MOM_fixed_initialization.F90
access-om3-MOM6    0000000000859BEB  mom_initialize_fi          85  MOM_fixed_initialization.F90
access-om3-MOM6    000000000056AB2E  initialize_mom           2878  MOM.F90
access-om3-MOM6    000000000053579D  ocean_model_init          283  mom_ocean_model_nuopc.F90
access-om3-MOM6    00000000004F6A9D  initializeadverti         753  mom_cap.F90
libesmf.so         00001474BFF2D558  _ZN5ESMCI6FTable1     Unknown  Unknown
libesmf.so         00001474BFF2CF9C  ESMCI_FTableCallE     Unknown  Unknown
libesmf.so         00001474C026C664  _ZN5ESMCI2VM5ente     Unknown  Unknown
libesmf.so         00001474BFF2DC30  c_esmc_ftablecall     Unknown  Unknown
libesmf.so         00001474C046C7F8  esmf_compmod_mp_e     Unknown  Unknown
libesmf.so         00001474C06E7B39  esmf_gridcompmod_     Unknown  Unknown
libesmf.so         00001474C0A73477  nuopc_driver_mp_l     Unknown  Unknown
libesmf.so         00001474C0A628C7  nuopc_driver_mp_i     Unknown  Unknown
libesmf.so         00001474BFF2D558  _ZN5ESMCI6FTable1     Unknown  Unknown
libesmf.so         00001474BFF2CF9C  ESMCI_FTableCallE     Unknown  Unknown
libesmf.so         00001474C026C664  _ZN5ESMCI2VM5ente     Unknown  Unknown
libesmf.so         00001474BFF2DC30  c_esmc_ftablecall     Unknown  Unknown
libesmf.so         00001474C046C7F8  esmf_compmod_mp_e     Unknown  Unknown
libesmf.so         00001474C06E7B39  esmf_gridcompmod_     Unknown  Unknown
libesmf.so         00001474C0A73477  nuopc_driver_mp_l     Unknown  Unknown
libesmf.so         00001474C0A627C3  nuopc_driver_mp_i     Unknown  Unknown
libesmf.so         00001474C0A5946E  nuopc_driver_mp_i     Unknown  Unknown
libesmf.so         00001474BFF2D558  _ZN5ESMCI6FTable1     Unknown  Unknown
libesmf.so         00001474BFF2CF9C  ESMCI_FTableCallE     Unknown  Unknown
libesmf.so         00001474C026C664  _ZN5ESMCI2VM5ente     Unknown  Unknown
libesmf.so         00001474BFF2DC30  c_esmc_ftablecall     Unknown  Unknown
libesmf.so         00001474C046C7F8  esmf_compmod_mp_e     Unknown  Unknown
libesmf.so         00001474C06E7B39  esmf_gridcompmod_     Unknown  Unknown
access-om3-MOM6    00000000004254AD  esmapp                    128  esmApp.F90
access-om3-MOM6    0000000000424EAD  Unknown               Unknown  Unknown
libc-2.28.so       00001474BC22D865  __libc_start_main     Unknown  Unknown
No errorImage              PC                Routine            Line        Source             
access-om3-MOM6    00000000018C01D1  mpp_error_basic            80  mpp_util_mpi.inc
access-om3-MOM6    00000000007C0936  mom_error                 178  MOM_error_handler.F90
access-om3-MOM6    0000000000871D37  initialize_topogr         166  MOM_shared_initialization.F90
access-om3-MOM6    000000000085AFF2  mom_initialize_to         227  MOM_fixed_initialization.F90
access-om3-MOM6    0000000000859BEB  mom_initialize_fi          85  MOM_fixed_initialization.F90
access-om3-MOM6    000000000056AB2E  initialize_mom           2878  MOM.F90
access-om3-MOM6    000000000053579D  ocean_model_init          283  mom_ocean_model_nuopc.F90
access-om3-MOM6    00000000004F6A9D  initializeadverti         753  mom_cap.F90
libesmf.so         00001519C0D33558  _ZN5ESMCI6FTable1     Unknown  Unknown
libesmf.so         00001519C0D32F9C  ESMCI_FTableCallE     Unknown  Unknown
libesmf.so         00001519C1072664  _ZN5ESMCI2VM5ente     Unknown  Unknown
libesmf.so         00001519C0D33C30  c_esmc_ftablecall     Unknown  Unknown
libesmf.so         00001519C12727F8  esmf_compmod_mp_e     Unknown  Unknown
libesmf.so         00001519C14EDB39  esmf_gridcompmod_     Unknown  Unknown
libesmf.so         00001519C1879477  nuopc_driver_mp_l     Unknown  Unknown
libesmf.so         00001519C18688C7  nuopc_driver_mp_i     Unknown  Unknown
libesmf.so         00001519C0D33558  _ZN5ESMCI6FTable1     Unknown  Unknown
libesmf.so         00001519C0D32F9C  ESMCI_FTableCallE     Unknown  Unknown
libesmf.so         00001519C1072664  _ZN5ESMCI2VM5ente     Unknown  Unknown
libesmf.so         00001519C0D33C30  c_esmc_ftablecall     Unknown  Unknown
libesmf.so         00001519C12727F8  esmf_compmod_mp_e     Unknown  Unknown
No errorforrtl: error (78): process killed (SIGTERM)
Image              PC                Routine            Line        Source             
libpthread-2.28.s  00001519BD3E1990  Unknown               Unknown  Unknown
libpthread-2.28.s  00001519BD3E0E20  nanosleep             Unknown  Unknown
libopen-rte.so.40  00001519B92A644A  orte_show_help_no     Unknown  Unknown
libopen-rte.so.40  00001519B92A67AC  orte_show_help        Unknown  Unknown
libmpi.so.40.30.7  00001519BE53F00A  PMPI_Abort            Unknown  Unknown
libmpi_mpifh.so    00001519BE8892AE  Unknown               Unknown  Unknown
access-om3-MOM6    00000000018C01E7  mpp_error_basic            84  mpp_util_mpi.inc
access-om3-MOM6    00000000007C0936  mom_error                 178  MOM_error_handler.F90
access-om3-MOM6    0000000000871D37  initialize_topogr         166  MOM_shared_initialization.F90
access-om3-MOM6    000000000085AFF2  mom_initialize_to         227  MOM_fixed_initialization.F90
access-om3-MOM6    0000000000859BEB  mom_initialize_fi          85  MOM_fixed_initialization.F90
access-om3-MOM6    000000000056AB2E  initialize_mom           2878  MOM.F90
access-om3-MOM6    000000000053579D  ocean_model_init          283  mom_ocean_model_nuopc.F90
access-om3-MOM6    00000000004F6A9D  initializeadverti         753  mom_cap.F90
libesmf.so         00001519C0D33558  _ZN5ESMCI6FTable1     Unknown  Unknown
libesmf.so         00001519C0D32F9C  ESMCI_FTableCallE     Unknown  Unknown
libesmf.so         00001519C1072664  _ZN5ESMCI2VM5ente     Unknown  Unknown
libesmf.so         00001519C0D33C30  c_esmc_ftablecall     Unknown  Unknown
libesmf.so         00001519C12727F8  esmf_compmod_mp_e     Unknown  Unknown
libesmf.so         00001519C14EDB39  esmf_gridcompmod_     Unknown  Unknown
libesmf.so         00001519C1879477  nuopc_driver_mp_l     Unknown  Unknown
libesmf.so         00001519C18688C7  nuopc_driver_mp_i     Unknown  Unknown
libesmf.so         00001519C0D33558  _ZN5ESMCI6FTable1     Unknown  Unknown
libesmf.so         00001519C0D32F9C  ESMCI_FTableCallE     Unknown  Unknown
libesmf.so         00001519C1072664  _ZN5ESMCI2VM5ente     Unknown  Unknown
libesmf.so         00001519C0D33C30  c_esmc_ftablecall     Unknown  Unknown
libesmf.so         00001519C12727F8  esmf_compmod_mp_e     Unknown  Unknown
lImage              PC                Routine            Line        Source             
access-om3-MOM6    00000000018C01D1  mpp_error_basic            80  mpp_util_mpi.inc
access-om3-MOM6    00000000007C0936  mom_error                 178  MOM_error_handler.F90
access-om3-MOM6    0000000000871D37  initialize_topogr         166  MOM_shared_initialization.F90
access-om3-MOM6    000000000085AFF2  mom_initialize_to         227  MOM_fixed_initialization.F90
access-om3-MOM6    0000000000859BEB  mom_initialize_fi          85  MOM_fixed_initialization.F90
access-om3-MOM6    000000000056AB2E  initialize_mom           2878  MOM.F90
access-om3-MOM6    000000000053579D  ocean_model_init          283  mom_ocean_model_nuopc.F90
access-om3-MOM6    00000000004F6A9D  initializeadverti         753  mom_cap.F90
libesmf.so         000014C844E0D558  _ZN5ESMCI6FTable1     Unknown  Unknown
libesmf.so         000014C844E0CF9C  ESMCI_FTableCallE     Unknown  Unknown
libesmf.so         000014C84514C664  _ZN5ESMCI2VM5ente     Unknown  Unknown
libesmf.so         000014C844E0DC30  c_esmc_ftablecall     Unknown  Unknown
libesmf.so         000014C84534C7F8  esmf_compmod_mp_e     Unknown  Unknown
libesmf.so         000014C8455C7B39  esmf_gridcompmod_     Unknown  Unknown
libesmf.so         000014C845953477  nuopc_driver_mp_l     Unknown  Unknown
libesmf.so         000014C8459428C7  nuopc_driver_mp_i     Unknown  Unknown
libesmf.so         000014C844E0D558  _ZN5ESMCI6FTable1     Unknown  Unknown
libesmf.so         000014C844E0CF9C  ESMCI_FTableCallE     Unknown  Unknown
libesmf.so         000014C84514C664  _ZN5ESMCI2VM5ente     Unknown  Unknown
libesmf.so         000014C844E0DC30  c_esmc_ftablecall     Unknown  Unknown
libesmf.so         000014C84534C7F8  esmf_compmod_mp_e     Unknown  Unknown
No errorforrtl: error (78): process killed (SIGTERM)
Image              PC                Routine            Line        Source             
libpthread-2.28.s  000014C8414BB990  Unknown               Unknown  Unknown
libpthread-2.28.s  000014C8414BAE20  nanosleep             Unknown  Unknown
libopen-rte.so.40  000014C83D38044A  orte_show_help_no     Unknown  Unknown
libopen-rte.so.40  000014C83D3807AC  orte_show_help        Unknown  Unknown
libmpi.so.40.30.7  000014C84261900A  PMPI_Abort            Unknown  Unknown
libmpi_mpifh.so    000014C8429632AE  Unknown               Unknown  Unknown
access-om3-MOM6    00000000018C01E7  mpp_error_basic            84  mpp_util_mpi.inc
access-om3-MOM6    00000000007C0936  mom_error                 178  MOM_error_handler.F90
access-om3-MOM6    0000000000871D37  initialize_topogr         166  MOM_shared_initialization.F90
access-om3-MOM6    000000000085AFF2  mom_initialize_to         227  MOM_fixed_initialization.F90
access-om3-MOM6    0000000000859BEB  mom_initialize_fi          85  MOM_fixed_initialization.F90
access-om3-MOM6    000000000056AB2E  initialize_mom           2878  MOM.F90
access-om3-MOM6    000000000053579D  ocean_model_init          283  mom_ocean_model_nuopc.F90
access-om3-MOM6    00000000004F6A9D  initializeadverti         753  mom_cap.F90
libesmf.so         000014C844E0D558  _ZN5ESMCI6FTable1     Unknown  Unknown
libesmf.so         000014C844E0CF9C  ESMCI_FTableCallE     Unknown  Unknown
libesmf.so         000014C84514C664  _ZN5ESMCI2VM5ente     Unknown  Unknown
libesmf.so         000014C844E0DC30  c_esmc_ftablecall     Unknown  Unknown
libesmf.so         000014C84534C7F8  esmf_compmod_mp_e     Unknown  Unknown
libesmf.so         000014C8455C7B39  esmf_gridcompmod_     Unknown  Unknown
libesmf.so         000014C845953477  nuopc_driver_mp_l     Unknown  Unknown
libesmf.so         000014C8459428C7  nuopc_driver_mp_i     Unknown  Unknown
libesmf.so         000014C844E0D558  _ZN5ESMCI6FTable1     Unknown  Unknown
libesmf.so         000014C844E0CF9C  ESMCI_FTableCallE     Unknown  Unknown
libesmf.so         000014C84514C664  _ZN5ESMCI2VM5ente     Unknown  Unknown
libesmf.so         000014C844E0DC30  c_esmc_ftablecall     Unknown  Unknown
libesmf.so         000014C84534C7F8  esmf_compmod_mp_e     Unknown  Unknown
lImage              PC                Routine            Line        Source             
access-om3-MOM6    00000000018C01D1  mpp_error_basic            80  mpp_util_mpi.inc
access-om3-MOM6    00000000007C0936  mom_error                 178  MOM_error_handler.F90
access-om3-MOM6    0000000000871D37  initialize_topogr         166  MOM_shared_initialization.F90
access-om3-MOM6    000000000085AFF2  mom_initialize_to         227  MOM_fixed_initialization.F90
access-om3-MOM6    0000000000859BEB  mom_initialize_fi          85  MOM_fixed_initialization.F90
access-om3-MOM6    000000000056AB2E  initialize_mom           2878  MOM.F90
access-om3-MOM6    000000000053579D  ocean_model_init          283  mom_ocean_model_nuopc.F90
access-om3-MOM6    00000000004F6A9D  initializeadverti         753  mom_cap.F90
libesmf.so         000014B0C9CD0558  _ZN5ESMCI6FTable1     Unknown  Unknown
libesmf.so         000014B0C9CCFF9C  ESMCI_FTableCallE     Unknown  Unknown
libesmf.so         000014B0CA00F664  _ZN5ESMCI2VM5ente     Unknown  Unknown
libesmf.so         000014B0C9CD0C30  c_esmc_ftablecall     Unknown  Unknown
libesmf.so         000014B0CA20F7F8  esmf_compmod_mp_e     Unknown  Unknown
libesmf.so         000014B0CA48AB39  esmf_gridcompmod_     Unknown  Unknown
libesmf.so         000014B0CA816477  nuopc_driver_mp_l     Unknown  Unknown
libesmf.so         000014B0CA8058C7  nuopc_driver_mp_i     Unknown  Unknown
libesmf.so         000014B0C9CD0558  _ZN5ESMCI6FTable1     Unknown  Unknown
libesmf.so         000014B0C9CCFF9C  ESMCI_FTableCallE     Unknown  Unknown
libesmf.so         000014B0CA00F664  _ZN5ESMCI2VM5ente     Unknown  Unknown
libesmf.so         000014B0C9CD0C30  c_esmc_ftablecall     Unknown  Unknown
libesmf.so         000014B0CA20F7F8  esmf_compmod_mp_e     Unknown  Unknown
No errorforrtl: error (78): process killed (SIGTERM)
Image              PC                Routine            Line        Source             
libpthread-2.28.s  000014B0C637E990  Unknown               Unknown  Unknown
libpthread-2.28.s  000014B0C637DE20  nanosleep             Unknown  Unknown
libopen-rte.so.40  000014B0C224344A  orte_show_help_no     Unknown  Unknown
libopen-rte.so.40  000014B0C22437AC  orte_show_help        Unknown  Unknown
libmpi.so.40.30.7  000014B0C74DC00A  PMPI_Abort            Unknown  Unknown
libmpi_mpifh.so    000014B0C78262AE  Unknown               Unknown  Unknown
access-om3-MOM6    00000000018C01E7  mpp_error_basic            84  mpp_util_mpi.inc
access-om3-MOM6    00000000007C0936  mom_error                 178  MOM_error_handler.F90
access-om3-MOM6    0000000000871D37  initialize_topogr         166  MOM_shared_initialization.F90
access-om3-MOM6    000000000085AFF2  mom_initialize_to         227  MOM_fixed_initialization.F90
access-om3-MOM6    0000000000859BEB  mom_initialize_fi          85  MOM_fixed_initialization.F90
access-om3-MOM6    000000000056AB2E  initialize_mom           2878  MOM.F90
access-om3-MOM6    000000000053579D  ocean_model_init          283  mom_ocean_model_nuopc.F90
access-om3-MOM6    00000000004F6A9D  initializeadverti         753  mom_cap.F90
libesmf.so         000014B0C9CD0558  _ZN5ESMCI6FTable1     Unknown  Unknown
libesmf.so         000014B0C9CCFF9C  ESMCI_FTableCallE     Unknown  Unknown
libesmf.so         000014B0CA00F664  _ZN5ESMCI2VM5ente     Unknown  Unknown
libesmf.so         000014B0C9CD0C30  c_esmc_ftablecall     Unknown  Unknown
libesmf.so         000014B0CA20F7F8  esmf_compmod_mp_e     Unknown  Unknown
libesmf.so         000014B0CA48AB39  esmf_gridcompmod_     Unknown  Unknown
libesmf.so         000014B0CA816477  nuopc_driver_mp_l     Unknown  Unknown
libesmf.so         000014B0CA8058C7  nuopc_driver_mp_i     Unknown  Unknown
libesmf.so         000014B0C9CD0558  _ZN5ESMCI6FTable1     Unknown  Unknown
libesmf.so         000014B0C9CCFF9C  ESMCI_FTableCallE     Unknown  Unknown
libesmf.so         000014B0CA00F664  _ZN5ESMCI2VM5ente     Unknown  Unknown
libesmf.so         000014B0C9CD0C30  c_esmc_ftablecall     Unknown  Unknown
libesmf.so         000014B0CA20F7F8  esmf_compmod_mp_e     Unknown  Unknown
lImage              PC                Routine            Line        Source             
access-om3-MOM6    00000000018C01D1  mpp_error_basic            80  mpp_util_mpi.inc
access-om3-MOM6    00000000007C0936  mom_error                 178  MOM_error_handler.F90
access-om3-MOM6    0000000000871D37  initialize_topogr         166  MOM_shared_initialization.F90
access-om3-MOM6    000000000085AFF2  mom_initialize_to         227  MOM_fixed_initialization.F90
access-om3-MOM6    0000000000859BEB  mom_initialize_fi          85  MOM_fixed_initialization.F90
access-om3-MOM6    000000000056AB2E  initialize_mom           2878  MOM.F90
access-om3-MOM6    000000000053579D  ocean_model_init          283  mom_ocean_model_nuopc.F90
access-om3-MOM6    00000000004F6A9D  initializeadverti         753  mom_cap.F90
libesmf.so         000014AE2741F558  _ZN5ESMCI6FTable1     Unknown  Unknown
libesmf.so         000014AE2741EF9C  ESMCI_FTableCallE     Unknown  Unknown
libesmf.so         000014AE2775E664  _ZN5ESMCI2VM5ente     Unknown  Unknown
libesmf.so         000014AE2741FC30  c_esmc_ftablecall     Unknown  Unknown
libesmf.so         000014AE2795E7F8  esmf_compmod_mp_e     Unknown  Unknown
libesmf.so         000014AE27BD9B39  esmf_gridcompmod_     Unknown  Unknown
libesmf.so         000014AE27F65477  nuopc_driver_mp_l     Unknown  Unknown
libesmf.so         000014AE27F548C7  nuopc_driver_mp_i     Unknown  Unknown
libesmf.so         000014AE2741F558  _ZN5ESMCI6FTable1     Unknown  Unknown
libesmf.so         000014AE2741EF9C  ESMCI_FTableCallE     Unknown  Unknown
libesmf.so         000014AE2775E664  _ZN5ESMCI2VM5ente     Unknown  Unknown
libesmf.so         000014AE2741FC30  c_esmc_ftablecall     Unknown  Unknown
libesmf.so         000014AE2795E7F8  esmf_compmod_mp_e     Unknown  Unknown
libesmf.so         000014AE27BD9B39  esmf_gridcompmod_     Unknown  Unknown
libesmf.so         000014AE27F65477  nuopc_driver_mp_l     Unknown  Unknown
libesmf.so         000014AE27F547C3  nuopc_driver_mp_i     Unknown  Unknown
No errorforrtl: error (78): process killed (SIGTERM)
Image              PC                Routine            Line        Source             
libpthread-2.28.s  000014AE23ACD990  Unknown               Unknown  Unknown
libpthread-2.28.s  000014AE23ACCE20  nanosleep             Unknown  Unknown
libopen-rte.so.40  000014AE1F99244A  orte_show_help_no     Unknown  Unknown
libopen-rte.so.40  000014AE1F9927AC  orte_show_help        Unknown  Unknown
libmpi.so.40.30.7  000014AE24C2B00A  PMPI_Abort            Unknown  Unknown
libmpi_mpifh.so    000014AE24F752AE  Unknown               Unknown  Unknown
access-om3-MOM6    00000000018C01E7  mpp_error_basic            84  mpp_util_mpi.inc
access-om3-MOM6    00000000007C0936  mom_error                 178  MOM_error_handler.F90
access-om3-MOM6    0000000000871D37  initialize_topogr         166  MOM_shared_initialization.F90
access-om3-MOM6    000000000085AFF2  mom_initialize_to         227  MOM_fixed_initialization.F90
access-om3-MOM6    0000000000859BEB  mom_initialize_fi          85  MOM_fixed_initialization.F90
access-om3-MOM6    000000000056AB2E  initialize_mom           2878  MOM.F90
access-om3-MOM6    000000000053579D  ocean_model_init          283  mom_ocean_model_nuopc.F90
access-om3-MOM6    00000000004F6A9D  initializeadverti         753  mom_cap.F90
libesmf.so         000014AE2741F558  _ZN5ESMCI6FTable1     Unknown  Unknown
libesmf.so         000014AE2741EF9C  ESMCI_FTableCallE     Unknown  Unknown
libesmf.so         000014AE2775E664  _ZN5ESMCI2VM5ente     Unknown  Unknown
libesmf.so         000014AE2741FC30  c_esmc_ftablecall     Unknown  Unknown
libesmf.so         000014AE2795E7F8  esmf_compmod_mp_e     Unknown  Unknown
libesmf.so         000014AE27BD9B39  esmf_gridcompmod_     Unknown  Unknown
libesmf.so         000014AE27F65477  nuopc_driver_mp_l     Unknown  Unknown
libesmf.so         000014AE27F548C7  nuopc_driver_mp_i     Unknown  Unknown
libesmf.so         000014AE2741F558  _ZN5ESMCI6FTable1     Unknown  Unknown
libesmf.so         000014AE2741EF9C  ESMCI_FTableCallE     Unknown  Unknown
lImage              PC                Routine            Line        Source             
access-om3-MOM6    00000000018C01D1  mpp_error_basic            80  mpp_util_mpi.inc
access-om3-MOM6    00000000007C0936  mom_error                 178  MOM_error_handler.F90
access-om3-MOM6    0000000000871D37  initialize_topogr         166  MOM_shared_initialization.F90
access-om3-MOM6    000000000085AFF2  mom_initialize_to         227  MOM_fixed_initialization.F90
access-om3-MOM6    0000000000859BEB  mom_initialize_fi          85  MOM_fixed_initialization.F90
access-om3-MOM6    000000000056AB2E  initialize_mom           2878  MOM.F90
access-om3-MOM6    000000000053579D  ocean_model_init          283  mom_ocean_model_nuopc.F90
access-om3-MOM6    00000000004F6A9D  initializeadverti         753  mom_cap.F90
libesmf.so         000014B185E3E558  _ZN5ESMCI6FTable1     Unknown  Unknown
libesmf.so         000014B185E3DF9C  ESMCI_FTableCallE     Unknown  Unknown
libesmf.so         000014B18617D664  _ZN5ESMCI2VM5ente     Unknown  Unknown
libesmf.so         000014B185E3EC30  c_esmc_ftablecall     Unknown  Unknown
libesmf.so         000014B18637D7F8  esmf_compmod_mp_e     Unknown  Unknown
libesmf.so         000014B1865F8B39  esmf_gridcompmod_     Unknown  Unknown
libesmf.so         000014B186984477  nuopc_driver_mp_l     Unknown  Unknown
libesmf.so         000014B1869738C7  nuopc_driver_mp_i     Unknown  Unknown
libesmf.so         000014B185E3E558  _ZN5ESMCI6FTable1     Unknown  Unknown
libesmf.so         000014B185E3DF9C  ESMCI_FTableCallE     Unknown  Unknown
libesmf.so         000014B18617D664  _ZN5ESMCI2VM5ente     Unknown  Unknown
libesmf.so         000014B185E3EC30  c_esmc_ftablecall     Unknown  Unknown
libesmf.so         000014B18637D7F8  esmf_compmod_mp_e     Unknown  Unknown
libesmf.so         000014B1865F8B39  esmf_gridcompmod_     Unknown  Unknown
libesmf.so         000014B186984477  nuopc_driver_mp_l     Unknown  Unknown
libesmf.so         000014B1869737C3  nuopc_driver_mp_i     Unknown  Unknown
libesmf.so         000014B18696A46E  nuopc_driver_mp_i     Unknown  Unknown
libesmf.so         000014B185E3E558  _ZN5ESMCI6FTable1     Unknown  Unknown
libesmf.so         000014B185E3DF9C  ESMCI_FTableCallE     Unknown  Unknown
No errorforrtl: error (78): process killed (SIGTERM)
Image              PC                Routine            Line        Source             
libpthread-2.28.s  000014B1824EC990  Unknown               Unknown  Unknown
libpthread-2.28.s  000014B1824EBE20  nanosleep             Unknown  Unknown
libopen-rte.so.40  000014B17E3B144A  orte_show_help_no     Unknown  Unknown
libopen-rte.so.40  000014B17E3B17AC  orte_show_help        Unknown  Unknown
libmpi.so.40.30.7  000014B18364A00A  PMPI_Abort            Unknown  Unknown
libmpi_mpifh.so    000014B1839942AE  Unknown               Unknown  Unknown
access-om3-MOM6    00000000018C01E7  mpp_error_basic            84  mpp_util_mpi.inc
access-om3-MOM6    00000000007C0936  mom_error                 178  MOM_error_handler.F90
access-om3-MOM6    0000000000871D37  initialize_topogr         166  MOM_shared_initialization.F90
access-om3-MOM6    000000000085AFF2  mom_initialize_to         227  MOM_fixed_initialization.F90
access-om3-MOM6    0000000000859BEB  mom_initialize_fi          85  MOM_fixed_initialization.F90
access-om3-MOM6    000000000056AB2E  initialize_mom           2878  MOM.F90
access-om3-MOM6    000000000053579D  ocean_model_init          283  mom_ocean_model_nuopc.F90
access-om3-MOM6    00000000004F6A9D  initializeadverti         753  mom_cap.F90
libesmf.so         000014B185E3E558  _ZN5ESMCI6FTable1     Unknown  Unknown
libesmf.so         000014B185E3DF9C  ESMCI_FTableCallE     Unknown  Unknown
libesmf.so         000014B18617D664  _ZN5ESMCI2VM5ente     Unknown  Unknown
libesmf.so         000014B185E3EC30  c_esmc_ftablecall     Unknown  Unknown
libesmf.so         000014B18637D7F8  esmf_compmod_mp_e     Unknown  Unknown
libesmf.so         000014B1865F8B39  esmf_gridcompmod_     Unknown  Unknown
libesmf.so         000014B186984477  nuopc_driver_mp_l     Unknown  Unknown
lImage              PC                Routine            Line        Source             
access-om3-MOM6    00000000018C01D1  mpp_error_basic            80  mpp_util_mpi.inc
access-om3-MOM6    00000000007C0936  mom_error                 178  MOM_error_handler.F90
access-om3-MOM6    0000000000871D37  initialize_topogr         166  MOM_shared_initialization.F90
access-om3-MOM6    000000000085AFF2  mom_initialize_to         227  MOM_fixed_initialization.F90
access-om3-MOM6    0000000000859BEB  mom_initialize_fi          85  MOM_fixed_initialization.F90
access-om3-MOM6    000000000056AB2E  initialize_mom           2878  MOM.F90
access-om3-MOM6    000000000053579D  ocean_model_init          283  mom_ocean_model_nuopc.F90
access-om3-MOM6    00000000004F6A9D  initializeadverti         753  mom_cap.F90
libesmf.so         000014B073184558  _ZN5ESMCI6FTable1     Unknown  Unknown
libesmf.so         000014B073183F9C  ESMCI_FTableCallE     Unknown  Unknown
libesmf.so         000014B0734C3664  _ZN5ESMCI2VM5ente     Unknown  Unknown
libesmf.so         000014B073184C30  c_esmc_ftablecall     Unknown  Unknown
libesmf.so         000014B0736C37F8  esmf_compmod_mp_e     Unknown  Unknown
libesmf.so         000014B07393EB39  esmf_gridcompmod_     Unknown  Unknown
libesmf.so         000014B073CCA477  nuopc_driver_mp_l     Unknown  Unknown
libesmf.so         000014B073CB98C7  nuopc_driver_mp_i     Unknown  Unknown
libesmf.so         000014B073184558  _ZN5ESMCI6FTable1     Unknown  Unknown
libesmf.so         000014B073183F9C  ESMCI_FTableCallE     Unknown  Unknown
libesmf.so         000014B0734C3664  _ZN5ESMCI2VM5ente     Unknown  Unknown
libesmf.so         000014B073184C30  c_esmc_ftablecall     Unknown  Unknown
libesmf.so         000014B0736C37F8  esmf_compmod_mp_e     Unknown  Unknown
No errorforrtl: error (78): process killed (SIGTERM)
Image              PC                Routine            Line        Source             
libpthread-2.28.s  000014B06F832990  Unknown               Unknown  Unknown
libpthread-2.28.s  000014B06F831E20  nanosleep             Unknown  Unknown
libopen-rte.so.40  000014B06B6F744A  orte_show_help_no     Unknown  Unknown
libopen-rte.so.40  000014B06B6F77AC  orte_show_help        Unknown  Unknown
libmpi.so.40.30.7  000014B07099000A  PMPI_Abort            Unknown  Unknown
libmpi_mpifh.so    000014B070CDA2AE  Unknown               Unknown  Unknown
access-om3-MOM6    00000000018C01E7  mpp_error_basic            84  mpp_util_mpi.inc
access-om3-MOM6    00000000007C0936  mom_error                 178  MOM_error_handler.F90
access-om3-MOM6    0000000000871D37  initialize_topogr         166  MOM_shared_initialization.F90
access-om3-MOM6    000000000085AFF2  mom_initialize_to         227  MOM_fixed_initialization.F90
access-om3-MOM6    0000000000859BEB  mom_initialize_fi          85  MOM_fixed_initialization.F90
access-om3-MOM6    000000000056AB2E  initialize_mom           2878  MOM.F90
access-om3-MOM6    000000000053579D  ocean_model_init          283  mom_ocean_model_nuopc.F90
access-om3-MOM6    00000000004F6A9D  initializeadverti         753  mom_cap.F90
libesmf.so         000014B073184558  _ZN5ESMCI6FTable1     Unknown  Unknown
libesmf.so         000014B073183F9C  ESMCI_FTableCallE     Unknown  Unknown
libesmf.so         000014B0734C3664  _ZN5ESMCI2VM5ente     Unknown  Unknown
libesmf.so         000014B073184C30  c_esmc_ftablecall     Unknown  Unknown
libesmf.so         000014B0736C37F8  esmf_compmod_mp_e     Unknown  Unknown
libesmf.so         000014B07393EB39  esmf_gridcompmod_     Unknown  Unknown
libesmf.so         000014B073CCA477  nuopc_driver_mp_l     Unknown  Unknown
libesmf.so         000014B073CB98C7  nuopc_driver_mp_i     Unknown  Unknown
libesmf.so         000014B073184558  _ZN5ESMCI6FTable1     Unknown  Unknown
libesmf.so         000014B073183F9C  ESMCI_FTableCallE     Unknown  Unknown
libesmf.so         000014B0734C3664  _ZN5ESMCI2VM5ente     Unknown  Unknown
libesmf.so         000014B073184C30  c_esmc_ftablecall     Unknown  Unknown
libesmf.so         000014B0736C37F8  esmf_compmod_mp_e     Unknown  Unknown
lImage              PC                Routine            Line        Source             
access-om3-MOM6    00000000018C01D1  mpp_error_basic            80  mpp_util_mpi.inc
access-om3-MOM6    00000000007C0936  mom_error                 178  MOM_error_handler.F90
access-om3-MOM6    0000000000871D37  initialize_topogr         166  MOM_shared_initialization.F90
access-om3-MOM6    000000000085AFF2  mom_initialize_to         227  MOM_fixed_initialization.F90
access-om3-MOM6    0000000000859BEB  mom_initialize_fi          85  MOM_fixed_initialization.F90
access-om3-MOM6    000000000056AB2E  initialize_mom           2878  MOM.F90
access-om3-MOM6    000000000053579D  ocean_model_init          283  mom_ocean_model_nuopc.F90
access-om3-MOM6    00000000004F6A9D  initializeadverti         753  mom_cap.F90
libesmf.so         000014B0F7840558  _ZN5ESMCI6FTable1     Unknown  Unknown
libesmf.so         000014B0F783FF9C  ESMCI_FTableCallE     Unknown  Unknown
libesmf.so         000014B0F7B7F664  _ZN5ESMCI2VM5ente     Unknown  Unknown
libesmf.so         000014B0F7840C30  c_esmc_ftablecall     Unknown  Unknown
libesmf.so         000014B0F7D7F7F8  esmf_compmod_mp_e     Unknown  Unknown
libesmf.so         000014B0F7FFAB39  esmf_gridcompmod_     Unknown  Unknown
libesmf.so         000014B0F8386477  nuopc_driver_mp_l     Unknown  Unknown
libesmf.so         000014B0F83758C7  nuopc_driver_mp_i     Unknown  Unknown
libesmf.so         000014B0F7840558  _ZN5ESMCI6FTable1     Unknown  Unknown
libesmf.so         000014B0F783FF9C  ESMCI_FTableCallE     Unknown  Unknown
libesmf.so         000014B0F7B7F664  _ZN5ESMCI2VM5ente     Unknown  Unknown
libesmf.so         000014B0F7840C30  c_esmc_ftablecall     Unknown  Unknown
libesmf.so         000014B0F7D7F7F8  esmf_compmod_mp_e     Unknown  Unknown
No errorforrtl: error (78): process killed (SIGTERM)
Image              PC                Routine            Line        Source             
libpthread-2.28.s  000014B0F3EEE990  Unknown               Unknown  Unknown
libpthread-2.28.s  000014B0F3EEDE20  nanosleep             Unknown  Unknown
libopen-rte.so.40  000014B0EFDB344A  orte_show_help_no     Unknown  Unknown
libopen-rte.so.40  000014B0EFDB37AC  orte_show_help        Unknown  Unknown
libmpi.so.40.30.7  000014B0F504C00A  PMPI_Abort            Unknown  Unknown
libmpi_mpifh.so    000014B0F53962AE  Unknown               Unknown  Unknown
access-om3-MOM6    00000000018C01E7  mpp_error_basic            84  mpp_util_mpi.inc
access-om3-MOM6    00000000007C0936  mom_error                 178  MOM_error_handler.F90
access-om3-MOM6    0000000000871D37  initialize_topogr         166  MOM_shared_initialization.F90
access-om3-MOM6    000000000085AFF2  mom_initialize_to         227  MOM_fixed_initialization.F90
access-om3-MOM6    0000000000859BEB  mom_initialize_fi          85  MOM_fixed_initialization.F90
access-om3-MOM6    000000000056AB2E  initialize_mom           2878  MOM.F90
access-om3-MOM6    000000000053579D  ocean_model_init          283  mom_ocean_model_nuopc.F90
access-om3-MOM6    00000000004F6A9D  initializeadverti         753  mom_cap.F90
libesmf.so         000014B0F7840558  _ZN5ESMCI6FTable1     Unknown  Unknown
libesmf.so         000014B0F783FF9C  ESMCI_FTableCallE     Unknown  Unknown
libesmf.so         000014B0F7B7F664  _ZN5ESMCI2VM5ente     Unknown  Unknown
libesmf.so         000014B0F7840C30  c_esmc_ftablecall     Unknown  Unknown
libesmf.so         000014B0F7D7F7F8  esmf_compmod_mp_e     Unknown  Unknown
libesmf.so         000014B0F7FFAB39  esmf_gridcompmod_     Unknown  Unknown
libesmf.so         000014B0F8386477  nuopc_driver_mp_l     Unknown  Unknown
libesmf.so         000014B0F83758C7  nuopc_driver_mp_i     Unknown  Unknown
libesmf.so         000014B0F7840558  _ZN5ESMCI6FTable1     Unknown  Unknown
libesmf.so         000014B0F783FF9C  ESMCI_FTableCallE     Unknown  Unknown
libesmf.so         000014B0F7B7F664  _ZN5ESMCI2VM5ente     Unknown  Unknown
libesmf.so         000014B0F7840C30  c_esmc_ftablecall     Unknown  Unknown
libesmf.so         000014B0F7D7F7F8  esmf_compmod_mp_e     Unknown  Unknown
lImage              PC                Routine            Line        Source             
access-om3-MOM6    00000000018C01D1  mpp_error_basic            80  mpp_util_mpi.inc
access-om3-MOM6    00000000007C0936  mom_error                 178  MOM_error_handler.F90
access-om3-MOM6    0000000000871D37  initialize_topogr         166  MOM_shared_initialization.F90
access-om3-MOM6    000000000085AFF2  mom_initialize_to         227  MOM_fixed_initialization.F90
access-om3-MOM6    0000000000859BEB  mom_initialize_fi          85  MOM_fixed_initialization.F90
access-om3-MOM6    000000000056AB2E  initialize_mom           2878  MOM.F90
access-om3-MOM6    000000000053579D  ocean_model_init          283  mom_ocean_model_nuopc.F90
access-om3-MOM6    00000000004F6A9D  initializeadverti         753  mom_cap.F90
libesmf.so         000014C141003558  _ZN5ESMCI6FTable1     Unknown  Unknown
libesmf.so         000014C141002F9C  ESMCI_FTableCallE     Unknown  Unknown
libesmf.so         000014C141342664  _ZN5ESMCI2VM5ente     Unknown  Unknown
libesmf.so         000014C141003C30  c_esmc_ftablecall     Unknown  Unknown
libesmf.so         000014C1415427F8  esmf_compmod_mp_e     Unknown  Unknown
libesmf.so         000014C1417BDB39  esmf_gridcompmod_     Unknown  Unknown
libesmf.so         000014C141B49477  nuopc_driver_mp_l     Unknown  Unknown
libesmf.so         000014C141B388C7  nuopc_driver_mp_i     Unknown  Unknown
libesmf.so         000014C141003558  _ZN5ESMCI6FTable1     Unknown  Unknown
libesmf.so         000014C141002F9C  ESMCI_FTableCallE     Unknown  Unknown
libesmf.so         000014C141342664  _ZN5ESMCI2VM5ente     Unknown  Unknown
libesmf.so         000014C141003C30  c_esmc_ftablecall     Unknown  Unknown
libesmf.so         000014C1415427F8  esmf_compmod_mp_e     Unknown  Unknown
libesmf.so         000014C1417BDB39  esmf_gridcompmod_     Unknown  Unknown
libesmf.so         000014C141B49477  nuopc_driver_mp_l     Unknown  Unknown
libesmf.so         000014C141B387C3  nuopc_driver_mp_i     Unknown  Unknown
No errorforrtl: error (78): process killed (SIGTERM)
Image              PC                Routine            Line        Source             
libpthread-2.28.s  000014C13D6B1990  Unknown               Unknown  Unknown
libpthread-2.28.s  000014C13D6B0E20  nanosleep             Unknown  Unknown
libopen-rte.so.40  000014C13957644A  orte_show_help_no     Unknown  Unknown
libopen-rte.so.40  000014C1395767AC  orte_show_help        Unknown  Unknown
libmpi.so.40.30.7  000014C13E80F00A  PMPI_Abort            Unknown  Unknown
libmpi_mpifh.so    000014C13EB592AE  Unknown               Unknown  Unknown
access-om3-MOM6    00000000018C01E7  mpp_error_basic            84  mpp_util_mpi.inc
access-om3-MOM6    00000000007C0936  mom_error                 178  MOM_error_handler.F90
access-om3-MOM6    0000000000871D37  initialize_topogr         166  MOM_shared_initialization.F90
access-om3-MOM6    000000000085AFF2  mom_initialize_to         227  MOM_fixed_initialization.F90
access-om3-MOM6    0000000000859BEB  mom_initialize_fi          85  MOM_fixed_initialization.F90
access-om3-MOM6    000000000056AB2E  initialize_mom           2878  MOM.F90
access-om3-MOM6    000000000053579D  ocean_model_init          283  mom_ocean_model_nuopc.F90
access-om3-MOM6    00000000004F6A9D  initializeadverti         753  mom_cap.F90
libesmf.so         000014C141003558  _ZN5ESMCI6FTable1     Unknown  Unknown
libesmf.so         000014C141002F9C  ESMCI_FTableCallE     Unknown  Unknown
libesmf.so         000014C141342664  _ZN5ESMCI2VM5ente     Unknown  Unknown
libesmf.so         000014C141003C30  c_esmc_ftablecall     Unknown  Unknown
libesmf.so         000014C1415427F8  esmf_compmod_mp_e     Unknown  Unknown
libesmf.so         000014C1417BDB39  esmf_gridcompmod_     Unknown  Unknown
libesmf.so         000014C141B49477  nuopc_driver_mp_l     Unknown  Unknown
libesmf.so         000014C141B388C7  nuopc_driver_mp_i     Unknown  Unknown
libesmf.so         000014C141003558  _ZN5ESMCI6FTable1     Unknown  Unknown
libesmf.so         000014C141002F9C  ESMCI_FTableCallE     Unknown  Unknown
lImage              PC                Routine            Line        Source             
access-om3-MOM6    00000000018C01D1  mpp_error_basic            80  mpp_util_mpi.inc
access-om3-MOM6    00000000007C0936  mom_error                 178  MOM_error_handler.F90
access-om3-MOM6    0000000000871D37  initialize_topogr         166  MOM_shared_initialization.F90
access-om3-MOM6    000000000085AFF2  mom_initialize_to         227  MOM_fixed_initialization.F90
access-om3-MOM6    0000000000859BEB  mom_initialize_fi          85  MOM_fixed_initialization.F90
access-om3-MOM6    000000000056AB2E  initialize_mom           2878  MOM.F90
access-om3-MOM6    000000000053579D  ocean_model_init          283  mom_ocean_model_nuopc.F90
access-om3-MOM6    00000000004F6A9D  initializeadverti         753  mom_cap.F90
libesmf.so         000014CB5E0DC558  _ZN5ESMCI6FTable1     Unknown  Unknown
libesmf.so         000014CB5E0DBF9C  ESMCI_FTableCallE     Unknown  Unknown
libesmf.so         000014CB5E41B664  _ZN5ESMCI2VM5ente     Unknown  Unknown
libesmf.so         000014CB5E0DCC30  c_esmc_ftablecall     Unknown  Unknown
libesmf.so         000014CB5E61B7F8  esmf_compmod_mp_e     Unknown  Unknown
libesmf.so         000014CB5E896B39  esmf_gridcompmod_     Unknown  Unknown
libesmf.so         000014CB5EC22477  nuopc_driver_mp_l     Unknown  Unknown
libesmf.so         000014CB5EC118C7  nuopc_driver_mp_i     Unknown  Unknown
libesmf.so         000014CB5E0DC558  _ZN5ESMCI6FTable1     Unknown  Unknown
libesmf.so         000014CB5E0DBF9C  ESMCI_FTableCallE     Unknown  Unknown
libesmf.so         000014CB5E41B664  _ZN5ESMCI2VM5ente     Unknown  Unknown
libesmf.so         000014CB5E0DCC30  c_esmc_ftablecall     Unknown  Unknown
libesmf.so         000014CB5E61B7F8  esmf_compmod_mp_e     Unknown  Unknown
libesmf.so         000014CB5E896B39  esmf_gridcompmod_     Unknown  Unknown
libesmf.so         000014CB5EC22477  nuopc_driver_mp_l     Unknown  Unknown
libesmf.so         000014CB5EC117C3  nuopc_driver_mp_i     Unknown  Unknown
libesmf.so         000014CB5EC0846E  nuopc_driver_mp_i     Unknown  Unknown
libesmf.so         000014CB5E0DC558  _ZN5ESMCI6FTable1     Unknown  Unknown
libesmf.so         000014CB5E0DBF9C  ESMCI_FTableCallE     Unknown  Unknown
No errorforrtl: error (78): process killed (SIGTERM)
Image              PC                Routine            Line        Source             
libpthread-2.28.s  000014CB5A78A990  Unknown               Unknown  Unknown
libpthread-2.28.s  000014CB5A789E20  nanosleep             Unknown  Unknown
libopen-rte.so.40  000014CB5664F44A  orte_show_help_no     Unknown  Unknown
libopen-rte.so.40  000014CB5664F7AC  orte_show_help        Unknown  Unknown
libmpi.so.40.30.7  000014CB5B8E800A  PMPI_Abort            Unknown  Unknown
libmpi_mpifh.so    000014CB5BC322AE  Unknown               Unknown  Unknown
access-om3-MOM6    00000000018C01E7  mpp_error_basic            84  mpp_util_mpi.inc
access-om3-MOM6    00000000007C0936  mom_error                 178  MOM_error_handler.F90
access-om3-MOM6    0000000000871D37  initialize_topogr         166  MOM_shared_initialization.F90
access-om3-MOM6    000000000085AFF2  mom_initialize_to         227  MOM_fixed_initialization.F90
access-om3-MOM6    0000000000859BEB  mom_initialize_fi          85  MOM_fixed_initialization.F90
access-om3-MOM6    000000000056AB2E  initialize_mom           2878  MOM.F90
access-om3-MOM6    000000000053579D  ocean_model_init          283  mom_ocean_model_nuopc.F90
access-om3-MOM6    00000000004F6A9D  initializeadverti         753  mom_cap.F90
libesmf.so         000014CB5E0DC558  _ZN5ESMCI6FTable1     Unknown  Unknown
libesmf.so         000014CB5E0DBF9C  ESMCI_FTableCallE     Unknown  Unknown
libesmf.so         000014CB5E41B664  _ZN5ESMCI2VM5ente     Unknown  Unknown
libesmf.so         000014CB5E0DCC30  c_esmc_ftablecall     Unknown  Unknown
libesmf.so         000014CB5E61B7F8  esmf_compmod_mp_e     Unknown  Unknown
libesmf.so         000014CB5E896B39  esmf_gridcompmod_     Unknown  Unknown
libesmf.so         000014CB5EC22477  nuopc_driver_mp_l     Unknown  Unknown
lImage              PC                Routine            Line        Source             
access-om3-MOM6    00000000018C01D1  mpp_error_basic            80  mpp_util_mpi.inc
access-om3-MOM6    00000000007C0936  mom_error                 178  MOM_error_handler.F90
access-om3-MOM6    0000000000871D37  initialize_topogr         166  MOM_shared_initialization.F90
access-om3-MOM6    000000000085AFF2  mom_initialize_to         227  MOM_fixed_initialization.F90
access-om3-MOM6    0000000000859BEB  mom_initialize_fi          85  MOM_fixed_initialization.F90
access-om3-MOM6    000000000056AB2E  initialize_mom           2878  MOM.F90
access-om3-MOM6    000000000053579D  ocean_model_init          283  mom_ocean_model_nuopc.F90
access-om3-MOM6    00000000004F6A9D  initializeadverti         753  mom_cap.F90
libesmf.so         000015403936B558  _ZN5ESMCI6FTable1     Unknown  Unknown
libesmf.so         000015403936AF9C  ESMCI_FTableCallE     Unknown  Unknown
libesmf.so         00001540396AA664  _ZN5ESMCI2VM5ente     Unknown  Unknown
libesmf.so         000015403936BC30  c_esmc_ftablecall     Unknown  Unknown
libesmf.so         00001540398AA7F8  esmf_compmod_mp_e     Unknown  Unknown
libesmf.so         0000154039B25B39  esmf_gridcompmod_     Unknown  Unknown
libesmf.so         0000154039EB1477  nuopc_driver_mp_l     Unknown  Unknown
libesmf.so         0000154039EA08C7  nuopc_driver_mp_i     Unknown  Unknown
libesmf.so         000015403936B558  _ZN5ESMCI6FTable1     Unknown  Unknown
libesmf.so         000015403936AF9C  ESMCI_FTableCallE     Unknown  Unknown
libesmf.so         00001540396AA664  _ZN5ESMCI2VM5ente     Unknown  Unknown
libesmf.so         000015403936BC30  c_esmc_ftablecall     Unknown  Unknown
libesmf.so         00001540398AA7F8  esmf_compmod_mp_e     Unknown  Unknown
No errorforrtl: error (78): process killed (SIGTERM)
Image              PC                Routine            Line        Source             
libpthread-2.28.s  0000154035A19990  Unknown               Unknown  Unknown
libpthread-2.28.s  0000154035A18E20  nanosleep             Unknown  Unknown
libopen-rte.so.40  00001540318DE44A  orte_show_help_no     Unknown  Unknown
libopen-rte.so.40  00001540318DE7AC  orte_show_help        Unknown  Unknown
libmpi.so.40.30.7  0000154036B7700A  PMPI_Abort            Unknown  Unknown
libmpi_mpifh.so    0000154036EC12AE  Unknown               Unknown  Unknown
access-om3-MOM6    00000000018C01E7  mpp_error_basic            84  mpp_util_mpi.inc
access-om3-MOM6    00000000007C0936  mom_error                 178  MOM_error_handler.F90
access-om3-MOM6    0000000000871D37  initialize_topogr         166  MOM_shared_initialization.F90
access-om3-MOM6    000000000085AFF2  mom_initialize_to         227  MOM_fixed_initialization.F90
access-om3-MOM6    0000000000859BEB  mom_initialize_fi          85  MOM_fixed_initialization.F90
access-om3-MOM6    000000000056AB2E  initialize_mom           2878  MOM.F90
access-om3-MOM6    000000000053579D  ocean_model_init          283  mom_ocean_model_nuopc.F90
access-om3-MOM6    00000000004F6A9D  initializeadverti         753  mom_cap.F90
libesmf.so         000015403936B558  _ZN5ESMCI6FTable1     Unknown  Unknown
libesmf.so         000015403936AF9C  ESMCI_FTableCallE     Unknown  Unknown
libesmf.so         00001540396AA664  _ZN5ESMCI2VM5ente     Unknown  Unknown
libesmf.so         000015403936BC30  c_esmc_ftablecall     Unknown  Unknown
libesmf.so         00001540398AA7F8  esmf_compmod_mp_e     Unknown  Unknown
libesmf.so         0000154039B25B39  esmf_gridcompmod_     Unknown  Unknown
libesmf.so         0000154039EB1477  nuopc_driver_mp_l     Unknown  Unknown
libesmf.so         0000154039EA08C7  nuopc_driver_mp_i     Unknown  Unknown
libesmf.so         000015403936B558  _ZN5ESMCI6FTable1     Unknown  Unknown
libesmf.so         000015403936AF9C  ESMCI_FTableCallE     Unknown  Unknown
libesmf.so         00001540396AA664  _ZN5ESMCI2VM5ente     Unknown  Unknown
libesmf.so         000015403936BC30  c_esmc_ftablecall     Unknown  Unknown
libesmf.so         00001540398AA7F8  esmf_compmod_mp_e     Unknown  Unknown
lImage              PC                Routine            Line        Source             
access-om3-MOM6    00000000018C01D1  mpp_error_basic            80  mpp_util_mpi.inc
access-om3-MOM6    00000000007C0936  mom_error                 178  MOM_error_handler.F90
access-om3-MOM6    0000000000871D37  initialize_topogr         166  MOM_shared_initialization.F90
access-om3-MOM6    000000000085AFF2  mom_initialize_to         227  MOM_fixed_initialization.F90
access-om3-MOM6    0000000000859BEB  mom_initialize_fi          85  MOM_fixed_initialization.F90
access-om3-MOM6    000000000056AB2E  initialize_mom           2878  MOM.F90
access-om3-MOM6    000000000053579D  ocean_model_init          283  mom_ocean_model_nuopc.F90
access-om3-MOM6    00000000004F6A9D  initializeadverti         753  mom_cap.F90
libesmf.so         0000150DCEC9A558  _ZN5ESMCI6FTable1     Unknown  Unknown
libesmf.so         0000150DCEC99F9C  ESMCI_FTableCallE     Unknown  Unknown
libesmf.so         0000150DCEFD9664  _ZN5ESMCI2VM5ente     Unknown  Unknown
libesmf.so         0000150DCEC9AC30  c_esmc_ftablecall     Unknown  Unknown
libesmf.so         0000150DCF1D97F8  esmf_compmod_mp_e     Unknown  Unknown
libesmf.so         0000150DCF454B39  esmf_gridcompmod_     Unknown  Unknown
libesmf.so         0000150DCF7E0477  nuopc_driver_mp_l     Unknown  Unknown
libesmf.so         0000150DCF7CF8C7  nuopc_driver_mp_i     Unknown  Unknown
libesmf.so         0000150DCEC9A558  _ZN5ESMCI6FTable1     Unknown  Unknown
libesmf.so         0000150DCEC99F9C  ESMCI_FTableCallE     Unknown  Unknown
libesmf.so         0000150DCEFD9664  _ZN5ESMCI2VM5ente     Unknown  Unknown
libesmf.so         0000150DCEC9AC30  c_esmc_ftablecall     Unknown  Unknown
libesmf.so         0000150DCF1D97F8  esmf_compmod_mp_e     Unknown  Unknown
No errorforrtl: error (78): process killed (SIGTERM)
Image              PC                Routine            Line        Source             
libpthread-2.28.s  0000150DCB348990  Unknown               Unknown  Unknown
libpthread-2.28.s  0000150DCB347E20  nanosleep             Unknown  Unknown
libopen-rte.so.40  0000150DC720D44A  orte_show_help_no     Unknown  Unknown
libopen-rte.so.40  0000150DC720D7AC  orte_show_help        Unknown  Unknown
libmpi.so.40.30.7  0000150DCC4A600A  PMPI_Abort            Unknown  Unknown
libmpi_mpifh.so    0000150DCC7F02AE  Unknown               Unknown  Unknown
access-om3-MOM6    00000000018C01E7  mpp_error_basic            84  mpp_util_mpi.inc
access-om3-MOM6    00000000007C0936  mom_error                 178  MOM_error_handler.F90
access-om3-MOM6    0000000000871D37  initialize_topogr         166  MOM_shared_initialization.F90
access-om3-MOM6    000000000085AFF2  mom_initialize_to         227  MOM_fixed_initialization.F90
access-om3-MOM6    0000000000859BEB  mom_initialize_fi          85  MOM_fixed_initialization.F90
access-om3-MOM6    000000000056AB2E  initialize_mom           2878  MOM.F90
access-om3-MOM6    000000000053579D  ocean_model_init          283  mom_ocean_model_nuopc.F90
access-om3-MOM6    00000000004F6A9D  initializeadverti         753  mom_cap.F90
libesmf.so         0000150DCEC9A558  _ZN5ESMCI6FTable1     Unknown  Unknown
libesmf.so         0000150DCEC99F9C  ESMCI_FTableCallE     Unknown  Unknown
libesmf.so         0000150DCEFD9664  _ZN5ESMCI2VM5ente     Unknown  Unknown
libesmf.so         0000150DCEC9AC30  c_esmc_ftablecall     Unknown  Unknown
libesmf.so         0000150DCF1D97F8  esmf_compmod_mp_e     Unknown  Unknown
libesmf.so         0000150DCF454B39  esmf_gridcompmod_     Unknown  Unknown
libesmf.so         0000150DCF7E0477  nuopc_driver_mp_l     Unknown  Unknown
libesmf.so         0000150DCF7CF8C7  nuopc_driver_mp_i     Unknown  Unknown
libesmf.so         0000150DCEC9A558  _ZN5ESMCI6FTable1     Unknown  Unknown
libesmf.so         0000150DCEC99F9C  ESMCI_FTableCallE     Unknown  Unknown
libesmf.so         0000150DCEFD9664  _ZN5ESMCI2VM5ente     Unknown  Unknown
libesmf.so         0000150DCEC9AC30  c_esmc_ftablecall     Unknown  Unknown
libesmf.so         0000150DCF1D97F8  esmf_compmod_mp_e     Unknown  Unknown
lImage              PC                Routine            Line        Source             
access-om3-MOM6    00000000018C01D1  mpp_error_basic            80  mpp_util_mpi.inc
access-om3-MOM6    00000000007C0936  mom_error                 178  MOM_error_handler.F90
access-om3-MOM6    0000000000871D37  initialize_topogr         166  MOM_shared_initialization.F90
access-om3-MOM6    000000000085AFF2  mom_initialize_to         227  MOM_fixed_initialization.F90
access-om3-MOM6    0000000000859BEB  mom_initialize_fi          85  MOM_fixed_initialization.F90
access-om3-MOM6    000000000056AB2E  initialize_mom           2878  MOM.F90
access-om3-MOM6    000000000053579D  ocean_model_init          283  mom_ocean_model_nuopc.F90
access-om3-MOM6    00000000004F6A9D  initializeadverti         753  mom_cap.F90
libesmf.so         000014EBA883D558  _ZN5ESMCI6FTable1     Unknown  Unknown
libesmf.so         000014EBA883CF9C  ESMCI_FTableCallE     Unknown  Unknown
libesmf.so         000014EBA8B7C664  _ZN5ESMCI2VM5ente     Unknown  Unknown
libesmf.so         000014EBA883DC30  c_esmc_ftablecall     Unknown  Unknown
libesmf.so         000014EBA8D7C7F8  esmf_compmod_mp_e     Unknown  Unknown
libesmf.so         000014EBA8FF7B39  esmf_gridcompmod_     Unknown  Unknown
libesmf.so         000014EBA9383477  nuopc_driver_mp_l     Unknown  Unknown
libesmf.so         000014EBA93728C7  nuopc_driver_mp_i     Unknown  Unknown
libesmf.so         000014EBA883D558  _ZN5ESMCI6FTable1     Unknown  Unknown
libesmf.so         000014EBA883CF9C  ESMCI_FTableCallE     Unknown  Unknown
libesmf.so         000014EBA8B7C664  _ZN5ESMCI2VM5ente     Unknown  Unknown
libesmf.so         000014EBA883DC30  c_esmc_ftablecall     Unknown  Unknown
libesmf.so         000014EBA8D7C7F8  esmf_compmod_mp_e     Unknown  Unknown
No errorforrtl: error (78): process killed (SIGTERM)
Image              PC                Routine            Line        Source             
libpthread-2.28.s  000014EBA4EEB990  Unknown               Unknown  Unknown
libpthread-2.28.s  000014EBA4EEAE20  nanosleep             Unknown  Unknown
libopen-rte.so.40  000014EBA0DB044A  orte_show_help_no     Unknown  Unknown
libopen-rte.so.40  000014EBA0DB07AC  orte_show_help        Unknown  Unknown
libmpi.so.40.30.7  000014EBA604900A  PMPI_Abort            Unknown  Unknown
libmpi_mpifh.so    000014EBA63932AE  Unknown               Unknown  Unknown
access-om3-MOM6    00000000018C01E7  mpp_error_basic            84  mpp_util_mpi.inc
access-om3-MOM6    00000000007C0936  mom_error                 178  MOM_error_handler.F90
access-om3-MOM6    0000000000871D37  initialize_topogr         166  MOM_shared_initialization.F90
access-om3-MOM6    000000000085AFF2  mom_initialize_to         227  MOM_fixed_initialization.F90
access-om3-MOM6    0000000000859BEB  mom_initialize_fi          85  MOM_fixed_initialization.F90
access-om3-MOM6    000000000056AB2E  initialize_mom           2878  MOM.F90
access-om3-MOM6    000000000053579D  ocean_model_init          283  mom_ocean_model_nuopc.F90
access-om3-MOM6    00000000004F6A9D  initializeadverti         753  mom_cap.F90
libesmf.so         000014EBA883D558  _ZN5ESMCI6FTable1     Unknown  Unknown
libesmf.so         000014EBA883CF9C  ESMCI_FTableCallE     Unknown  Unknown
libesmf.so         000014EBA8B7C664  _ZN5ESMCI2VM5ente     Unknown  Unknown
libesmf.so         000014EBA883DC30  c_esmc_ftablecall     Unknown  Unknown
libesmf.so         000014EBA8D7C7F8  esmf_compmod_mp_e     Unknown  Unknown
libesmf.so         000014EBA8FF7B39  esmf_gridcompmod_     Unknown  Unknown
libesmf.so         000014EBA9383477  nuopc_driver_mp_l     Unknown  Unknown
libesmf.so         000014EBA93728C7  nuopc_driver_mp_i     Unknown  Unknown
libesmf.so         000014EBA883D558  _ZN5ESMCI6FTable1     Unknown  Unknown
libesmf.so         000014EBA883CF9C  ESMCI_FTableCallE     Unknown  Unknown
libesmf.so         000014EBA8B7C664  _ZN5ESMCI2VM5ente     Unknown  Unknown
libesmf.so         000014EBA883DC30  c_esmc_ftablecall     Unknown  Unknown
libesmf.so         000014EBA8D7C7F8  esmf_compmod_mp_e     Unknown  Unknown
lImage              PC                Routine            Line        Source             
access-om3-MOM6    00000000018C01D1  mpp_error_basic            80  mpp_util_mpi.inc
access-om3-MOM6    00000000007C0936  mom_error                 178  MOM_error_handler.F90
access-om3-MOM6    0000000000871D37  initialize_topogr         166  MOM_shared_initialization.F90
access-om3-MOM6    000000000085AFF2  mom_initialize_to         227  MOM_fixed_initialization.F90
access-om3-MOM6    0000000000859BEB  mom_initialize_fi          85  MOM_fixed_initialization.F90
access-om3-MOM6    000000000056AB2E  initialize_mom           2878  MOM.F90
access-om3-MOM6    000000000053579D  ocean_model_init          283  mom_ocean_model_nuopc.F90
access-om3-MOM6    00000000004F6A9D  initializeadverti         753  mom_cap.F90
libesmf.so         0000148E6242D558  _ZN5ESMCI6FTable1     Unknown  Unknown
libesmf.so         0000148E6242CF9C  ESMCI_FTableCallE     Unknown  Unknown
libesmf.so         0000148E6276C664  _ZN5ESMCI2VM5ente     Unknown  Unknown
libesmf.so         0000148E6242DC30  c_esmc_ftablecall     Unknown  Unknown
libesmf.so         0000148E6296C7F8  esmf_compmod_mp_e     Unknown  Unknown
libesmf.so         0000148E62BE7B39  esmf_gridcompmod_     Unknown  Unknown
libesmf.so         0000148E62F73477  nuopc_driver_mp_l     Unknown  Unknown
libesmf.so         0000148E62F628C7  nuopc_driver_mp_i     Unknown  Unknown
libesmf.so         0000148E6242D558  _ZN5ESMCI6FTable1     Unknown  Unknown
libesmf.so         0000148E6242CF9C  ESMCI_FTableCallE     Unknown  Unknown
libesmf.so         0000148E6276C664  _ZN5ESMCI2VM5ente     Unknown  Unknown
libesmf.so         0000148E6242DC30  c_esmc_ftablecall     Unknown  Unknown
libesmf.so         0000148E6296C7F8  esmf_compmod_mp_e     Unknown  Unknown
libesmf.so         0000148E62BE7B39  esmf_gridcompmod_     Unknown  Unknown
No errorforrtl: error (78): process killed (SIGTERM)
Image              PC                Routine            Line        Source             
libpthread-2.28.s  0000148E5EADB990  Unknown               Unknown  Unknown
libpthread-2.28.s  0000148E5EADAE20  nanosleep             Unknown  Unknown
libopen-rte.so.40  0000148E5A9A044A  orte_show_help_no     Unknown  Unknown
libopen-rte.so.40  0000148E5A9A07AC  orte_show_help        Unknown  Unknown
libmpi.so.40.30.7  0000148E5FC3900A  PMPI_Abort            Unknown  Unknown
libmpi_mpifh.so    0000148E5FF832AE  Unknown               Unknown  Unknown
access-om3-MOM6    00000000018C01E7  mpp_error_basic            84  mpp_util_mpi.inc
access-om3-MOM6    00000000007C0936  mom_error                 178  MOM_error_handler.F90
access-om3-MOM6    0000000000871D37  initialize_topogr         166  MOM_shared_initialization.F90
access-om3-MOM6    000000000085AFF2  mom_initialize_to         227  MOM_fixed_initialization.F90
access-om3-MOM6    0000000000859BEB  mom_initialize_fi          85  MOM_fixed_initialization.F90
access-om3-MOM6    000000000056AB2E  initialize_mom           2878  MOM.F90
access-om3-MOM6    000000000053579D  ocean_model_init          283  mom_ocean_model_nuopc.F90
access-om3-MOM6    00000000004F6A9D  initializeadverti         753  mom_cap.F90
libesmf.so         0000148E6242D558  _ZN5ESMCI6FTable1     Unknown  Unknown
libesmf.so         0000148E6242CF9C  ESMCI_FTableCallE     Unknown  Unknown
libesmf.so         0000148E6276C664  _ZN5ESMCI2VM5ente     Unknown  Unknown
libesmf.so         0000148E6242DC30  c_esmc_ftablecall     Unknown  Unknown
libesmf.so         0000148E6296C7F8  esmf_compmod_mp_e     Unknown  Unknown
libesmf.so         0000148E62BE7B39  esmf_gridcompmod_     Unknown  Unknown
libesmf.so         0000148E62F73477  nuopc_driver_mp_l     Unknown  Unknown
libesmf.so         0000148E62F628C7  nuopc_driver_mp_i     Unknown  Unknown
libesmf.so         0000148E6242D558  _ZN5ESMCI6FTable1     Unknown  Unknown
libesmf.so         0000148E6242CF9C  ESMCI_FTableCallE     Unknown  Unknown
libesmf.so         0000148E6276C664  _ZN5ESMCI2VM5ente     Unknown  Unknown
libesmf.so         0000148E6242DC30  c_esmc_ftablecall     Unknown  Unknown
lImage              PC                Routine            Line        Source             
access-om3-MOM6    00000000018C01D1  mpp_error_basic            80  mpp_util_mpi.inc
access-om3-MOM6    00000000007C0936  mom_error                 178  MOM_error_handler.F90
access-om3-MOM6    0000000000871D37  initialize_topogr         166  MOM_shared_initialization.F90
access-om3-MOM6    000000000085AFF2  mom_initialize_to         227  MOM_fixed_initialization.F90
access-om3-MOM6    0000000000859BEB  mom_initialize_fi          85  MOM_fixed_initialization.F90
access-om3-MOM6    000000000056AB2E  initialize_mom           2878  MOM.F90
access-om3-MOM6    000000000053579D  ocean_model_init          283  mom_ocean_model_nuopc.F90
access-om3-MOM6    00000000004F6A9D  initializeadverti         753  mom_cap.F90
libesmf.so         000014D11D0C9558  _ZN5ESMCI6FTable1     Unknown  Unknown
libesmf.so         000014D11D0C8F9C  ESMCI_FTableCallE     Unknown  Unknown
libesmf.so         000014D11D408664  _ZN5ESMCI2VM5ente     Unknown  Unknown
libesmf.so         000014D11D0C9C30  c_esmc_ftablecall     Unknown  Unknown
libesmf.so         000014D11D6087F8  esmf_compmod_mp_e     Unknown  Unknown
libesmf.so         000014D11D883B39  esmf_gridcompmod_     Unknown  Unknown
libesmf.so         000014D11DC0F477  nuopc_driver_mp_l     Unknown  Unknown
libesmf.so         000014D11DBFE8C7  nuopc_driver_mp_i     Unknown  Unknown
libesmf.so         000014D11D0C9558  _ZN5ESMCI6FTable1     Unknown  Unknown
libesmf.so         000014D11D0C8F9C  ESMCI_FTableCallE     Unknown  Unknown
libesmf.so         000014D11D408664  _ZN5ESMCI2VM5ente     Unknown  Unknown
libesmf.so         000014D11D0C9C30  c_esmc_ftablecall     Unknown  Unknown
libesmf.so         000014D11D6087F8  esmf_compmod_mp_e     Unknown  Unknown
libesmf.so         000014D11D883B39  esmf_gridcompmod_     Unknown  Unknown
No errorforrtl: error (78): process killed (SIGTERM)
Image              PC                Routine            Line        Source             
libpthread-2.28.s  000014D119777990  Unknown               Unknown  Unknown
libpthread-2.28.s  000014D119776E20  nanosleep             Unknown  Unknown
libopen-rte.so.40  000014D11563C44A  orte_show_help_no     Unknown  Unknown
libopen-rte.so.40  000014D11563C7AC  orte_show_help        Unknown  Unknown
libmpi.so.40.30.7  000014D11A8D500A  PMPI_Abort            Unknown  Unknown
libmpi_mpifh.so    000014D11AC1F2AE  Unknown               Unknown  Unknown
access-om3-MOM6    00000000018C01E7  mpp_error_basic            84  mpp_util_mpi.inc
access-om3-MOM6    00000000007C0936  mom_error                 178  MOM_error_handler.F90
access-om3-MOM6    0000000000871D37  initialize_topogr         166  MOM_shared_initialization.F90
access-om3-MOM6    000000000085AFF2  mom_initialize_to         227  MOM_fixed_initialization.F90
access-om3-MOM6    0000000000859BEB  mom_initialize_fi          85  MOM_fixed_initialization.F90
access-om3-MOM6    000000000056AB2E  initialize_mom           2878  MOM.F90
access-om3-MOM6    000000000053579D  ocean_model_init          283  mom_ocean_model_nuopc.F90
access-om3-MOM6    00000000004F6A9D  initializeadverti         753  mom_cap.F90
libesmf.so         000014D11D0C9558  _ZN5ESMCI6FTable1     Unknown  Unknown
libesmf.so         000014D11D0C8F9C  ESMCI_FTableCallE     Unknown  Unknown
libesmf.so         000014D11D408664  _ZN5ESMCI2VM5ente     Unknown  Unknown
libesmf.so         000014D11D0C9C30  c_esmc_ftablecall     Unknown  Unknown
libesmf.so         000014D11D6087F8  esmf_compmod_mp_e     Unknown  Unknown
libesmf.so         000014D11D883B39  esmf_gridcompmod_     Unknown  Unknown
libesmf.so         000014D11DC0F477  nuopc_driver_mp_l     Unknown  Unknown
libesmf.so         000014D11DBFE8C7  nuopc_driver_mp_i     Unknown  Unknown
libesmf.so         000014D11D0C9558  _ZN5ESMCI6FTable1     Unknown  Unknown
libesmf.so         000014D11D0C8F9C  ESMCI_FTableCallE     Unknown  Unknown
libesmf.so         000014D11D408664  _ZN5ESMCI2VM5ente     Unknown  Unknown
libesmf.so         000014D11D0C9C30  c_esmc_ftablecall     Unknown  Unknown
lImage              PC                Routine            Line        Source             
access-om3-MOM6    00000000018C01D1  mpp_error_basic            80  mpp_util_mpi.inc
access-om3-MOM6    00000000007C0936  mom_error                 178  MOM_error_handler.F90
access-om3-MOM6    0000000000871D37  initialize_topogr         166  MOM_shared_initialization.F90
access-om3-MOM6    000000000085AFF2  mom_initialize_to         227  MOM_fixed_initialization.F90
access-om3-MOM6    0000000000859BEB  mom_initialize_fi          85  MOM_fixed_initialization.F90
access-om3-MOM6    000000000056AB2E  initialize_mom           2878  MOM.F90
access-om3-MOM6    000000000053579D  ocean_model_init          283  mom_ocean_model_nuopc.F90
access-om3-MOM6    00000000004F6A9D  initializeadverti         753  mom_cap.F90
libesmf.so         000014EBAF8AC558  _ZN5ESMCI6FTable1     Unknown  Unknown
libesmf.so         000014EBAF8ABF9C  ESMCI_FTableCallE     Unknown  Unknown
libesmf.so         000014EBAFBEB664  _ZN5ESMCI2VM5ente     Unknown  Unknown
libesmf.so         000014EBAF8ACC30  c_esmc_ftablecall     Unknown  Unknown
libesmf.so         000014EBAFDEB7F8  esmf_compmod_mp_e     Unknown  Unknown
libesmf.so         000014EBB0066B39  esmf_gridcompmod_     Unknown  Unknown
libesmf.so         000014EBB03F2477  nuopc_driver_mp_l     Unknown  Unknown
libesmf.so         000014EBB03E18C7  nuopc_driver_mp_i     Unknown  Unknown
libesmf.so         000014EBAF8AC558  _ZN5ESMCI6FTable1     Unknown  Unknown
libesmf.so         000014EBAF8ABF9C  ESMCI_FTableCallE     Unknown  Unknown
libesmf.so         000014EBAFBEB664  _ZN5ESMCI2VM5ente     Unknown  Unknown
libesmf.so         000014EBAF8ACC30  c_esmc_ftablecall     Unknown  Unknown
libesmf.so         000014EBAFDEB7F8  esmf_compmod_mp_e     Unknown  Unknown
libesmf.so         000014EBB0066B39  esmf_gridcompmod_     Unknown  Unknown
No errorforrtl: error (78): process killed (SIGTERM)
Image              PC                Routine            Line        Source             
libpthread-2.28.s  000014EBABF5A990  Unknown               Unknown  Unknown
libpthread-2.28.s  000014EBABF59E20  nanosleep             Unknown  Unknown
libopen-rte.so.40  000014EBA7E1F44A  orte_show_help_no     Unknown  Unknown
libopen-rte.so.40  000014EBA7E1F7AC  orte_show_help        Unknown  Unknown
libmpi.so.40.30.7  000014EBAD0B800A  PMPI_Abort            Unknown  Unknown
libmpi_mpifh.so    000014EBAD4022AE  Unknown               Unknown  Unknown
access-om3-MOM6    00000000018C01E7  mpp_error_basic            84  mpp_util_mpi.inc
access-om3-MOM6    00000000007C0936  mom_error                 178  MOM_error_handler.F90
access-om3-MOM6    0000000000871D37  initialize_topogr         166  MOM_shared_initialization.F90
access-om3-MOM6    000000000085AFF2  mom_initialize_to         227  MOM_fixed_initialization.F90
access-om3-MOM6    0000000000859BEB  mom_initialize_fi          85  MOM_fixed_initialization.F90
access-om3-MOM6    000000000056AB2E  initialize_mom           2878  MOM.F90
access-om3-MOM6    000000000053579D  ocean_model_init          283  mom_ocean_model_nuopc.F90
access-om3-MOM6    00000000004F6A9D  initializeadverti         753  mom_cap.F90
libesmf.so         000014EBAF8AC558  _ZN5ESMCI6FTable1     Unknown  Unknown
libesmf.so         000014EBAF8ABF9C  ESMCI_FTableCallE     Unknown  Unknown
libesmf.so         000014EBAFBEB664  _ZN5ESMCI2VM5ente     Unknown  Unknown
libesmf.so         000014EBAF8ACC30  c_esmc_ftablecall     Unknown  Unknown
libesmf.so         000014EBAFDEB7F8  esmf_compmod_mp_e     Unknown  Unknown
libesmf.so         000014EBB0066B39  esmf_gridcompmod_     Unknown  Unknown
libesmf.so         000014EBB03F2477  nuopc_driver_mp_l     Unknown  Unknown
libesmf.so         000014EBB03E18C7  nuopc_driver_mp_i     Unknown  Unknown
libesmf.so         000014EBAF8AC558  _ZN5ESMCI6FTable1     Unknown  Unknown
libesmf.so         000014EBAF8ABF9C  ESMCI_FTableCallE     Unknown  Unknown
libesmf.so         000014EBAFBEB664  _ZN5ESMCI2VM5ente     Unknown  Unknown
libesmf.so         000014EBAF8ACC30  c_esmc_ftablecall     Unknown  Unknown
lImage              PC                Routine            Line        Source             
access-om3-MOM6    00000000018C01D1  mpp_error_basic            80  mpp_util_mpi.inc
access-om3-MOM6    00000000007C0936  mom_error                 178  MOM_error_handler.F90
access-om3-MOM6    0000000000871D37  initialize_topogr         166  MOM_shared_initialization.F90
access-om3-MOM6    000000000085AFF2  mom_initialize_to         227  MOM_fixed_initialization.F90
access-om3-MOM6    0000000000859BEB  mom_initialize_fi          85  MOM_fixed_initialization.F90
access-om3-MOM6    000000000056AB2E  initialize_mom           2878  MOM.F90
access-om3-MOM6    000000000053579D  ocean_model_init          283  mom_ocean_model_nuopc.F90
access-om3-MOM6    00000000004F6A9D  initializeadverti         753  mom_cap.F90
libesmf.so         000014FC10E73558  _ZN5ESMCI6FTable1     Unknown  Unknown
libesmf.so         000014FC10E72F9C  ESMCI_FTableCallE     Unknown  Unknown
libesmf.so         000014FC111B2664  _ZN5ESMCI2VM5ente     Unknown  Unknown
libesmf.so         000014FC10E73C30  c_esmc_ftablecall     Unknown  Unknown
libesmf.so         000014FC113B27F8  esmf_compmod_mp_e     Unknown  Unknown
libesmf.so         000014FC1162DB39  esmf_gridcompmod_     Unknown  Unknown
libesmf.so         000014FC119B9477  nuopc_driver_mp_l     Unknown  Unknown
libesmf.so         000014FC119A88C7  nuopc_driver_mp_i     Unknown  Unknown
libesmf.so         000014FC10E73558  _ZN5ESMCI6FTable1     Unknown  Unknown
libesmf.so         000014FC10E72F9C  ESMCI_FTableCallE     Unknown  Unknown
libesmf.so         000014FC111B2664  _ZN5ESMCI2VM5ente     Unknown  Unknown
libesmf.so         000014FC10E73C30  c_esmc_ftablecall     Unknown  Unknown
libesmf.so         000014FC113B27F8  esmf_compmod_mp_e     Unknown  Unknown
No errorforrtl: error (78): process killed (SIGTERM)
Image              PC                Routine            Line        Source             
libpthread-2.28.s  000014FC0D521990  Unknown               Unknown  Unknown
libpthread-2.28.s  000014FC0D520E20  nanosleep             Unknown  Unknown
libopen-rte.so.40  000014FC093E644A  orte_show_help_no     Unknown  Unknown
libopen-rte.so.40  000014FC093E67AC  orte_show_help        Unknown  Unknown
libmpi.so.40.30.7  000014FC0E67F00A  PMPI_Abort            Unknown  Unknown
libmpi_mpifh.so    000014FC0E9C92AE  Unknown               Unknown  Unknown
access-om3-MOM6    00000000018C01E7  mpp_error_basic            84  mpp_util_mpi.inc
access-om3-MOM6    00000000007C0936  mom_error                 178  MOM_error_handler.F90
access-om3-MOM6    0000000000871D37  initialize_topogr         166  MOM_shared_initialization.F90
access-om3-MOM6    000000000085AFF2  mom_initialize_to         227  MOM_fixed_initialization.F90
access-om3-MOM6    0000000000859BEB  mom_initialize_fi          85  MOM_fixed_initialization.F90
access-om3-MOM6    000000000056AB2E  initialize_mom           2878  MOM.F90
access-om3-MOM6    000000000053579D  ocean_model_init          283  mom_ocean_model_nuopc.F90
access-om3-MOM6    00000000004F6A9D  initializeadverti         753  mom_cap.F90
libesmf.so         000014FC10E73558  _ZN5ESMCI6FTable1     Unknown  Unknown
libesmf.so         000014FC10E72F9C  ESMCI_FTableCallE     Unknown  Unknown
libesmf.so         000014FC111B2664  _ZN5ESMCI2VM5ente     Unknown  Unknown
libesmf.so         000014FC10E73C30  c_esmc_ftablecall     Unknown  Unknown
libesmf.so         000014FC113B27F8  esmf_compmod_mp_e     Unknown  Unknown
libesmf.so         000014FC1162DB39  esmf_gridcompmod_     Unknown  Unknown
libesmf.so         000014FC119B9477  nuopc_driver_mp_l     Unknown  Unknown
libesmf.so         000014FC119A88C7  nuopc_driver_mp_i     Unknown  Unknown
libesmf.so         000014FC10E73558  _ZN5ESMCI6FTable1     Unknown  Unknown
libesmf.so         000014FC10E72F9C  ESMCI_FTableCallE     Unknown  Unknown
libesmf.so         000014FC111B2664  _ZN5ESMCI2VM5ente     Unknown  Unknown
libesmf.so         000014FC10E73C30  c_esmc_ftablecall     Unknown  Unknown
libesmf.so         000014FC113B27F8  esmf_compmod_mp_e     Unknown  Unknown
lImage              PC                Routine            Line        Source             
access-om3-MOM6    00000000018C01D1  mpp_error_basic            80  mpp_util_mpi.inc
access-om3-MOM6    00000000007C0936  mom_error                 178  MOM_error_handler.F90
access-om3-MOM6    0000000000871D37  initialize_topogr         166  MOM_shared_initialization.F90
access-om3-MOM6    000000000085AFF2  mom_initialize_to         227  MOM_fixed_initialization.F90
access-om3-MOM6    0000000000859BEB  mom_initialize_fi          85  MOM_fixed_initialization.F90
access-om3-MOM6    000000000056AB2E  initialize_mom           2878  MOM.F90
access-om3-MOM6    000000000053579D  ocean_model_init          283  mom_ocean_model_nuopc.F90
access-om3-MOM6    00000000004F6A9D  initializeadverti         753  mom_cap.F90
libesmf.so         0000149C4F15F558  _ZN5ESMCI6FTable1     Unknown  Unknown
libesmf.so         0000149C4F15EF9C  ESMCI_FTableCallE     Unknown  Unknown
libesmf.so         0000149C4F49E664  _ZN5ESMCI2VM5ente     Unknown  Unknown
libesmf.so         0000149C4F15FC30  c_esmc_ftablecall     Unknown  Unknown
libesmf.so         0000149C4F69E7F8  esmf_compmod_mp_e     Unknown  Unknown
libesmf.so         0000149C4F919B39  esmf_gridcompmod_     Unknown  Unknown
libesmf.so         0000149C4FCA5477  nuopc_driver_mp_l     Unknown  Unknown
libesmf.so         0000149C4FC948C7  nuopc_driver_mp_i     Unknown  Unknown
libesmf.so         0000149C4F15F558  _ZN5ESMCI6FTable1     Unknown  Unknown
libesmf.so         0000149C4F15EF9C  ESMCI_FTableCallE     Unknown  Unknown
libesmf.so         0000149C4F49E664  _ZN5ESMCI2VM5ente     Unknown  Unknown
libesmf.so         0000149C4F15FC30  c_esmc_ftablecall     Unknown  Unknown
libesmf.so         0000149C4F69E7F8  esmf_compmod_mp_e     Unknown  Unknown
No errorforrtl: error (78): process killed (SIGTERM)
Image              PC                Routine            Line        Source             
libpthread-2.28.s  0000149C4B80D990  Unknown               Unknown  Unknown
libpthread-2.28.s  0000149C4B80CE20  nanosleep             Unknown  Unknown
libopen-rte.so.40  0000149C476D244A  orte_show_help_no     Unknown  Unknown
libopen-rte.so.40  0000149C476D27AC  orte_show_help        Unknown  Unknown
libmpi.so.40.30.7  0000149C4C96B00A  PMPI_Abort            Unknown  Unknown
libmpi_mpifh.so    0000149C4CCB52AE  Unknown               Unknown  Unknown
access-om3-MOM6    00000000018C01E7  mpp_error_basic            84  mpp_util_mpi.inc
access-om3-MOM6    00000000007C0936  mom_error                 178  MOM_error_handler.F90
access-om3-MOM6    0000000000871D37  initialize_topogr         166  MOM_shared_initialization.F90
access-om3-MOM6    000000000085AFF2  mom_initialize_to         227  MOM_fixed_initialization.F90
access-om3-MOM6    0000000000859BEB  mom_initialize_fi          85  MOM_fixed_initialization.F90
access-om3-MOM6    000000000056AB2E  initialize_mom           2878  MOM.F90
access-om3-MOM6    000000000053579D  ocean_model_init          283  mom_ocean_model_nuopc.F90
access-om3-MOM6    00000000004F6A9D  initializeadverti         753  mom_cap.F90
libesmf.so         0000149C4F15F558  _ZN5ESMCI6FTable1     Unknown  Unknown
libesmf.so         0000149C4F15EF9C  ESMCI_FTableCallE     Unknown  Unknown
libesmf.so         0000149C4F49E664  _ZN5ESMCI2VM5ente     Unknown  Unknown
libesmf.so         0000149C4F15FC30  c_esmc_ftablecall     Unknown  Unknown
libesmf.so         0000149C4F69E7F8  esmf_compmod_mp_e     Unknown  Unknown
libesmf.so         0000149C4F919B39  esmf_gridcompmod_     Unknown  Unknown
libesmf.so         0000149C4FCA5477  nuopc_driver_mp_l     Unknown  Unknown
libesmf.so         0000149C4FC948C7  nuopc_driver_mp_i     Unknown  Unknown
libesmf.so         0000149C4F15F558  _ZN5ESMCI6FTable1     Unknown  Unknown
libesmf.so         0000149C4F15EF9C  ESMCI_FTableCallE     Unknown  Unknown
libesmf.so         0000149C4F49E664  _ZN5ESMCI2VM5ente     Unknown  Unknown
libesmf.so         0000149C4F15FC30  c_esmc_ftablecall     Unknown  Unknown
libesmf.so         0000149C4F69E7F8  esmf_compmod_mp_e     Unknown  Unknown
lImage              PC                Routine            Line        Source             
access-om3-MOM6    00000000018C01D1  mpp_error_basic            80  mpp_util_mpi.inc
access-om3-MOM6    00000000007C0936  mom_error                 178  MOM_error_handler.F90
access-om3-MOM6    0000000000871D37  initialize_topogr         166  MOM_shared_initialization.F90
access-om3-MOM6    000000000085AFF2  mom_initialize_to         227  MOM_fixed_initialization.F90
access-om3-MOM6    0000000000859BEB  mom_initialize_fi          85  MOM_fixed_initialization.F90
access-om3-MOM6    000000000056AB2E  initialize_mom           2878  MOM.F90
access-om3-MOM6    000000000053579D  ocean_model_init          283  mom_ocean_model_nuopc.F90
access-om3-MOM6    00000000004F6A9D  initializeadverti         753  mom_cap.F90
libesmf.so         000014BFA91A6558  _ZN5ESMCI6FTable1     Unknown  Unknown
libesmf.so         000014BFA91A5F9C  ESMCI_FTableCallE     Unknown  Unknown
libesmf.so         000014BFA94E5664  _ZN5ESMCI2VM5ente     Unknown  Unknown
libesmf.so         000014BFA91A6C30  c_esmc_ftablecall     Unknown  Unknown
libesmf.so         000014BFA96E57F8  esmf_compmod_mp_e     Unknown  Unknown
libesmf.so         000014BFA9960B39  esmf_gridcompmod_     Unknown  Unknown
libesmf.so         000014BFA9CEC477  nuopc_driver_mp_l     Unknown  Unknown
libesmf.so         000014BFA9CDB8C7  nuopc_driver_mp_i     Unknown  Unknown
libesmf.so         000014BFA91A6558  _ZN5ESMCI6FTable1     Unknown  Unknown
libesmf.so         000014BFA91A5F9C  ESMCI_FTableCallE     Unknown  Unknown
libesmf.so         000014BFA94E5664  _ZN5ESMCI2VM5ente     Unknown  Unknown
libesmf.so         000014BFA91A6C30  c_esmc_ftablecall     Unknown  Unknown
libesmf.so         000014BFA96E57F8  esmf_compmod_mp_e     Unknown  Unknown
No errorforrtl: error (78): process killed (SIGTERM)
Image              PC                Routine            Line        Source             
libpthread-2.28.s  000014BFA5854990  Unknown               Unknown  Unknown
libpthread-2.28.s  000014BFA5853E20  nanosleep             Unknown  Unknown
libopen-rte.so.40  000014BFA171944A  orte_show_help_no     Unknown  Unknown
libopen-rte.so.40  000014BFA17197AC  orte_show_help        Unknown  Unknown
libmpi.so.40.30.7  000014BFA69B200A  PMPI_Abort            Unknown  Unknown
libmpi_mpifh.so    000014BFA6CFC2AE  Unknown               Unknown  Unknown
access-om3-MOM6    00000000018C01E7  mpp_error_basic            84  mpp_util_mpi.inc
access-om3-MOM6    00000000007C0936  mom_error                 178  MOM_error_handler.F90
access-om3-MOM6    0000000000871D37  initialize_topogr         166  MOM_shared_initialization.F90
access-om3-MOM6    000000000085AFF2  mom_initialize_to         227  MOM_fixed_initialization.F90
access-om3-MOM6    0000000000859BEB  mom_initialize_fi          85  MOM_fixed_initialization.F90
access-om3-MOM6    000000000056AB2E  initialize_mom           2878  MOM.F90
access-om3-MOM6    000000000053579D  ocean_model_init          283  mom_ocean_model_nuopc.F90
access-om3-MOM6    00000000004F6A9D  initializeadverti         753  mom_cap.F90
libesmf.so         000014BFA91A6558  _ZN5ESMCI6FTable1     Unknown  Unknown
libesmf.so         000014BFA91A5F9C  ESMCI_FTableCallE     Unknown  Unknown
libesmf.so         000014BFA94E5664  _ZN5ESMCI2VM5ente     Unknown  Unknown
libesmf.so         000014BFA91A6C30  c_esmc_ftablecall     Unknown  Unknown
libesmf.so         000014BFA96E57F8  esmf_compmod_mp_e     Unknown  Unknown
libesmf.so         000014BFA9960B39  esmf_gridcompmod_     Unknown  Unknown
libesmf.so         000014BFA9CEC477  nuopc_driver_mp_l     Unknown  Unknown
libesmf.so         000014BFA9CDB8C7  nuopc_driver_mp_i     Unknown  Unknown
libesmf.so         000014BFA91A6558  _ZN5ESMCI6FTable1     Unknown  Unknown
libesmf.so         000014BFA91A5F9C  ESMCI_FTableCallE     Unknown  Unknown
libesmf.so         000014BFA94E5664  _ZN5ESMCI2VM5ente     Unknown  Unknown
libesmf.so         000014BFA91A6C30  c_esmc_ftablecall     Unknown  Unknown
libesmf.so         000014BFA96E57F8  esmf_compmod_mp_e     Unknown  Unknown
lImage              PC                Routine            Line        Source             
access-om3-MOM6    00000000018C01D1  mpp_error_basic            80  mpp_util_mpi.inc
access-om3-MOM6    00000000007C0936  mom_error                 178  MOM_error_handler.F90
access-om3-MOM6    0000000000871D37  initialize_topogr         166  MOM_shared_initialization.F90
access-om3-MOM6    000000000085AFF2  mom_initialize_to         227  MOM_fixed_initialization.F90
access-om3-MOM6    0000000000859BEB  mom_initialize_fi          85  MOM_fixed_initialization.F90
access-om3-MOM6    000000000056AB2E  initialize_mom           2878  MOM.F90
access-om3-MOM6    000000000053579D  ocean_model_init          283  mom_ocean_model_nuopc.F90
access-om3-MOM6    00000000004F6A9D  initializeadverti         753  mom_cap.F90
libesmf.so         00001539DC61E558  _ZN5ESMCI6FTable1     Unknown  Unknown
libesmf.so         00001539DC61DF9C  ESMCI_FTableCallE     Unknown  Unknown
libesmf.so         00001539DC95D664  _ZN5ESMCI2VM5ente     Unknown  Unknown
libesmf.so         00001539DC61EC30  c_esmc_ftablecall     Unknown  Unknown
libesmf.so         00001539DCB5D7F8  esmf_compmod_mp_e     Unknown  Unknown
libesmf.so         00001539DCDD8B39  esmf_gridcompmod_     Unknown  Unknown
libesmf.so         00001539DD164477  nuopc_driver_mp_l     Unknown  Unknown
libesmf.so         00001539DD1538C7  nuopc_driver_mp_i     Unknown  Unknown
libesmf.so         00001539DC61E558  _ZN5ESMCI6FTable1     Unknown  Unknown
libesmf.so         00001539DC61DF9C  ESMCI_FTableCallE     Unknown  Unknown
libesmf.so         00001539DC95D664  _ZN5ESMCI2VM5ente     Unknown  Unknown
libesmf.so         00001539DC61EC30  c_esmc_ftablecall     Unknown  Unknown
libesmf.so         00001539DCB5D7F8  esmf_compmod_mp_e     Unknown  Unknown
libesmf.so         00001539DCDD8B39  esmf_gridcompmod_     Unknown  Unknown
libesmf.so         00001539DD164477  nuopc_driver_mp_l     Unknown  Unknown
libesmf.so         00001539DD1537C3  nuopc_driver_mp_i     Unknown  Unknown
libesmf.so         00001539DD14A46E  nuopc_driver_mp_i     Unknown  Unknown
No errorforrtl: error (78): process killed (SIGTERM)
Image              PC                Routine            Line        Source             
libpthread-2.28.s  00001539D8CCC990  Unknown               Unknown  Unknown
libpthread-2.28.s  00001539D8CCBE20  nanosleep             Unknown  Unknown
libopen-rte.so.40  00001539D4B9144A  orte_show_help_no     Unknown  Unknown
libopen-rte.so.40  00001539D4B917AC  orte_show_help        Unknown  Unknown
libmpi.so.40.30.7  00001539D9E2A00A  PMPI_Abort            Unknown  Unknown
libmpi_mpifh.so    00001539DA1742AE  Unknown               Unknown  Unknown
access-om3-MOM6    00000000018C01E7  mpp_error_basic            84  mpp_util_mpi.inc
access-om3-MOM6    00000000007C0936  mom_error                 178  MOM_error_handler.F90
access-om3-MOM6    0000000000871D37  initialize_topogr         166  MOM_shared_initialization.F90
access-om3-MOM6    000000000085AFF2  mom_initialize_to         227  MOM_fixed_initialization.F90
access-om3-MOM6    0000000000859BEB  mom_initialize_fi          85  MOM_fixed_initialization.F90
access-om3-MOM6    000000000056AB2E  initialize_mom           2878  MOM.F90
access-om3-MOM6    000000000053579D  ocean_model_init          283  mom_ocean_model_nuopc.F90
access-om3-MOM6    00000000004F6A9D  initializeadverti         753  mom_cap.F90
libesmf.so         00001539DC61E558  _ZN5ESMCI6FTable1     Unknown  Unknown
libesmf.so         00001539DC61DF9C  ESMCI_FTableCallE     Unknown  Unknown
libesmf.so         00001539DC95D664  _ZN5ESMCI2VM5ente     Unknown  Unknown
libesmf.so         00001539DC61EC30  c_esmc_ftablecall     Unknown  Unknown
libesmf.so         00001539DCB5D7F8  esmf_compmod_mp_e     Unknown  Unknown
libesmf.so         00001539DCDD8B39  esmf_gridcompmod_     Unknown  Unknown
libesmf.so         00001539DD164477  nuopc_driver_mp_l     Unknown  Unknown
libesmf.so         00001539DD1538C7  nuopc_driver_mp_i     Unknown  Unknown
libesmf.so         00001539DC61E558  _ZN5ESMCI6FTable1     Unknown  Unknown
lImage              PC                Routine            Line        Source             
access-om3-MOM6    00000000018C01D1  mpp_error_basic            80  mpp_util_mpi.inc
access-om3-MOM6    00000000007C0936  mom_error                 178  MOM_error_handler.F90
access-om3-MOM6    0000000000871D37  initialize_topogr         166  MOM_shared_initialization.F90
access-om3-MOM6    000000000085AFF2  mom_initialize_to         227  MOM_fixed_initialization.F90
access-om3-MOM6    0000000000859BEB  mom_initialize_fi          85  MOM_fixed_initialization.F90
access-om3-MOM6    000000000056AB2E  initialize_mom           2878  MOM.F90
access-om3-MOM6    000000000053579D  ocean_model_init          283  mom_ocean_model_nuopc.F90
access-om3-MOM6    00000000004F6A9D  initializeadverti         753  mom_cap.F90
libesmf.so         00001517C77E8558  _ZN5ESMCI6FTable1     Unknown  Unknown
libesmf.so         00001517C77E7F9C  ESMCI_FTableCallE     Unknown  Unknown
libesmf.so         00001517C7B27664  _ZN5ESMCI2VM5ente     Unknown  Unknown
libesmf.so         00001517C77E8C30  c_esmc_ftablecall     Unknown  Unknown
libesmf.so         00001517C7D277F8  esmf_compmod_mp_e     Unknown  Unknown
libesmf.so         00001517C7FA2B39  esmf_gridcompmod_     Unknown  Unknown
libesmf.so         00001517C832E477  nuopc_driver_mp_l     Unknown  Unknown
libesmf.so         00001517C831D8C7  nuopc_driver_mp_i     Unknown  Unknown
libesmf.so         00001517C77E8558  _ZN5ESMCI6FTable1     Unknown  Unknown
libesmf.so         00001517C77E7F9C  ESMCI_FTableCallE     Unknown  Unknown
libesmf.so         00001517C7B27664  _ZN5ESMCI2VM5ente     Unknown  Unknown
libesmf.so         00001517C77E8C30  c_esmc_ftablecall     Unknown  Unknown
libesmf.so         00001517C7D277F8  esmf_compmod_mp_e     Unknown  Unknown
No errorforrtl: error (78): process killed (SIGTERM)
Image              PC                Routine            Line        Source             
libpthread-2.28.s  00001517C3E96990  Unknown               Unknown  Unknown
libpthread-2.28.s  00001517C3E95E20  nanosleep             Unknown  Unknown
libopen-rte.so.40  00001517BFD5B44A  orte_show_help_no     Unknown  Unknown
libopen-rte.so.40  00001517BFD5B7AC  orte_show_help        Unknown  Unknown
libmpi.so.40.30.7  00001517C4FF400A  PMPI_Abort            Unknown  Unknown
libmpi_mpifh.so    00001517C533E2AE  Unknown               Unknown  Unknown
access-om3-MOM6    00000000018C01E7  mpp_error_basic            84  mpp_util_mpi.inc
access-om3-MOM6    00000000007C0936  mom_error                 178  MOM_error_handler.F90
access-om3-MOM6    0000000000871D37  initialize_topogr         166  MOM_shared_initialization.F90
access-om3-MOM6    000000000085AFF2  mom_initialize_to         227  MOM_fixed_initialization.F90
access-om3-MOM6    0000000000859BEB  mom_initialize_fi          85  MOM_fixed_initialization.F90
access-om3-MOM6    000000000056AB2E  initialize_mom           2878  MOM.F90
access-om3-MOM6    000000000053579D  ocean_model_init          283  mom_ocean_model_nuopc.F90
access-om3-MOM6    00000000004F6A9D  initializeadverti         753  mom_cap.F90
libesmf.so         00001517C77E8558  _ZN5ESMCI6FTable1     Unknown  Unknown
libesmf.so         00001517C77E7F9C  ESMCI_FTableCallE     Unknown  Unknown
libesmf.so         00001517C7B27664  _ZN5ESMCI2VM5ente     Unknown  Unknown
libesmf.so         00001517C77E8C30  c_esmc_ftablecall     Unknown  Unknown
libesmf.so         00001517C7D277F8  esmf_compmod_mp_e     Unknown  Unknown
libesmf.so         00001517C7FA2B39  esmf_gridcompmod_     Unknown  Unknown
libesmf.so         00001517C832E477  nuopc_driver_mp_l     Unknown  Unknown
libesmf.so         00001517C831D8C7  nuopc_driver_mp_i     Unknown  Unknown
libesmf.so         00001517C77E8558  _ZN5ESMCI6FTable1     Unknown  Unknown
libesmf.so         00001517C77E7F9C  ESMCI_FTableCallE     Unknown  Unknown
libesmf.so         00001517C7B27664  _ZN5ESMCI2VM5ente     Unknown  Unknown
libesmf.so         00001517C77E8C30  c_esmc_ftablecall     Unknown  Unknown
libesmf.so         00001517C7D277F8  esmf_compmod_mp_e     Unknown  Unknown
lforrtl: error (78): process killed (SIGTERM)
Image              PC                Routine            Line        Source             
libpthread-2.28.s  0000150EA0467990  Unknown               Unknown  Unknown
libpthread-2.28.s  0000150EA0466E20  nanosleep             Unknown  Unknown
libopen-rte.so.40  0000150E9C32C44A  orte_show_help_no     Unknown  Unknown
libopen-rte.so.40  0000150E9C32C7AC  orte_show_help        Unknown  Unknown
libmpi.so.40.30.7  0000150EA15C500A  PMPI_Abort            Unknown  Unknown
libmpi_mpifh.so    0000150EA190F2AE  Unknown               Unknown  Unknown
access-om3-MOM6    00000000018C01E7  mpp_error_basic            84  mpp_util_mpi.inc
access-om3-MOM6    00000000007C0936  mom_error                 178  MOM_error_handler.F90
access-om3-MOM6    0000000000871D37  initialize_topogr         166  MOM_shared_initialization.F90
access-om3-MOM6    000000000085AFF2  mom_initialize_to         227  MOM_fixed_initialization.F90
access-om3-MOM6    0000000000859BEB  mom_initialize_fi          85  MOM_fixed_initialization.F90
access-om3-MOM6    000000000056AB2E  initialize_mom           2878  MOM.F90
access-om3-MOM6    000000000053579D  ocean_model_init          283  mom_ocean_model_nuopc.F90
access-om3-MOM6    00000000004F6A9D  initializeadverti         753  mom_cap.F90
libesmf.so         0000150EA3DB9558  _ZN5ESMCI6FTable1     Unknown  Unknown
libesmf.so         0000150EA3DB8F9C  ESMCI_FTableCallE     Unknown  Unknown
libesmf.so         0000150EA40F8664  _ZN5ESMCI2VM5ente     Unknown  Unknown
libesmf.so         0000150EA3DB9C30  c_esmc_ftablecall     Unknown  Unknown
libesmf.so         0000150EA42F87F8  esmf_compmod_mp_e     Unknown  Unknown
libesmf.so         0000150EA4573B39  esmf_gridcompmod_     Unknown  Unknown
libesmf.so         0000150EA48FF477  nuopc_driver_mp_l     Unknown  Unknown
libesmf.so         0000150EA48EE8C7  nuopc_driver_mp_i     Unknown  Unknown
libesmf.so         0000150EA3DB9558  _ZN5ESMCI6FTable1     Unknown  Unknown
libesmf.so         0000150EA3DB8F9C  ESMCI_FTableCallE     Unknown  Unknown
libesmf.so         0000150EA40F8664  _ZN5ESMCI2VM5ente     Unknown  Unknown
libesmf.so         0000150EA3DB9C30  c_esmc_ftablecall     Unknown  Unknown
libesmf.so         0000150EA42F87F8  esmf_compmod_mp_e     Unknown  Unknown
libesmf.so         0000150EA4573B39  esmf_gridcompmod_     Unknown  Unknown
libesmf.so         0000150EA48FF477  nuopc_driver_mp_l     Unknown  Unknown
libesmf.so         0000150EA48EE7C3  nuopc_driver_mp_i     Unknown  Unknown
libesmf.so         0000150EA48E546E  nuopc_driver_mp_i     Unknown  Unknown
libesmf.so         0000150EA3DB9558  _ZN5ESMCI6FTable1     Unknown  Unknown
libesmf.so         0000150EA3DB8F9C  ESMCI_FTableCallE     Unknown  Unknown
libesmf.so         0000150EA40F8664  _ZN5ESMCI2VM5ente     Unknown  Unknown
libesmf.so         0000150EA3DB9C30  c_esmc_ftablecall     Unknown  Unknown
libesmf.so         0000150EA42F87F8  esmf_compmod_mp_e     Unknown  Unknown
libesmf.so         0000150EA4573B39  esmf_gridcompmod_     Unknown  Unknown
access-om3-MOM6    00000000004254AD  esmapp                    128  esmApp.F90
access-om3-MOM6    0000000000424EAD  Unknown               Unknown  Unknown
libc-2.28.so       0000150EA00B9865  __libc_start_main     Unknown  Unknown
access-om3-MOM6    0000000000424DCE  Unknown               Unknown  Unknown
ibesmf.so         00001517C7FA2B39  esmf_gridcompmod_     Unknown  Unknown
libesmf.so         00001517C832E477  nuopc_driver_mp_l     Unknown  Unknown
libesmf.so         00001517C831D7C3  nuopc_driver_mp_i     Unknown  Unknown
libesmf.so         00001517C831446E  nuopc_driver_mp_i     Unknown  Unknown
libesmf.so         00001517C77E8558  _ZN5ESMCI6FTable1     Unknown  Unknown
libesmf.so         00001517C77E7F9C  ESMCI_FTableCallE     Unknown  Unknown
libesmf.so         00001517C7B27664  _ZN5ESMCI2VM5ente     Unknown  Unknown
libesmf.so         00001517C77E8C30  c_esmc_ftablecall     Unknown  Unknown
libesmf.so         00001517C7D277F8  esmf_compmod_mp_e     Unknown  Unknown
libesmf.so         00001517C7FA2B39  esmf_gridcompmod_     Unknown  Unknown
access-om3-MOM6    00000000004254AD  esmapp                    128  esmApp.F90
access-om3-MOM6    0000000000424EAD  Unknown               Unknown  Unknown
libc-2.28.so       00001517C3AE8865  __libc_start_main     Unknown  Unknown
access-om3-MOM6    0000000000424DCE  Unknown               Unknown  Unknown
ibesmf.so         0000153FA5915F9C  ESMCI_FTableCallE     Unknown  Unknown
libesmf.so         0000153FA5C55664  _ZN5ESMCI2VM5ente     Unknown  Unknown
libesmf.so         0000153FA5916C30  c_esmc_ftablecall     Unknown  Unknown
libesmf.so         0000153FA5E557F8  esmf_compmod_mp_e     Unknown  Unknown
libesmf.so         0000153FA60D0B39  esmf_gridcompmod_     Unknown  Unknown
libesmf.so         0000153FA645C477  nuopc_driver_mp_l     Unknown  Unknown
libesmf.so         0000153FA644B7C3  nuopc_driver_mp_i     Unknown  Unknown
libesmf.so         0000153FA644246E  nuopc_driver_mp_i     Unknown  Unknown
libesmf.so         0000153FA5916558  _ZN5ESMCI6FTable1     Unknown  Unknown
libesmf.so         0000153FA5915F9C  ESMCI_FTableCallE     Unknown  Unknown
libesmf.so         0000153FA5C55664  _ZN5ESMCI2VM5ente     Unknown  Unknown
libesmf.so         0000153FA5916C30  c_esmc_ftablecall     Unknown  Unknown
libesmf.so         0000153FA5E557F8  esmf_compmod_mp_e     Unknown  Unknown
libesmf.so         0000153FA60D0B39  esmf_gridcompmod_     Unknown  Unknown
access-om3-MOM6    00000000004254AD  esmapp                    128  esmApp.F90
access-om3-MOM6    0000000000424EAD  Unknown               Unknown  Unknown
libc-2.28.so       0000153FA1C16865  __libc_start_main     Unknown  Unknown
access-om3-MOM6    0000000000424DCE  Unknown               Unknown  Unknown
ibesmf.so         000014745181FB39  esmf_gridcompmod_     Unknown  Unknown
libesmf.so         0000147451BAB477  nuopc_driver_mp_l     Unknown  Unknown
libesmf.so         0000147451B9A7C3  nuopc_driver_mp_i     Unknown  Unknown
libesmf.so         0000147451B9146E  nuopc_driver_mp_i     Unknown  Unknown
libesmf.so         0000147451065558  _ZN5ESMCI6FTable1     Unknown  Unknown
libesmf.so         0000147451064F9C  ESMCI_FTableCallE     Unknown  Unknown
libesmf.so         00001474513A4664  _ZN5ESMCI2VM5ente     Unknown  Unknown
libesmf.so         0000147451065C30  c_esmc_ftablecall     Unknown  Unknown
libesmf.so         00001474515A47F8  esmf_compmod_mp_e     Unknown  Unknown
libesmf.so         000014745181FB39  esmf_gridcompmod_     Unknown  Unknown
access-om3-MOM6    00000000004254AD  esmapp                    128  esmApp.F90
access-om3-MOM6    0000000000424EAD  Unknown               Unknown  Unknown
libc-2.28.so       000014744D365865  __libc_start_main     Unknown  Unknown
access-om3-MOM6    0000000000424DCE  Unknown               Unknown  Unknown
ibesmf.so         000014FCABF16B39  esmf_gridcompmod_     Unknown  Unknown
libesmf.so         000014FCAC2A2477  nuopc_driver_mp_l     Unknown  Unknown
libesmf.so         000014FCAC2917C3  nuopc_driver_mp_i     Unknown  Unknown
libesmf.so         000014FCAC28846E  nuopc_driver_mp_i     Unknown  Unknown
libesmf.so         000014FCAB75C558  _ZN5ESMCI6FTable1     Unknown  Unknown
libesmf.so         000014FCAB75BF9C  ESMCI_FTableCallE     Unknown  Unknown
libesmf.so         000014FCABA9B664  _ZN5ESMCI2VM5ente     Unknown  Unknown
libesmf.so         000014FCAB75CC30  c_esmc_ftablecall     Unknown  Unknown
libesmf.so         000014FCABC9B7F8  esmf_compmod_mp_e     Unknown  Unknown
libesmf.so         000014FCABF16B39  esmf_gridcompmod_     Unknown  Unknown
access-om3-MOM6    00000000004254AD  esmapp                    128  esmApp.F90
access-om3-MOM6    0000000000424EAD  Unknown               Unknown  Unknown
libc-2.28.so       000014FCA7A5C865  __libc_start_main     Unknown  Unknown
access-om3-MOM6    0000000000424DCE  Unknown               Unknown  Unknown
ibesmf.so         000014FE55A827F8  esmf_compmod_mp_e     Unknown  Unknown
libesmf.so         000014FE55CFDB39  esmf_gridcompmod_     Unknown  Unknown
libesmf.so         000014FE56089477  nuopc_driver_mp_l     Unknown  Unknown
libesmf.so         000014FE560787C3  nuopc_driver_mp_i     Unknown  Unknown
libesmf.so         000014FE5606F46E  nuopc_driver_mp_i     Unknown  Unknown
libesmf.so         000014FE55543558  _ZN5ESMCI6FTable1     Unknown  Unknown
libesmf.so         000014FE55542F9C  ESMCI_FTableCallE     Unknown  Unknown
libesmf.so         000014FE55882664  _ZN5ESMCI2VM5ente     Unknown  Unknown
libesmf.so         000014FE55543C30  c_esmc_ftablecall     Unknown  Unknown
libesmf.so         000014FE55A827F8  esmf_compmod_mp_e     Unknown  Unknown
libesmf.so         000014FE55CFDB39  esmf_gridcompmod_     Unknown  Unknown
access-om3-MOM6    00000000004254AD  esmapp                    128  esmApp.F90
access-om3-MOM6    0000000000424EAD  Unknown               Unknown  Unknown
libc-2.28.so       000014FE51843865  __libc_start_main     Unknown  Unknown
access-om3-MOM6    0000000000424DCE  Unknown               Unknown  Unknown
ibesmf.so         000014A737FA27F8  esmf_compmod_mp_e     Unknown  Unknown
libesmf.so         000014A73821DB39  esmf_gridcompmod_     Unknown  Unknown
libesmf.so         000014A7385A9477  nuopc_driver_mp_l     Unknown  Unknown
libesmf.so         000014A7385987C3  nuopc_driver_mp_i     Unknown  Unknown
libesmf.so         000014A73858F46E  nuopc_driver_mp_i     Unknown  Unknown
libesmf.so         000014A737A63558  _ZN5ESMCI6FTable1     Unknown  Unknown
libesmf.so         000014A737A62F9C  ESMCI_FTableCallE     Unknown  Unknown
libesmf.so         000014A737DA2664  _ZN5ESMCI2VM5ente     Unknown  Unknown
libesmf.so         000014A737A63C30  c_esmc_ftablecall     Unknown  Unknown
libesmf.so         000014A737FA27F8  esmf_compmod_mp_e     Unknown  Unknown
libesmf.so         000014A73821DB39  esmf_gridcompmod_     Unknown  Unknown
access-om3-MOM6    00000000004254AD  esmapp                    128  esmApp.F90
access-om3-MOM6    0000000000424EAD  Unknown               Unknown  Unknown
libc-2.28.so       000014A733D63865  __libc_start_main     Unknown  Unknown
access-om3-MOM6    0000000000424DCE  Unknown               Unknown  Unknown
ibesmf.so         0000146D3D6BD477  nuopc_driver_mp_l     Unknown  Unknown
libesmf.so         0000146D3D6AC7C3  nuopc_driver_mp_i     Unknown  Unknown
libesmf.so         0000146D3D6A346E  nuopc_driver_mp_i     Unknown  Unknown
libesmf.so         0000146D3CB77558  _ZN5ESMCI6FTable1     Unknown  Unknown
libesmf.so         0000146D3CB76F9C  ESMCI_FTableCallE     Unknown  Unknown
libesmf.so         0000146D3CEB6664  _ZN5ESMCI2VM5ente     Unknown  Unknown
libesmf.so         0000146D3CB77C30  c_esmc_ftablecall     Unknown  Unknown
libesmf.so         0000146D3D0B67F8  esmf_compmod_mp_e     Unknown  Unknown
libesmf.so         0000146D3D331B39  esmf_gridcompmod_     Unknown  Unknown
access-om3-MOM6    00000000004254AD  esmapp                    128  esmApp.F90
access-om3-MOM6    0000000000424EAD  Unknown               Unknown  Unknown
libc-2.28.so       0000146D38E77865  __libc_start_main     Unknown  Unknown
access-om3-MOM6    0000000000424DCE  Unknown               Unknown  Unknown
ibesmf.so         0000154B2F3C6664  _ZN5ESMCI2VM5ente     Unknown  Unknown
libesmf.so         0000154B2F087C30  c_esmc_ftablecall     Unknown  Unknown
libesmf.so         0000154B2F5C67F8  esmf_compmod_mp_e     Unknown  Unknown
libesmf.so         0000154B2F841B39  esmf_gridcompmod_     Unknown  Unknown
libesmf.so         0000154B2FBCD477  nuopc_driver_mp_l     Unknown  Unknown
libesmf.so         0000154B2FBBC7C3  nuopc_driver_mp_i     Unknown  Unknown
libesmf.so         0000154B2FBB346E  nuopc_driver_mp_i     Unknown  Unknown
libesmf.so         0000154B2F087558  _ZN5ESMCI6FTable1     Unknown  Unknown
libesmf.so         0000154B2F086F9C  ESMCI_FTableCallE     Unknown  Unknown
libesmf.so         0000154B2F3C6664  _ZN5ESMCI2VM5ente     Unknown  Unknown
libesmf.so         0000154B2F087C30  c_esmc_ftablecall     Unknown  Unknown
libesmf.so         0000154B2F5C67F8  esmf_compmod_mp_e     Unknown  Unknown
libesmf.so         0000154B2F841B39  esmf_gridcompmod_     Unknown  Unknown
access-om3-MOM6    00000000004254AD  esmapp                    128  esmApp.F90
access-om3-MOM6    0000000000424EAD  Unknown               Unknown  Unknown
libc-2.28.so       0000154B2B387865  __libc_start_main     Unknown  Unknown
access-om3-MOM6    0000000000424DCE  Unknown               Unknown  Unknown
ibesmf.so         00001525D282A477  nuopc_driver_mp_l     Unknown  Unknown
libesmf.so         00001525D28197C3  nuopc_driver_mp_i     Unknown  Unknown
libesmf.so         00001525D281046E  nuopc_driver_mp_i     Unknown  Unknown
libesmf.so         00001525D1CE4558  _ZN5ESMCI6FTable1     Unknown  Unknown
libesmf.so         00001525D1CE3F9C  ESMCI_FTableCallE     Unknown  Unknown
libesmf.so         00001525D2023664  _ZN5ESMCI2VM5ente     Unknown  Unknown
libesmf.so         00001525D1CE4C30  c_esmc_ftablecall     Unknown  Unknown
libesmf.so         00001525D22237F8  esmf_compmod_mp_e     Unknown  Unknown
libesmf.so         00001525D249EB39  esmf_gridcompmod_     Unknown  Unknown
access-om3-MOM6    00000000004254AD  esmapp                    128  esmApp.F90
access-om3-MOM6    0000000000424EAD  Unknown               Unknown  Unknown
libc-2.28.so       00001525CDFE4865  __libc_start_main     Unknown  Unknown
access-om3-MOM6    0000000000424DCE  Unknown               Unknown  Unknown
ibesmf.so         000014DFB5615477  nuopc_driver_mp_l     Unknown  Unknown
libesmf.so         000014DFB56047C3  nuopc_driver_mp_i     Unknown  Unknown
libesmf.so         000014DFB55FB46E  nuopc_driver_mp_i     Unknown  Unknown
libesmf.so         000014DFB4ACF558  _ZN5ESMCI6FTable1     Unknown  Unknown
libesmf.so         000014DFB4ACEF9C  ESMCI_FTableCallE     Unknown  Unknown
libesmf.so         000014DFB4E0E664  _ZN5ESMCI2VM5ente     Unknown  Unknown
libesmf.so         000014DFB4ACFC30  c_esmc_ftablecall     Unknown  Unknown
libesmf.so         000014DFB500E7F8  esmf_compmod_mp_e     Unknown  Unknown
libesmf.so         000014DFB5289B39  esmf_gridcompmod_     Unknown  Unknown
access-om3-MOM6    00000000004254AD  esmapp                    128  esmApp.F90
access-om3-MOM6    0000000000424EAD  Unknown               Unknown  Unknown
libc-2.28.so       000014DFB0DCF865  __libc_start_main     Unknown  Unknown
access-om3-MOM6    0000000000424DCE  Unknown               Unknown  Unknown
ibesmf.so         000014D44700D477  nuopc_driver_mp_l     Unknown  Unknown
libesmf.so         000014D446FFC7C3  nuopc_driver_mp_i     Unknown  Unknown
libesmf.so         000014D446FF346E  nuopc_driver_mp_i     Unknown  Unknown
libesmf.so         000014D4464C7558  _ZN5ESMCI6FTable1     Unknown  Unknown
libesmf.so         000014D4464C6F9C  ESMCI_FTableCallE     Unknown  Unknown
libesmf.so         000014D446806664  _ZN5ESMCI2VM5ente     Unknown  Unknown
libesmf.so         000014D4464C7C30  c_esmc_ftablecall     Unknown  Unknown
libesmf.so         000014D446A067F8  esmf_compmod_mp_e     Unknown  Unknown
libesmf.so         000014D446C81B39  esmf_gridcompmod_     Unknown  Unknown
access-om3-MOM6    00000000004254AD  esmapp                    128  esmApp.F90
access-om3-MOM6    0000000000424EAD  Unknown               Unknown  Unknown
libc-2.28.so       000014D4427C7865  __libc_start_main     Unknown  Unknown
access-om3-MOM6    0000000000424DCE  Unknown               Unknown  Unknown
ibesmf.so         00001527A62B5664  _ZN5ESMCI2VM5ente     Unknown  Unknown
libesmf.so         00001527A5F76C30  c_esmc_ftablecall     Unknown  Unknown
libesmf.so         00001527A64B57F8  esmf_compmod_mp_e     Unknown  Unknown
libesmf.so         00001527A6730B39  esmf_gridcompmod_     Unknown  Unknown
libesmf.so         00001527A6ABC477  nuopc_driver_mp_l     Unknown  Unknown
libesmf.so         00001527A6AAB7C3  nuopc_driver_mp_i     Unknown  Unknown
libesmf.so         00001527A6AA246E  nuopc_driver_mp_i     Unknown  Unknown
libesmf.so         00001527A5F76558  _ZN5ESMCI6FTable1     Unknown  Unknown
libesmf.so         00001527A5F75F9C  ESMCI_FTableCallE     Unknown  Unknown
libesmf.so         00001527A62B5664  _ZN5ESMCI2VM5ente     Unknown  Unknown
libesmf.so         00001527A5F76C30  c_esmc_ftablecall     Unknown  Unknown
libesmf.so         00001527A64B57F8  esmf_compmod_mp_e     Unknown  Unknown
libesmf.so         00001527A6730B39  esmf_gridcompmod_     Unknown  Unknown
access-om3-MOM6    00000000004254AD  esmapp                    128  esmApp.F90
access-om3-MOM6    0000000000424EAD  Unknown               Unknown  Unknown
libc-2.28.so       00001527A2276865  __libc_start_main     Unknown  Unknown
access-om3-MOM6    0000000000424DCE  Unknown               Unknown  Unknown
ibesmf.so         0000152403F16C30  c_esmc_ftablecall     Unknown  Unknown
libesmf.so         00001524044557F8  esmf_compmod_mp_e     Unknown  Unknown
libesmf.so         00001524046D0B39  esmf_gridcompmod_     Unknown  Unknown
libesmf.so         0000152404A5C477  nuopc_driver_mp_l     Unknown  Unknown
libesmf.so         0000152404A4B7C3  nuopc_driver_mp_i     Unknown  Unknown
libesmf.so         0000152404A4246E  nuopc_driver_mp_i     Unknown  Unknown
libesmf.so         0000152403F16558  _ZN5ESMCI6FTable1     Unknown  Unknown
libesmf.so         0000152403F15F9C  ESMCI_FTableCallE     Unknown  Unknown
libesmf.so         0000152404255664  _ZN5ESMCI2VM5ente     Unknown  Unknown
libesmf.so         0000152403F16C30  c_esmc_ftablecall     Unknown  Unknown
libesmf.so         00001524044557F8  esmf_compmod_mp_e     Unknown  Unknown
libesmf.so         00001524046D0B39  esmf_gridcompmod_     Unknown  Unknown
access-om3-MOM6    00000000004254AD  esmapp                    128  esmApp.F90
access-om3-MOM6    0000000000424EAD  Unknown               Unknown  Unknown
libc-2.28.so       0000152400216865  __libc_start_main     Unknown  Unknown
access-om3-MOM6    0000000000424DCE  Unknown               Unknown  Unknown
ibesmf.so         0000152F0DCDF664  _ZN5ESMCI2VM5ente     Unknown  Unknown
libesmf.so         0000152F0D9A0C30  c_esmc_ftablecall     Unknown  Unknown
libesmf.so         0000152F0DEDF7F8  esmf_compmod_mp_e     Unknown  Unknown
libesmf.so         0000152F0E15AB39  esmf_gridcompmod_     Unknown  Unknown
libesmf.so         0000152F0E4E6477  nuopc_driver_mp_l     Unknown  Unknown
libesmf.so         0000152F0E4D57C3  nuopc_driver_mp_i     Unknown  Unknown
libesmf.so         0000152F0E4CC46E  nuopc_driver_mp_i     Unknown  Unknown
libesmf.so         0000152F0D9A0558  _ZN5ESMCI6FTable1     Unknown  Unknown
libesmf.so         0000152F0D99FF9C  ESMCI_FTableCallE     Unknown  Unknown
libesmf.so         0000152F0DCDF664  _ZN5ESMCI2VM5ente     Unknown  Unknown
libesmf.so         0000152F0D9A0C30  c_esmc_ftablecall     Unknown  Unknown
libesmf.so         0000152F0DEDF7F8  esmf_compmod_mp_e     Unknown  Unknown
libesmf.so         0000152F0E15AB39  esmf_gridcompmod_     Unknown  Unknown
access-om3-MOM6    00000000004254AD  esmapp                    128  esmApp.F90
access-om3-MOM6    0000000000424EAD  Unknown               Unknown  Unknown
libc-2.28.so       0000152F09CA0865  __libc_start_main     Unknown  Unknown
access-om3-MOM6    0000000000424DCE  Unknown               Unknown  Unknown
ibesmf.so         0000150E0A6F9664  _ZN5ESMCI2VM5ente     Unknown  Unknown
libesmf.so         0000150E0A3BAC30  c_esmc_ftablecall     Unknown  Unknown
libesmf.so         0000150E0A8F97F8  esmf_compmod_mp_e     Unknown  Unknown
libesmf.so         0000150E0AB74B39  esmf_gridcompmod_     Unknown  Unknown
libesmf.so         0000150E0AF00477  nuopc_driver_mp_l     Unknown  Unknown
libesmf.so         0000150E0AEEF7C3  nuopc_driver_mp_i     Unknown  Unknown
libesmf.so         0000150E0AEE646E  nuopc_driver_mp_i     Unknown  Unknown
libesmf.so         0000150E0A3BA558  _ZN5ESMCI6FTable1     Unknown  Unknown
libesmf.so         0000150E0A3B9F9C  ESMCI_FTableCallE     Unknown  Unknown
libesmf.so         0000150E0A6F9664  _ZN5ESMCI2VM5ente     Unknown  Unknown
libesmf.so         0000150E0A3BAC30  c_esmc_ftablecall     Unknown  Unknown
libesmf.so         0000150E0A8F97F8  esmf_compmod_mp_e     Unknown  Unknown
libesmf.so         0000150E0AB74B39  esmf_gridcompmod_     Unknown  Unknown
access-om3-MOM6    00000000004254AD  esmapp                    128  esmApp.F90
access-om3-MOM6    0000000000424EAD  Unknown               Unknown  Unknown
libc-2.28.so       0000150E066BA865  __libc_start_main     Unknown  Unknown
access-om3-MOM6    0000000000424DCE  Unknown               Unknown  Unknown
ibesmf.so         000014A63EFFE7C3  nuopc_driver_mp_i     Unknown  Unknown
libesmf.so         000014A63EFF546E  nuopc_driver_mp_i     Unknown  Unknown
libesmf.so         000014A63E4C9558  _ZN5ESMCI6FTable1     Unknown  Unknown
libesmf.so         000014A63E4C8F9C  ESMCI_FTableCallE     Unknown  Unknown
libesmf.so         000014A63E808664  _ZN5ESMCI2VM5ente     Unknown  Unknown
libesmf.so         000014A63E4C9C30  c_esmc_ftablecall     Unknown  Unknown
libesmf.so         000014A63EA087F8  esmf_compmod_mp_e     Unknown  Unknown
libesmf.so         000014A63EC83B39  esmf_gridcompmod_     Unknown  Unknown
access-om3-MOM6    00000000004254AD  esmapp                    128  esmApp.F90
access-om3-MOM6    0000000000424EAD  Unknown               Unknown  Unknown
libc-2.28.so       000014A63A7C9865  __libc_start_main     Unknown  Unknown
access-om3-MOM6    0000000000424DCE  Unknown               Unknown  Unknown
ibesmf.so         000014AE9D10F7F8  esmf_compmod_mp_e     Unknown  Unknown
libesmf.so         000014AE9D38AB39  esmf_gridcompmod_     Unknown  Unknown
libesmf.so         000014AE9D716477  nuopc_driver_mp_l     Unknown  Unknown
libesmf.so         000014AE9D7057C3  nuopc_driver_mp_i     Unknown  Unknown
libesmf.so         000014AE9D6FC46E  nuopc_driver_mp_i     Unknown  Unknown
libesmf.so         000014AE9CBD0558  _ZN5ESMCI6FTable1     Unknown  Unknown
libesmf.so         000014AE9CBCFF9C  ESMCI_FTableCallE     Unknown  Unknown
libesmf.so         000014AE9CF0F664  _ZN5ESMCI2VM5ente     Unknown  Unknown
libesmf.so         000014AE9CBD0C30  c_esmc_ftablecall     Unknown  Unknown
libesmf.so         000014AE9D10F7F8  esmf_compmod_mp_e     Unknown  Unknown
libesmf.so         000014AE9D38AB39  esmf_gridcompmod_     Unknown  Unknown
access-om3-MOM6    00000000004254AD  esmapp                    128  esmApp.F90
access-om3-MOM6    0000000000424EAD  Unknown               Unknown  Unknown
libc-2.28.so       000014AE98ED0865  __libc_start_main     Unknown  Unknown
access-om3-MOM6    0000000000424DCE  Unknown               Unknown  Unknown
ibesmf.so         000015486D378B39  esmf_gridcompmod_     Unknown  Unknown
libesmf.so         000015486D704477  nuopc_driver_mp_l     Unknown  Unknown
libesmf.so         000015486D6F37C3  nuopc_driver_mp_i     Unknown  Unknown
libesmf.so         000015486D6EA46E  nuopc_driver_mp_i     Unknown  Unknown
libesmf.so         000015486CBBE558  _ZN5ESMCI6FTable1     Unknown  Unknown
libesmf.so         000015486CBBDF9C  ESMCI_FTableCallE     Unknown  Unknown
libesmf.so         000015486CEFD664  _ZN5ESMCI2VM5ente     Unknown  Unknown
libesmf.so         000015486CBBEC30  c_esmc_ftablecall     Unknown  Unknown
libesmf.so         000015486D0FD7F8  esmf_compmod_mp_e     Unknown  Unknown
libesmf.so         000015486D378B39  esmf_gridcompmod_     Unknown  Unknown
access-om3-MOM6    00000000004254AD  esmapp                    128  esmApp.F90
access-om3-MOM6    0000000000424EAD  Unknown               Unknown  Unknown
libc-2.28.so       0000154868EBE865  __libc_start_main     Unknown  Unknown
access-om3-MOM6    0000000000424DCE  Unknown               Unknown  Unknown
ibesmf.so         000015051FE19477  nuopc_driver_mp_l     Unknown  Unknown
libesmf.so         000015051FE087C3  nuopc_driver_mp_i     Unknown  Unknown
libesmf.so         000015051FDFF46E  nuopc_driver_mp_i     Unknown  Unknown
libesmf.so         000015051F2D3558  _ZN5ESMCI6FTable1     Unknown  Unknown
libesmf.so         000015051F2D2F9C  ESMCI_FTableCallE     Unknown  Unknown
libesmf.so         000015051F612664  _ZN5ESMCI2VM5ente     Unknown  Unknown
libesmf.so         000015051F2D3C30  c_esmc_ftablecall     Unknown  Unknown
libesmf.so         000015051F8127F8  esmf_compmod_mp_e     Unknown  Unknown
libesmf.so         000015051FA8DB39  esmf_gridcompmod_     Unknown  Unknown
access-om3-MOM6    00000000004254AD  esmapp                    128  esmApp.F90
access-om3-MOM6    0000000000424EAD  Unknown               Unknown  Unknown
libc-2.28.so       000015051B5D3865  __libc_start_main     Unknown  Unknown
access-om3-MOM6    0000000000424DCE  Unknown               Unknown  Unknown
ibesmf.so         0000148D84779B39  esmf_gridcompmod_     Unknown  Unknown
libesmf.so         0000148D84B05477  nuopc_driver_mp_l     Unknown  Unknown
libesmf.so         0000148D84AF47C3  nuopc_driver_mp_i     Unknown  Unknown
libesmf.so         0000148D84AEB46E  nuopc_driver_mp_i     Unknown  Unknown
libesmf.so         0000148D83FBF558  _ZN5ESMCI6FTable1     Unknown  Unknown
libesmf.so         0000148D83FBEF9C  ESMCI_FTableCallE     Unknown  Unknown
libesmf.so         0000148D842FE664  _ZN5ESMCI2VM5ente     Unknown  Unknown
libesmf.so         0000148D83FBFC30  c_esmc_ftablecall     Unknown  Unknown
libesmf.so         0000148D844FE7F8  esmf_compmod_mp_e     Unknown  Unknown
libesmf.so         0000148D84779B39  esmf_gridcompmod_     Unknown  Unknown
access-om3-MOM6    00000000004254AD  esmapp                    128  esmApp.F90
access-om3-MOM6    0000000000424EAD  Unknown               Unknown  Unknown
libc-2.28.so       0000148D802BF865  __libc_start_main     Unknown  Unknown
access-om3-MOM6    0000000000424DCE  Unknown               Unknown  Unknown
ibesmf.so         0000155425D057C3  nuopc_driver_mp_i     Unknown  Unknown
libesmf.so         0000155425CFC46E  nuopc_driver_mp_i     Unknown  Unknown
libesmf.so         00001554251D0558  _ZN5ESMCI6FTable1     Unknown  Unknown
libesmf.so         00001554251CFF9C  ESMCI_FTableCallE     Unknown  Unknown
libesmf.so         000015542550F664  _ZN5ESMCI2VM5ente     Unknown  Unknown
libesmf.so         00001554251D0C30  c_esmc_ftablecall     Unknown  Unknown
libesmf.so         000015542570F7F8  esmf_compmod_mp_e     Unknown  Unknown
libesmf.so         000015542598AB39  esmf_gridcompmod_     Unknown  Unknown
access-om3-MOM6    00000000004254AD  esmapp                    128  esmApp.F90
access-om3-MOM6    0000000000424EAD  Unknown               Unknown  Unknown
libc-2.28.so       00001554214D0865  __libc_start_main     Unknown  Unknown
access-om3-MOM6    0000000000424DCE  Unknown               Unknown  Unknown
ibesmf.so         00001476597D3477  nuopc_driver_mp_l     Unknown  Unknown
libesmf.so         00001476597C27C3  nuopc_driver_mp_i     Unknown  Unknown
libesmf.so         00001476597B946E  nuopc_driver_mp_i     Unknown  Unknown
libesmf.so         0000147658C8D558  _ZN5ESMCI6FTable1     Unknown  Unknown
libesmf.so         0000147658C8CF9C  ESMCI_FTableCallE     Unknown  Unknown
libesmf.so         0000147658FCC664  _ZN5ESMCI2VM5ente     Unknown  Unknown
libesmf.so         0000147658C8DC30  c_esmc_ftablecall     Unknown  Unknown
libesmf.so         00001476591CC7F8  esmf_compmod_mp_e     Unknown  Unknown
libesmf.so         0000147659447B39  esmf_gridcompmod_     Unknown  Unknown
access-om3-MOM6    00000000004254AD  esmapp                    128  esmApp.F90
access-om3-MOM6    0000000000424EAD  Unknown               Unknown  Unknown
libc-2.28.so       0000147654F8D865  __libc_start_main     Unknown  Unknown
access-om3-MOM6    0000000000424DCE  Unknown               Unknown  Unknown
ibesmf.so         000014C265B08B39  esmf_gridcompmod_     Unknown  Unknown
libesmf.so         000014C265E94477  nuopc_driver_mp_l     Unknown  Unknown
libesmf.so         000014C265E837C3  nuopc_driver_mp_i     Unknown  Unknown
libesmf.so         000014C265E7A46E  nuopc_driver_mp_i     Unknown  Unknown
libesmf.so         000014C26534E558  _ZN5ESMCI6FTable1     Unknown  Unknown
libesmf.so         000014C26534DF9C  ESMCI_FTableCallE     Unknown  Unknown
libesmf.so         000014C26568D664  _ZN5ESMCI2VM5ente     Unknown  Unknown
libesmf.so         000014C26534EC30  c_esmc_ftablecall     Unknown  Unknown
libesmf.so         000014C26588D7F8  esmf_compmod_mp_e     Unknown  Unknown
libesmf.so         000014C265B08B39  esmf_gridcompmod_     Unknown  Unknown
access-om3-MOM6    00000000004254AD  esmapp                    128  esmApp.F90
access-om3-MOM6    0000000000424EAD  Unknown               Unknown  Unknown
libc-2.28.so       000014C26164E865  __libc_start_main     Unknown  Unknown
access-om3-MOM6    0000000000424DCE  Unknown               Unknown  Unknown
ibesmf.so         000014D860C21477  nuopc_driver_mp_l     Unknown  Unknown
libesmf.so         000014D860C107C3  nuopc_driver_mp_i     Unknown  Unknown
libesmf.so         000014D860C0746E  nuopc_driver_mp_i     Unknown  Unknown
libesmf.so         000014D8600DB558  _ZN5ESMCI6FTable1     Unknown  Unknown
libesmf.so         000014D8600DAF9C  ESMCI_FTableCallE     Unknown  Unknown
libesmf.so         000014D86041A664  _ZN5ESMCI2VM5ente     Unknown  Unknown
libesmf.so         000014D8600DBC30  c_esmc_ftablecall     Unknown  Unknown
libesmf.so         000014D86061A7F8  esmf_compmod_mp_e     Unknown  Unknown
libesmf.so         000014D860895B39  esmf_gridcompmod_     Unknown  Unknown
access-om3-MOM6    00000000004254AD  esmapp                    128  esmApp.F90
access-om3-MOM6    0000000000424EAD  Unknown               Unknown  Unknown
libc-2.28.so       000014D85C3DB865  __libc_start_main     Unknown  Unknown
access-om3-MOM6    0000000000424DCE  Unknown               Unknown  Unknown
ibesmf.so         00001554C0B6E477  nuopc_driver_mp_l     Unknown  Unknown
libesmf.so         00001554C0B5D7C3  nuopc_driver_mp_i     Unknown  Unknown
libesmf.so         00001554C0B5446E  nuopc_driver_mp_i     Unknown  Unknown
libesmf.so         00001554C0028558  _ZN5ESMCI6FTable1     Unknown  Unknown
libesmf.so         00001554C0027F9C  ESMCI_FTableCallE     Unknown  Unknown
libesmf.so         00001554C0367664  _ZN5ESMCI2VM5ente     Unknown  Unknown
libesmf.so         00001554C0028C30  c_esmc_ftablecall     Unknown  Unknown
libesmf.so         00001554C05677F8  esmf_compmod_mp_e     Unknown  Unknown
libesmf.so         00001554C07E2B39  esmf_gridcompmod_     Unknown  Unknown
access-om3-MOM6    00000000004254AD  esmapp                    128  esmApp.F90
access-om3-MOM6    0000000000424EAD  Unknown               Unknown  Unknown
libc-2.28.so       00001554BC328865  __libc_start_main     Unknown  Unknown
access-om3-MOM6    0000000000424DCE  Unknown               Unknown  Unknown
ibesmf.so         0000148915942477  nuopc_driver_mp_l     Unknown  Unknown
libesmf.so         00001489159317C3  nuopc_driver_mp_i     Unknown  Unknown
libesmf.so         000014891592846E  nuopc_driver_mp_i     Unknown  Unknown
libesmf.so         0000148914DFC558  _ZN5ESMCI6FTable1     Unknown  Unknown
libesmf.so         0000148914DFBF9C  ESMCI_FTableCallE     Unknown  Unknown
libesmf.so         000014891513B664  _ZN5ESMCI2VM5ente     Unknown  Unknown
libesmf.so         0000148914DFCC30  c_esmc_ftablecall     Unknown  Unknown
libesmf.so         000014891533B7F8  esmf_compmod_mp_e     Unknown  Unknown
libesmf.so         00001489155B6B39  esmf_gridcompmod_     Unknown  Unknown
access-om3-MOM6    00000000004254AD  esmapp                    128  esmApp.F90
access-om3-MOM6    0000000000424EAD  Unknown               Unknown  Unknown
libc-2.28.so       00001489110FC865  __libc_start_main     Unknown  Unknown
access-om3-MOM6    0000000000424DCE  Unknown               Unknown  Unknown
ibesmf.so         000014FAB7399C30  c_esmc_ftablecall     Unknown  Unknown
libesmf.so         000014FAB78D87F8  esmf_compmod_mp_e     Unknown  Unknown
libesmf.so         000014FAB7B53B39  esmf_gridcompmod_     Unknown  Unknown
libesmf.so         000014FAB7EDF477  nuopc_driver_mp_l     Unknown  Unknown
libesmf.so         000014FAB7ECE7C3  nuopc_driver_mp_i     Unknown  Unknown
libesmf.so         000014FAB7EC546E  nuopc_driver_mp_i     Unknown  Unknown
libesmf.so         000014FAB7399558  _ZN5ESMCI6FTable1     Unknown  Unknown
libesmf.so         000014FAB7398F9C  ESMCI_FTableCallE     Unknown  Unknown
libesmf.so         000014FAB76D8664  _ZN5ESMCI2VM5ente     Unknown  Unknown
libesmf.so         000014FAB7399C30  c_esmc_ftablecall     Unknown  Unknown
libesmf.so         000014FAB78D87F8  esmf_compmod_mp_e     Unknown  Unknown
libesmf.so         000014FAB7B53B39  esmf_gridcompmod_     Unknown  Unknown
access-om3-MOM6    00000000004254AD  esmapp                    128  esmApp.F90
access-om3-MOM6    0000000000424EAD  Unknown               Unknown  Unknown
libc-2.28.so       000014FAB3699865  __libc_start_main     Unknown  Unknown
access-om3-MOM6    0000000000424DCE  Unknown               Unknown  Unknown
ibesmf.so         000014D40442E477  nuopc_driver_mp_l     Unknown  Unknown
libesmf.so         000014D40441D7C3  nuopc_driver_mp_i     Unknown  Unknown
libesmf.so         000014D40441446E  nuopc_driver_mp_i     Unknown  Unknown
libesmf.so         000014D4038E8558  _ZN5ESMCI6FTable1     Unknown  Unknown
libesmf.so         000014D4038E7F9C  ESMCI_FTableCallE     Unknown  Unknown
libesmf.so         000014D403C27664  _ZN5ESMCI2VM5ente     Unknown  Unknown
libesmf.so         000014D4038E8C30  c_esmc_ftablecall     Unknown  Unknown
libesmf.so         000014D403E277F8  esmf_compmod_mp_e     Unknown  Unknown
libesmf.so         000014D4040A2B39  esmf_gridcompmod_     Unknown  Unknown
access-om3-MOM6    00000000004254AD  esmapp                    128  esmApp.F90
access-om3-MOM6    0000000000424EAD  Unknown               Unknown  Unknown
libc-2.28.so       000014D3FFBE8865  __libc_start_main     Unknown  Unknown
access-om3-MOM6    0000000000424DCE  Unknown               Unknown  Unknown
ibesmf.so         00001490F7AD5477  nuopc_driver_mp_l     Unknown  Unknown
libesmf.so         00001490F7AC47C3  nuopc_driver_mp_i     Unknown  Unknown
libesmf.so         00001490F7ABB46E  nuopc_driver_mp_i     Unknown  Unknown
libesmf.so         00001490F6F8F558  _ZN5ESMCI6FTable1     Unknown  Unknown
libesmf.so         00001490F6F8EF9C  ESMCI_FTableCallE     Unknown  Unknown
libesmf.so         00001490F72CE664  _ZN5ESMCI2VM5ente     Unknown  Unknown
libesmf.so         00001490F6F8FC30  c_esmc_ftablecall     Unknown  Unknown
libesmf.so         00001490F74CE7F8  esmf_compmod_mp_e     Unknown  Unknown
libesmf.so         00001490F7749B39  esmf_gridcompmod_     Unknown  Unknown
access-om3-MOM6    00000000004254AD  esmapp                    128  esmApp.F90
access-om3-MOM6    0000000000424EAD  Unknown               Unknown  Unknown
libc-2.28.so       00001490F328F865  __libc_start_main     Unknown  Unknown
access-om3-MOM6    0000000000424DCE  Unknown               Unknown  Unknown
ibesmf.so         000014702B415C30  c_esmc_ftablecall     Unknown  Unknown
libesmf.so         000014702B9547F8  esmf_compmod_mp_e     Unknown  Unknown
libesmf.so         000014702BBCFB39  esmf_gridcompmod_     Unknown  Unknown
libesmf.so         000014702BF5B477  nuopc_driver_mp_l     Unknown  Unknown
libesmf.so         000014702BF4A7C3  nuopc_driver_mp_i     Unknown  Unknown
libesmf.so         000014702BF4146E  nuopc_driver_mp_i     Unknown  Unknown
libesmf.so         000014702B415558  _ZN5ESMCI6FTable1     Unknown  Unknown
libesmf.so         000014702B414F9C  ESMCI_FTableCallE     Unknown  Unknown
libesmf.so         000014702B754664  _ZN5ESMCI2VM5ente     Unknown  Unknown
libesmf.so         000014702B415C30  c_esmc_ftablecall     Unknown  Unknown
libesmf.so         000014702B9547F8  esmf_compmod_mp_e     Unknown  Unknown
libesmf.so         000014702BBCFB39  esmf_gridcompmod_     Unknown  Unknown
access-om3-MOM6    00000000004254AD  esmapp                    128  esmApp.F90
access-om3-MOM6    0000000000424EAD  Unknown               Unknown  Unknown
libc-2.28.so       0000147027715865  __libc_start_main     Unknown  Unknown
access-om3-MOM6    0000000000424DCE  Unknown               Unknown  Unknown
ibesmf.so         000014C216771477  nuopc_driver_mp_l     Unknown  Unknown
libesmf.so         000014C2167607C3  nuopc_driver_mp_i     Unknown  Unknown
libesmf.so         000014C21675746E  nuopc_driver_mp_i     Unknown  Unknown
libesmf.so         000014C215C2B558  _ZN5ESMCI6FTable1     Unknown  Unknown
libesmf.so         000014C215C2AF9C  ESMCI_FTableCallE     Unknown  Unknown
libesmf.so         000014C215F6A664  _ZN5ESMCI2VM5ente     Unknown  Unknown
libesmf.so         000014C215C2BC30  c_esmc_ftablecall     Unknown  Unknown
libesmf.so         000014C21616A7F8  esmf_compmod_mp_e     Unknown  Unknown
libesmf.so         000014C2163E5B39  esmf_gridcompmod_     Unknown  Unknown
access-om3-MOM6    00000000004254AD  esmapp                    128  esmApp.F90
access-om3-MOM6    0000000000424EAD  Unknown               Unknown  Unknown
libc-2.28.so       000014C211F2B865  __libc_start_main     Unknown  Unknown
access-om3-MOM6    0000000000424DCE  Unknown               Unknown  Unknown
ibesmf.so         000014A396868B39  esmf_gridcompmod_     Unknown  Unknown
libesmf.so         000014A396BF4477  nuopc_driver_mp_l     Unknown  Unknown
libesmf.so         000014A396BE37C3  nuopc_driver_mp_i     Unknown  Unknown
libesmf.so         000014A396BDA46E  nuopc_driver_mp_i     Unknown  Unknown
libesmf.so         000014A3960AE558  _ZN5ESMCI6FTable1     Unknown  Unknown
libesmf.so         000014A3960ADF9C  ESMCI_FTableCallE     Unknown  Unknown
libesmf.so         000014A3963ED664  _ZN5ESMCI2VM5ente     Unknown  Unknown
libesmf.so         000014A3960AEC30  c_esmc_ftablecall     Unknown  Unknown
libesmf.so         000014A3965ED7F8  esmf_compmod_mp_e     Unknown  Unknown
libesmf.so         000014A396868B39  esmf_gridcompmod_     Unknown  Unknown
access-om3-MOM6    00000000004254AD  esmapp                    128  esmApp.F90
access-om3-MOM6    0000000000424EAD  Unknown               Unknown  Unknown
libc-2.28.so       000014A3923AE865  __libc_start_main     Unknown  Unknown
access-om3-MOM6    0000000000424DCE  Unknown               Unknown  Unknown
ibesmf.so         000014E99E769B39  esmf_gridcompmod_     Unknown  Unknown
libesmf.so         000014E99EAF5477  nuopc_driver_mp_l     Unknown  Unknown
libesmf.so         000014E99EAE47C3  nuopc_driver_mp_i     Unknown  Unknown
libesmf.so         000014E99EADB46E  nuopc_driver_mp_i     Unknown  Unknown
libesmf.so         000014E99DFAF558  _ZN5ESMCI6FTable1     Unknown  Unknown
libesmf.so         000014E99DFAEF9C  ESMCI_FTableCallE     Unknown  Unknown
libesmf.so         000014E99E2EE664  _ZN5ESMCI2VM5ente     Unknown  Unknown
libesmf.so         000014E99DFAFC30  c_esmc_ftablecall     Unknown  Unknown
libesmf.so         000014E99E4EE7F8  esmf_compmod_mp_e     Unknown  Unknown
libesmf.so         000014E99E769B39  esmf_gridcompmod_     Unknown  Unknown
access-om3-MOM6    00000000004254AD  esmapp                    128  esmApp.F90
access-om3-MOM6    0000000000424EAD  Unknown               Unknown  Unknown
libc-2.28.so       000014E99A2AF865  __libc_start_main     Unknown  Unknown
access-om3-MOM6    0000000000424DCE  Unknown               Unknown  Unknown
ibesmf.so         000015278263F477  nuopc_driver_mp_l     Unknown  Unknown
libesmf.so         000015278262E7C3  nuopc_driver_mp_i     Unknown  Unknown
libesmf.so         000015278262546E  nuopc_driver_mp_i     Unknown  Unknown
libesmf.so         0000152781AF9558  _ZN5ESMCI6FTable1     Unknown  Unknown
libesmf.so         0000152781AF8F9C  ESMCI_FTableCallE     Unknown  Unknown
libesmf.so         0000152781E38664  _ZN5ESMCI2VM5ente     Unknown  Unknown
libesmf.so         0000152781AF9C30  c_esmc_ftablecall     Unknown  Unknown
libesmf.so         00001527820387F8  esmf_compmod_mp_e     Unknown  Unknown
libesmf.so         00001527822B3B39  esmf_gridcompmod_     Unknown  Unknown
access-om3-MOM6    00000000004254AD  esmapp                    128  esmApp.F90
access-om3-MOM6    0000000000424EAD  Unknown               Unknown  Unknown
libc-2.28.so       000015277DDF9865  __libc_start_main     Unknown  Unknown
access-om3-MOM6    0000000000424DCE  Unknown               Unknown  Unknown
ibesmf.so         000014E79E247477  nuopc_driver_mp_l     Unknown  Unknown
libesmf.so         000014E79E2367C3  nuopc_driver_mp_i     Unknown  Unknown
libesmf.so         000014E79E22D46E  nuopc_driver_mp_i     Unknown  Unknown
libesmf.so         000014E79D701558  _ZN5ESMCI6FTable1     Unknown  Unknown
libesmf.so         000014E79D700F9C  ESMCI_FTableCallE     Unknown  Unknown
libesmf.so         000014E79DA40664  _ZN5ESMCI2VM5ente     Unknown  Unknown
libesmf.so         000014E79D701C30  c_esmc_ftablecall     Unknown  Unknown
libesmf.so         000014E79DC407F8  esmf_compmod_mp_e     Unknown  Unknown
libesmf.so         000014E79DEBBB39  esmf_gridcompmod_     Unknown  Unknown
access-om3-MOM6    00000000004254AD  esmapp                    128  esmApp.F90
access-om3-MOM6    0000000000424EAD  Unknown               Unknown  Unknown
libc-2.28.so       000014E799A01865  __libc_start_main     Unknown  Unknown
access-om3-MOM6    0000000000424DCE  Unknown               Unknown  Unknown
ibesmf.so         000014CADE0BC477  nuopc_driver_mp_l     Unknown  Unknown
libesmf.so         000014CADE0AB7C3  nuopc_driver_mp_i     Unknown  Unknown
libesmf.so         000014CADE0A246E  nuopc_driver_mp_i     Unknown  Unknown
libesmf.so         000014CADD576558  _ZN5ESMCI6FTable1     Unknown  Unknown
libesmf.so         000014CADD575F9C  ESMCI_FTableCallE     Unknown  Unknown
libesmf.so         000014CADD8B5664  _ZN5ESMCI2VM5ente     Unknown  Unknown
libesmf.so         000014CADD576C30  c_esmc_ftablecall     Unknown  Unknown
libesmf.so         000014CADDAB57F8  esmf_compmod_mp_e     Unknown  Unknown
libesmf.so         000014CADDD30B39  esmf_gridcompmod_     Unknown  Unknown
access-om3-MOM6    00000000004254AD  esmapp                    128  esmApp.F90
access-om3-MOM6    0000000000424EAD  Unknown               Unknown  Unknown
libc-2.28.so       000014CAD9876865  __libc_start_main     Unknown  Unknown
access-om3-MOM6    0000000000424DCE  Unknown               Unknown  Unknown
ibesmf.so         0000145866DC7477  nuopc_driver_mp_l     Unknown  Unknown
libesmf.so         0000145866DB67C3  nuopc_driver_mp_i     Unknown  Unknown
libesmf.so         0000145866DAD46E  nuopc_driver_mp_i     Unknown  Unknown
libesmf.so         0000145866281558  _ZN5ESMCI6FTable1     Unknown  Unknown
libesmf.so         0000145866280F9C  ESMCI_FTableCallE     Unknown  Unknown
libesmf.so         00001458665C0664  _ZN5ESMCI2VM5ente     Unknown  Unknown
libesmf.so         0000145866281C30  c_esmc_ftablecall     Unknown  Unknown
libesmf.so         00001458667C07F8  esmf_compmod_mp_e     Unknown  Unknown
libesmf.so         0000145866A3BB39  esmf_gridcompmod_     Unknown  Unknown
access-om3-MOM6    00000000004254AD  esmapp                    128  esmApp.F90
access-om3-MOM6    0000000000424EAD  Unknown               Unknown  Unknown
libc-2.28.so       0000145862581865  __libc_start_main     Unknown  Unknown
access-om3-MOM6    0000000000424DCE  Unknown               Unknown  Unknown
ibesmf.so         000014C1F36E2477  nuopc_driver_mp_l     Unknown  Unknown
libesmf.so         000014C1F36D17C3  nuopc_driver_mp_i     Unknown  Unknown
libesmf.so         000014C1F36C846E  nuopc_driver_mp_i     Unknown  Unknown
libesmf.so         000014C1F2B9C558  _ZN5ESMCI6FTable1     Unknown  Unknown
libesmf.so         000014C1F2B9BF9C  ESMCI_FTableCallE     Unknown  Unknown
libesmf.so         000014C1F2EDB664  _ZN5ESMCI2VM5ente     Unknown  Unknown
libesmf.so         000014C1F2B9CC30  c_esmc_ftablecall     Unknown  Unknown
libesmf.so         000014C1F30DB7F8  esmf_compmod_mp_e     Unknown  Unknown
libesmf.so         000014C1F3356B39  esmf_gridcompmod_     Unknown  Unknown
access-om3-MOM6    00000000004254AD  esmapp                    128  esmApp.F90
access-om3-MOM6    0000000000424EAD  Unknown               Unknown  Unknown
libc-2.28.so       000014C1EEE9C865  __libc_start_main     Unknown  Unknown
access-om3-MOM6    0000000000424DCE  Unknown               Unknown  Unknown
ibesmf.so         000014C0C4092477  nuopc_driver_mp_l     Unknown  Unknown
libesmf.so         000014C0C40817C3  nuopc_driver_mp_i     Unknown  Unknown
libesmf.so         000014C0C407846E  nuopc_driver_mp_i     Unknown  Unknown
libesmf.so         000014C0C354C558  _ZN5ESMCI6FTable1     Unknown  Unknown
libesmf.so         000014C0C354BF9C  ESMCI_FTableCallE     Unknown  Unknown
libesmf.so         000014C0C388B664  _ZN5ESMCI2VM5ente     Unknown  Unknown
libesmf.so         000014C0C354CC30  c_esmc_ftablecall     Unknown  Unknown
libesmf.so         000014C0C3A8B7F8  esmf_compmod_mp_e     Unknown  Unknown
libesmf.so         000014C0C3D06B39  esmf_gridcompmod_     Unknown  Unknown
access-om3-MOM6    00000000004254AD  esmapp                    128  esmApp.F90
access-om3-MOM6    0000000000424EAD  Unknown               Unknown  Unknown
libc-2.28.so       000014C0BF84C865  __libc_start_main     Unknown  Unknown
access-om3-MOM6    0000000000424DCE  Unknown               Unknown  Unknown
ibesmf.so         0000147E069AC477  nuopc_driver_mp_l     Unknown  Unknown
libesmf.so         0000147E0699B7C3  nuopc_driver_mp_i     Unknown  Unknown
libesmf.so         0000147E0699246E  nuopc_driver_mp_i     Unknown  Unknown
libesmf.so         0000147E05E66558  _ZN5ESMCI6FTable1     Unknown  Unknown
libesmf.so         0000147E05E65F9C  ESMCI_FTableCallE     Unknown  Unknown
libesmf.so         0000147E061A5664  _ZN5ESMCI2VM5ente     Unknown  Unknown
libesmf.so         0000147E05E66C30  c_esmc_ftablecall     Unknown  Unknown
libesmf.so         0000147E063A57F8  esmf_compmod_mp_e     Unknown  Unknown
libesmf.so         0000147E06620B39  esmf_gridcompmod_     Unknown  Unknown
access-om3-MOM6    00000000004254AD  esmapp                    128  esmApp.F90
access-om3-MOM6    0000000000424EAD  Unknown               Unknown  Unknown
libc-2.28.so       0000147E02166865  __libc_start_main     Unknown  Unknown
access-om3-MOM6    0000000000424DCE  Unknown               Unknown  Unknown
ibesmf.so         0000150CD8D0F558  _ZN5ESMCI6FTable1     Unknown  Unknown
libesmf.so         0000150CD8D0EF9C  ESMCI_FTableCallE     Unknown  Unknown
libesmf.so         0000150CD904E664  _ZN5ESMCI2VM5ente     Unknown  Unknown
libesmf.so         0000150CD8D0FC30  c_esmc_ftablecall     Unknown  Unknown
libesmf.so         0000150CD924E7F8  esmf_compmod_mp_e     Unknown  Unknown
libesmf.so         0000150CD94C9B39  esmf_gridcompmod_     Unknown  Unknown
libesmf.so         0000150CD9855477  nuopc_driver_mp_l     Unknown  Unknown
libesmf.so         0000150CD98447C3  nuopc_driver_mp_i     Unknown  Unknown
libesmf.so         0000150CD983B46E  nuopc_driver_mp_i     Unknown  Unknown
libesmf.so         0000150CD8D0F558  _ZN5ESMCI6FTable1     Unknown  Unknown
libesmf.so         0000150CD8D0EF9C  ESMCI_FTableCallE     Unknown  Unknown
libesmf.so         0000150CD904E664  _ZN5ESMCI2VM5ente     Unknown  Unknown
libesmf.so         0000150CD8D0FC30  c_esmc_ftablecall     Unknown  Unknown
libesmf.so         0000150CD924E7F8  esmf_compmod_mp_e     Unknown  Unknown
libesmf.so         0000150CD94C9B39  esmf_gridcompmod_     Unknown  Unknown
access-om3-MOM6    00000000004254AD  esmapp                    128  esmApp.F90
access-om3-MOM6    0000000000424EAD  Unknown               Unknown  Unknown
libc-2.28.so       0000150CD500F865  __libc_start_main     Unknown  Unknown
access-om3-MOM6    0000000000424DCE  Unknown               Unknown  Unknown
ibesmf.so         000014BBCE3A8477  nuopc_driver_mp_l     Unknown  Unknown
libesmf.so         000014BBCE3977C3  nuopc_driver_mp_i     Unknown  Unknown
libesmf.so         000014BBCE38E46E  nuopc_driver_mp_i     Unknown  Unknown
libesmf.so         000014BBCD862558  _ZN5ESMCI6FTable1     Unknown  Unknown
libesmf.so         000014BBCD861F9C  ESMCI_FTableCallE     Unknown  Unknown
libesmf.so         000014BBCDBA1664  _ZN5ESMCI2VM5ente     Unknown  Unknown
libesmf.so         000014BBCD862C30  c_esmc_ftablecall     Unknown  Unknown
libesmf.so         000014BBCDDA17F8  esmf_compmod_mp_e     Unknown  Unknown
libesmf.so         000014BBCE01CB39  esmf_gridcompmod_     Unknown  Unknown
access-om3-MOM6    00000000004254AD  esmapp                    128  esmApp.F90
access-om3-MOM6    0000000000424EAD  Unknown               Unknown  Unknown
libc-2.28.so       000014BBC9B62865  __libc_start_main     Unknown  Unknown
access-om3-MOM6    0000000000424DCE  Unknown               Unknown  Unknown
ibesmf.so         0000151FB45DE477  nuopc_driver_mp_l     Unknown  Unknown
libesmf.so         0000151FB45CD7C3  nuopc_driver_mp_i     Unknown  Unknown
libesmf.so         0000151FB45C446E  nuopc_driver_mp_i     Unknown  Unknown
libesmf.so         0000151FB3A98558  _ZN5ESMCI6FTable1     Unknown  Unknown
libesmf.so         0000151FB3A97F9C  ESMCI_FTableCallE     Unknown  Unknown
libesmf.so         0000151FB3DD7664  _ZN5ESMCI2VM5ente     Unknown  Unknown
libesmf.so         0000151FB3A98C30  c_esmc_ftablecall     Unknown  Unknown
libesmf.so         0000151FB3FD77F8  esmf_compmod_mp_e     Unknown  Unknown
libesmf.so         0000151FB4252B39  esmf_gridcompmod_     Unknown  Unknown
access-om3-MOM6    00000000004254AD  esmapp                    128  esmApp.F90
access-om3-MOM6    0000000000424EAD  Unknown               Unknown  Unknown
libc-2.28.so       0000151FAFD98865  __libc_start_main     Unknown  Unknown
access-om3-MOM6    0000000000424DCE  Unknown               Unknown  Unknown
ibesmf.so         00001484C9A44B39  esmf_gridcompmod_     Unknown  Unknown
libesmf.so         00001484C9DD0477  nuopc_driver_mp_l     Unknown  Unknown
libesmf.so         00001484C9DBF7C3  nuopc_driver_mp_i     Unknown  Unknown
libesmf.so         00001484C9DB646E  nuopc_driver_mp_i     Unknown  Unknown
libesmf.so         00001484C928A558  _ZN5ESMCI6FTable1     Unknown  Unknown
libesmf.so         00001484C9289F9C  ESMCI_FTableCallE     Unknown  Unknown
libesmf.so         00001484C95C9664  _ZN5ESMCI2VM5ente     Unknown  Unknown
libesmf.so         00001484C928AC30  c_esmc_ftablecall     Unknown  Unknown
libesmf.so         00001484C97C97F8  esmf_compmod_mp_e     Unknown  Unknown
libesmf.so         00001484C9A44B39  esmf_gridcompmod_     Unknown  Unknown
access-om3-MOM6    00000000004254AD  esmapp                    128  esmApp.F90
access-om3-MOM6    0000000000424EAD  Unknown               Unknown  Unknown
libc-2.28.so       00001484C558A865  __libc_start_main     Unknown  Unknown
access-om3-MOM6    0000000000424DCE  Unknown               Unknown  Unknown
ibesmf.so         0000145D6B67A477  nuopc_driver_mp_l     Unknown  Unknown
libesmf.so         0000145D6B6697C3  nuopc_driver_mp_i     Unknown  Unknown
libesmf.so         0000145D6B66046E  nuopc_driver_mp_i     Unknown  Unknown
libesmf.so         0000145D6AB34558  _ZN5ESMCI6FTable1     Unknown  Unknown
libesmf.so         0000145D6AB33F9C  ESMCI_FTableCallE     Unknown  Unknown
libesmf.so         0000145D6AE73664  _ZN5ESMCI2VM5ente     Unknown  Unknown
libesmf.so         0000145D6AB34C30  c_esmc_ftablecall     Unknown  Unknown
libesmf.so         0000145D6B0737F8  esmf_compmod_mp_e     Unknown  Unknown
libesmf.so         0000145D6B2EEB39  esmf_gridcompmod_     Unknown  Unknown
access-om3-MOM6    00000000004254AD  esmapp                    128  esmApp.F90
access-om3-MOM6    0000000000424EAD  Unknown               Unknown  Unknown
libc-2.28.so       0000145D66E34865  __libc_start_main     Unknown  Unknown
access-om3-MOM6    0000000000424DCE  Unknown               Unknown  Unknown
ibesmf.so         00001483EE58C477  nuopc_driver_mp_l     Unknown  Unknown
libesmf.so         00001483EE57B7C3  nuopc_driver_mp_i     Unknown  Unknown
libesmf.so         00001483EE57246E  nuopc_driver_mp_i     Unknown  Unknown
libesmf.so         00001483EDA46558  _ZN5ESMCI6FTable1     Unknown  Unknown
libesmf.so         00001483EDA45F9C  ESMCI_FTableCallE     Unknown  Unknown
libesmf.so         00001483EDD85664  _ZN5ESMCI2VM5ente     Unknown  Unknown
libesmf.so         00001483EDA46C30  c_esmc_ftablecall     Unknown  Unknown
libesmf.so         00001483EDF857F8  esmf_compmod_mp_e     Unknown  Unknown
libesmf.so         00001483EE200B39  esmf_gridcompmod_     Unknown  Unknown
access-om3-MOM6    00000000004254AD  esmapp                    128  esmApp.F90
access-om3-MOM6    0000000000424EAD  Unknown               Unknown  Unknown
libc-2.28.so       00001483E9D46865  __libc_start_main     Unknown  Unknown
access-om3-MOM6    0000000000424DCE  Unknown               Unknown  Unknown
ibesmf.so         00001503EC0A6477  nuopc_driver_mp_l     Unknown  Unknown
libesmf.so         00001503EC0957C3  nuopc_driver_mp_i     Unknown  Unknown
libesmf.so         00001503EC08C46E  nuopc_driver_mp_i     Unknown  Unknown
libesmf.so         00001503EB560558  _ZN5ESMCI6FTable1     Unknown  Unknown
libesmf.so         00001503EB55FF9C  ESMCI_FTableCallE     Unknown  Unknown
libesmf.so         00001503EB89F664  _ZN5ESMCI2VM5ente     Unknown  Unknown
libesmf.so         00001503EB560C30  c_esmc_ftablecall     Unknown  Unknown
libesmf.so         00001503EBA9F7F8  esmf_compmod_mp_e     Unknown  Unknown
libesmf.so         00001503EBD1AB39  esmf_gridcompmod_     Unknown  Unknown
access-om3-MOM6    00000000004254AD  esmapp                    128  esmApp.F90
access-om3-MOM6    0000000000424EAD  Unknown               Unknown  Unknown
libc-2.28.so       00001503E7860865  __libc_start_main     Unknown  Unknown
access-om3-MOM6    0000000000424DCE  Unknown               Unknown  Unknown
ibesmf.so         00001468665677F8  esmf_compmod_mp_e     Unknown  Unknown
libesmf.so         00001468667E2B39  esmf_gridcompmod_     Unknown  Unknown
libesmf.so         0000146866B6E477  nuopc_driver_mp_l     Unknown  Unknown
libesmf.so         0000146866B5D7C3  nuopc_driver_mp_i     Unknown  Unknown
libesmf.so         0000146866B5446E  nuopc_driver_mp_i     Unknown  Unknown
libesmf.so         0000146866028558  _ZN5ESMCI6FTable1     Unknown  Unknown
libesmf.so         0000146866027F9C  ESMCI_FTableCallE     Unknown  Unknown
libesmf.so         0000146866367664  _ZN5ESMCI2VM5ente     Unknown  Unknown
libesmf.so         0000146866028C30  c_esmc_ftablecall     Unknown  Unknown
libesmf.so         00001468665677F8  esmf_compmod_mp_e     Unknown  Unknown
libesmf.so         00001468667E2B39  esmf_gridcompmod_     Unknown  Unknown
access-om3-MOM6    00000000004254AD  esmapp                    128  esmApp.F90
access-om3-MOM6    0000000000424EAD  Unknown               Unknown  Unknown
libc-2.28.so       0000146862328865  __libc_start_main     Unknown  Unknown
access-om3-MOM6    0000000000424DCE  Unknown               Unknown  Unknown
ibesmf.so         0000154146940477  nuopc_driver_mp_l     Unknown  Unknown
libesmf.so         000015414692F7C3  nuopc_driver_mp_i     Unknown  Unknown
libesmf.so         000015414692646E  nuopc_driver_mp_i     Unknown  Unknown
libesmf.so         0000154145DFA558  _ZN5ESMCI6FTable1     Unknown  Unknown
libesmf.so         0000154145DF9F9C  ESMCI_FTableCallE     Unknown  Unknown
libesmf.so         0000154146139664  _ZN5ESMCI2VM5ente     Unknown  Unknown
libesmf.so         0000154145DFAC30  c_esmc_ftablecall     Unknown  Unknown
libesmf.so         00001541463397F8  esmf_compmod_mp_e     Unknown  Unknown
libesmf.so         00001541465B4B39  esmf_gridcompmod_     Unknown  Unknown
access-om3-MOM6    00000000004254AD  esmapp                    128  esmApp.F90
access-om3-MOM6    0000000000424EAD  Unknown               Unknown  Unknown
libc-2.28.so       00001541420FA865  __libc_start_main     Unknown  Unknown
access-om3-MOM6    0000000000424DCE  Unknown               Unknown  Unknown
ibesmf.so         00001467491027C3  nuopc_driver_mp_i     Unknown  Unknown
libesmf.so         00001467490F946E  nuopc_driver_mp_i     Unknown  Unknown
libesmf.so         00001467485CD558  _ZN5ESMCI6FTable1     Unknown  Unknown
libesmf.so         00001467485CCF9C  ESMCI_FTableCallE     Unknown  Unknown
libesmf.so         000014674890C664  _ZN5ESMCI2VM5ente     Unknown  Unknown
libesmf.so         00001467485CDC30  c_esmc_ftablecall     Unknown  Unknown
libesmf.so         0000146748B0C7F8  esmf_compmod_mp_e     Unknown  Unknown
libesmf.so         0000146748D87B39  esmf_gridcompmod_     Unknown  Unknown
access-om3-MOM6    00000000004254AD  esmapp                    128  esmApp.F90
access-om3-MOM6    0000000000424EAD  Unknown               Unknown  Unknown
libc-2.28.so       00001467448CD865  __libc_start_main     Unknown  Unknown
access-om3-MOM6    0000000000424DCE  Unknown               Unknown  Unknown
ibesmf.so         000014C3097217F8  esmf_compmod_mp_e     Unknown  Unknown
libesmf.so         000014C30999CB39  esmf_gridcompmod_     Unknown  Unknown
libesmf.so         000014C309D28477  nuopc_driver_mp_l     Unknown  Unknown
libesmf.so         000014C309D177C3  nuopc_driver_mp_i     Unknown  Unknown
libesmf.so         000014C309D0E46E  nuopc_driver_mp_i     Unknown  Unknown
libesmf.so         000014C3091E2558  _ZN5ESMCI6FTable1     Unknown  Unknown
libesmf.so         000014C3091E1F9C  ESMCI_FTableCallE     Unknown  Unknown
libesmf.so         000014C309521664  _ZN5ESMCI2VM5ente     Unknown  Unknown
libesmf.so         000014C3091E2C30  c_esmc_ftablecall     Unknown  Unknown
libesmf.so         000014C3097217F8  esmf_compmod_mp_e     Unknown  Unknown
libesmf.so         000014C30999CB39  esmf_gridcompmod_     Unknown  Unknown
access-om3-MOM6    00000000004254AD  esmapp                    128  esmApp.F90
access-om3-MOM6    0000000000424EAD  Unknown               Unknown  Unknown
libc-2.28.so       000014C3054E2865  __libc_start_main     Unknown  Unknown
access-om3-MOM6    0000000000424DCE  Unknown               Unknown  Unknown
ibesmf.so         000014BCF3AAF477  nuopc_driver_mp_l     Unknown  Unknown
libesmf.so         000014BCF3A9E7C3  nuopc_driver_mp_i     Unknown  Unknown
libesmf.so         000014BCF3A9546E  nuopc_driver_mp_i     Unknown  Unknown
libesmf.so         000014BCF2F69558  _ZN5ESMCI6FTable1     Unknown  Unknown
libesmf.so         000014BCF2F68F9C  ESMCI_FTableCallE     Unknown  Unknown
libesmf.so         000014BCF32A8664  _ZN5ESMCI2VM5ente     Unknown  Unknown
libesmf.so         000014BCF2F69C30  c_esmc_ftablecall     Unknown  Unknown
libesmf.so         000014BCF34A87F8  esmf_compmod_mp_e     Unknown  Unknown
libesmf.so         000014BCF3723B39  esmf_gridcompmod_     Unknown  Unknown
access-om3-MOM6    00000000004254AD  esmapp                    128  esmApp.F90
access-om3-MOM6    0000000000424EAD  Unknown               Unknown  Unknown
libc-2.28.so       000014BCEF269865  __libc_start_main     Unknown  Unknown
access-om3-MOM6    0000000000424DCE  Unknown               Unknown  Unknown
ibesmf.so         0000150C77BA2477  nuopc_driver_mp_l     Unknown  Unknown
libesmf.so         0000150C77B917C3  nuopc_driver_mp_i     Unknown  Unknown
libesmf.so         0000150C77B8846E  nuopc_driver_mp_i     Unknown  Unknown
libesmf.so         0000150C7705C558  _ZN5ESMCI6FTable1     Unknown  Unknown
libesmf.so         0000150C7705BF9C  ESMCI_FTableCallE     Unknown  Unknown
libesmf.so         0000150C7739B664  _ZN5ESMCI2VM5ente     Unknown  Unknown
libesmf.so         0000150C7705CC30  c_esmc_ftablecall     Unknown  Unknown
libesmf.so         0000150C7759B7F8  esmf_compmod_mp_e     Unknown  Unknown
libesmf.so         0000150C77816B39  esmf_gridcompmod_     Unknown  Unknown
access-om3-MOM6    00000000004254AD  esmapp                    128  esmApp.F90
access-om3-MOM6    0000000000424EAD  Unknown               Unknown  Unknown
libc-2.28.so       0000150C7335C865  __libc_start_main     Unknown  Unknown
access-om3-MOM6    0000000000424DCE  Unknown               Unknown  Unknown
ibesmf.so         000015341E395477  nuopc_driver_mp_l     Unknown  Unknown
libesmf.so         000015341E3847C3  nuopc_driver_mp_i     Unknown  Unknown
libesmf.so         000015341E37B46E  nuopc_driver_mp_i     Unknown  Unknown
libesmf.so         000015341D84F558  _ZN5ESMCI6FTable1     Unknown  Unknown
libesmf.so         000015341D84EF9C  ESMCI_FTableCallE     Unknown  Unknown
libesmf.so         000015341DB8E664  _ZN5ESMCI2VM5ente     Unknown  Unknown
libesmf.so         000015341D84FC30  c_esmc_ftablecall     Unknown  Unknown
libesmf.so         000015341DD8E7F8  esmf_compmod_mp_e     Unknown  Unknown
libesmf.so         000015341E009B39  esmf_gridcompmod_     Unknown  Unknown
access-om3-MOM6    00000000004254AD  esmapp                    128  esmApp.F90
access-om3-MOM6    0000000000424EAD  Unknown               Unknown  Unknown
libc-2.28.so       0000153419B4F865  __libc_start_main     Unknown  Unknown
access-om3-MOM6    0000000000424DCE  Unknown               Unknown  Unknown
ibesmf.so         000014A11116F7F8  esmf_compmod_mp_e     Unknown  Unknown
libesmf.so         000014A1113EAB39  esmf_gridcompmod_     Unknown  Unknown
libesmf.so         000014A111776477  nuopc_driver_mp_l     Unknown  Unknown
libesmf.so         000014A1117657C3  nuopc_driver_mp_i     Unknown  Unknown
libesmf.so         000014A11175C46E  nuopc_driver_mp_i     Unknown  Unknown
libesmf.so         000014A110C30558  _ZN5ESMCI6FTable1     Unknown  Unknown
libesmf.so         000014A110C2FF9C  ESMCI_FTableCallE     Unknown  Unknown
libesmf.so         000014A110F6F664  _ZN5ESMCI2VM5ente     Unknown  Unknown
libesmf.so         000014A110C30C30  c_esmc_ftablecall     Unknown  Unknown
libesmf.so         000014A11116F7F8  esmf_compmod_mp_e     Unknown  Unknown
libesmf.so         000014A1113EAB39  esmf_gridcompmod_     Unknown  Unknown
access-om3-MOM6    00000000004254AD  esmapp                    128  esmApp.F90
access-om3-MOM6    0000000000424EAD  Unknown               Unknown  Unknown
libc-2.28.so       000014A10CF30865  __libc_start_main     Unknown  Unknown
access-om3-MOM6    0000000000424DCE  Unknown               Unknown  Unknown
ibesmf.so         000014BDCA5A1C30  c_esmc_ftablecall     Unknown  Unknown
libesmf.so         000014BDCAAE07F8  esmf_compmod_mp_e     Unknown  Unknown
libesmf.so         000014BDCAD5BB39  esmf_gridcompmod_     Unknown  Unknown
libesmf.so         000014BDCB0E7477  nuopc_driver_mp_l     Unknown  Unknown
libesmf.so         000014BDCB0D67C3  nuopc_driver_mp_i     Unknown  Unknown
libesmf.so         000014BDCB0CD46E  nuopc_driver_mp_i     Unknown  Unknown
libesmf.so         000014BDCA5A1558  _ZN5ESMCI6FTable1     Unknown  Unknown
libesmf.so         000014BDCA5A0F9C  ESMCI_FTableCallE     Unknown  Unknown
libesmf.so         000014BDCA8E0664  _ZN5ESMCI2VM5ente     Unknown  Unknown
libesmf.so         000014BDCA5A1C30  c_esmc_ftablecall     Unknown  Unknown
libesmf.so         000014BDCAAE07F8  esmf_compmod_mp_e     Unknown  Unknown
libesmf.so         000014BDCAD5BB39  esmf_gridcompmod_     Unknown  Unknown
access-om3-MOM6    00000000004254AD  esmapp                    128  esmApp.F90
access-om3-MOM6    0000000000424EAD  Unknown               Unknown  Unknown
libc-2.28.so       000014BDC68A1865  __libc_start_main     Unknown  Unknown
access-om3-MOM6    0000000000424DCE  Unknown               Unknown  Unknown
ibesmf.so         00001492684B0B39  esmf_gridcompmod_     Unknown  Unknown
libesmf.so         000014926883C477  nuopc_driver_mp_l     Unknown  Unknown
libesmf.so         000014926882B7C3  nuopc_driver_mp_i     Unknown  Unknown
libesmf.so         000014926882246E  nuopc_driver_mp_i     Unknown  Unknown
libesmf.so         0000149267CF6558  _ZN5ESMCI6FTable1     Unknown  Unknown
libesmf.so         0000149267CF5F9C  ESMCI_FTableCallE     Unknown  Unknown
libesmf.so         0000149268035664  _ZN5ESMCI2VM5ente     Unknown  Unknown
libesmf.so         0000149267CF6C30  c_esmc_ftablecall     Unknown  Unknown
libesmf.so         00001492682357F8  esmf_compmod_mp_e     Unknown  Unknown
libesmf.so         00001492684B0B39  esmf_gridcompmod_     Unknown  Unknown
access-om3-MOM6    00000000004254AD  esmapp                    128  esmApp.F90
access-om3-MOM6    0000000000424EAD  Unknown               Unknown  Unknown
libc-2.28.so       0000149263FF6865  __libc_start_main     Unknown  Unknown
access-om3-MOM6    0000000000424DCE  Unknown               Unknown  Unknown
ibesmf.so         0000151070C6C477  nuopc_driver_mp_l     Unknown  Unknown
libesmf.so         0000151070C5B7C3  nuopc_driver_mp_i     Unknown  Unknown
libesmf.so         0000151070C5246E  nuopc_driver_mp_i     Unknown  Unknown
libesmf.so         0000151070126558  _ZN5ESMCI6FTable1     Unknown  Unknown
libesmf.so         0000151070125F9C  ESMCI_FTableCallE     Unknown  Unknown
libesmf.so         0000151070465664  _ZN5ESMCI2VM5ente     Unknown  Unknown
libesmf.so         0000151070126C30  c_esmc_ftablecall     Unknown  Unknown
libesmf.so         00001510706657F8  esmf_compmod_mp_e     Unknown  Unknown
libesmf.so         00001510708E0B39  esmf_gridcompmod_     Unknown  Unknown
access-om3-MOM6    00000000004254AD  esmapp                    128  esmApp.F90
access-om3-MOM6    0000000000424EAD  Unknown               Unknown  Unknown
libc-2.28.so       000015106C426865  __libc_start_main     Unknown  Unknown
access-om3-MOM6    0000000000424DCE  Unknown               Unknown  Unknown
ibesmf.so         000014A4A4147B39  esmf_gridcompmod_     Unknown  Unknown
libesmf.so         000014A4A44D3477  nuopc_driver_mp_l     Unknown  Unknown
libesmf.so         000014A4A44C27C3  nuopc_driver_mp_i     Unknown  Unknown
libesmf.so         000014A4A44B946E  nuopc_driver_mp_i     Unknown  Unknown
libesmf.so         000014A4A398D558  _ZN5ESMCI6FTable1     Unknown  Unknown
libesmf.so         000014A4A398CF9C  ESMCI_FTableCallE     Unknown  Unknown
libesmf.so         000014A4A3CCC664  _ZN5ESMCI2VM5ente     Unknown  Unknown
libesmf.so         000014A4A398DC30  c_esmc_ftablecall     Unknown  Unknown
libesmf.so         000014A4A3ECC7F8  esmf_compmod_mp_e     Unknown  Unknown
libesmf.so         000014A4A4147B39  esmf_gridcompmod_     Unknown  Unknown
access-om3-MOM6    00000000004254AD  esmapp                    128  esmApp.F90
access-om3-MOM6    0000000000424EAD  Unknown               Unknown  Unknown
libc-2.28.so       000014A49FC8D865  __libc_start_main     Unknown  Unknown
access-om3-MOM6    0000000000424DCE  Unknown               Unknown  Unknown
ibesmf.so         00001549A6AA8B39  esmf_gridcompmod_     Unknown  Unknown
libesmf.so         00001549A6E34477  nuopc_driver_mp_l     Unknown  Unknown
libesmf.so         00001549A6E237C3  nuopc_driver_mp_i     Unknown  Unknown
libesmf.so         00001549A6E1A46E  nuopc_driver_mp_i     Unknown  Unknown
libesmf.so         00001549A62EE558  _ZN5ESMCI6FTable1     Unknown  Unknown
libesmf.so         00001549A62EDF9C  ESMCI_FTableCallE     Unknown  Unknown
libesmf.so         00001549A662D664  _ZN5ESMCI2VM5ente     Unknown  Unknown
libesmf.so         00001549A62EEC30  c_esmc_ftablecall     Unknown  Unknown
libesmf.so         00001549A682D7F8  esmf_compmod_mp_e     Unknown  Unknown
libesmf.so         00001549A6AA8B39  esmf_gridcompmod_     Unknown  Unknown
access-om3-MOM6    00000000004254AD  esmapp                    128  esmApp.F90
access-om3-MOM6    0000000000424EAD  Unknown               Unknown  Unknown
libc-2.28.so       00001549A25EE865  __libc_start_main     Unknown  Unknown
access-om3-MOM6    0000000000424DCE  Unknown               Unknown  Unknown
ibesmf.so         000014C1A80127F8  esmf_compmod_mp_e     Unknown  Unknown
libesmf.so         000014C1A828DB39  esmf_gridcompmod_     Unknown  Unknown
libesmf.so         000014C1A8619477  nuopc_driver_mp_l     Unknown  Unknown
libesmf.so         000014C1A86087C3  nuopc_driver_mp_i     Unknown  Unknown
libesmf.so         000014C1A85FF46E  nuopc_driver_mp_i     Unknown  Unknown
libesmf.so         000014C1A7AD3558  _ZN5ESMCI6FTable1     Unknown  Unknown
libesmf.so         000014C1A7AD2F9C  ESMCI_FTableCallE     Unknown  Unknown
libesmf.so         000014C1A7E12664  _ZN5ESMCI2VM5ente     Unknown  Unknown
libesmf.so         000014C1A7AD3C30  c_esmc_ftablecall     Unknown  Unknown
libesmf.so         000014C1A80127F8  esmf_compmod_mp_e     Unknown  Unknown
libesmf.so         000014C1A828DB39  esmf_gridcompmod_     Unknown  Unknown
access-om3-MOM6    00000000004254AD  esmapp                    128  esmApp.F90
access-om3-MOM6    0000000000424EAD  Unknown               Unknown  Unknown
libc-2.28.so       000014C1A3DD3865  __libc_start_main     Unknown  Unknown
access-om3-MOM6    0000000000424DCE  Unknown               Unknown  Unknown
ibesmf.so         0000152FE00EFB39  esmf_gridcompmod_     Unknown  Unknown
libesmf.so         0000152FE047B477  nuopc_driver_mp_l     Unknown  Unknown
libesmf.so         0000152FE046A7C3  nuopc_driver_mp_i     Unknown  Unknown
libesmf.so         0000152FE046146E  nuopc_driver_mp_i     Unknown  Unknown
libesmf.so         0000152FDF935558  _ZN5ESMCI6FTable1     Unknown  Unknown
libesmf.so         0000152FDF934F9C  ESMCI_FTableCallE     Unknown  Unknown
libesmf.so         0000152FDFC74664  _ZN5ESMCI2VM5ente     Unknown  Unknown
libesmf.so         0000152FDF935C30  c_esmc_ftablecall     Unknown  Unknown
libesmf.so         0000152FDFE747F8  esmf_compmod_mp_e     Unknown  Unknown
libesmf.so         0000152FE00EFB39  esmf_gridcompmod_     Unknown  Unknown
access-om3-MOM6    00000000004254AD  esmapp                    128  esmApp.F90
access-om3-MOM6    0000000000424EAD  Unknown               Unknown  Unknown
libc-2.28.so       0000152FDBC35865  __libc_start_main     Unknown  Unknown
access-om3-MOM6    0000000000424DCE  Unknown               Unknown  Unknown
ibesmf.so         000014E500A07B39  esmf_gridcompmod_     Unknown  Unknown
libesmf.so         000014E500D93477  nuopc_driver_mp_l     Unknown  Unknown
libesmf.so         000014E500D827C3  nuopc_driver_mp_i     Unknown  Unknown
libesmf.so         000014E500D7946E  nuopc_driver_mp_i     Unknown  Unknown
libesmf.so         000014E50024D558  _ZN5ESMCI6FTable1     Unknown  Unknown
libesmf.so         000014E50024CF9C  ESMCI_FTableCallE     Unknown  Unknown
libesmf.so         000014E50058C664  _ZN5ESMCI2VM5ente     Unknown  Unknown
libesmf.so         000014E50024DC30  c_esmc_ftablecall     Unknown  Unknown
libesmf.so         000014E50078C7F8  esmf_compmod_mp_e     Unknown  Unknown
libesmf.so         000014E500A07B39  esmf_gridcompmod_     Unknown  Unknown
access-om3-MOM6    00000000004254AD  esmapp                    128  esmApp.F90
access-om3-MOM6    0000000000424EAD  Unknown               Unknown  Unknown
libc-2.28.so       000014E4FC54D865  __libc_start_main     Unknown  Unknown
access-om3-MOM6    0000000000424DCE  Unknown               Unknown  Unknown
ibesmf.so         000015382C372558  _ZN5ESMCI6FTable1     Unknown  Unknown
libesmf.so         000015382C371F9C  ESMCI_FTableCallE     Unknown  Unknown
libesmf.so         000015382C6B1664  _ZN5ESMCI2VM5ente     Unknown  Unknown
libesmf.so         000015382C372C30  c_esmc_ftablecall     Unknown  Unknown
libesmf.so         000015382C8B17F8  esmf_compmod_mp_e     Unknown  Unknown
libesmf.so         000015382CB2CB39  esmf_gridcompmod_     Unknown  Unknown
libesmf.so         000015382CEB8477  nuopc_driver_mp_l     Unknown  Unknown
libesmf.so         000015382CEA77C3  nuopc_driver_mp_i     Unknown  Unknown
libesmf.so         000015382CE9E46E  nuopc_driver_mp_i     Unknown  Unknown
libesmf.so         000015382C372558  _ZN5ESMCI6FTable1     Unknown  Unknown
libesmf.so         000015382C371F9C  ESMCI_FTableCallE     Unknown  Unknown
libesmf.so         000015382C6B1664  _ZN5ESMCI2VM5ente     Unknown  Unknown
libesmf.so         000015382C372C30  c_esmc_ftablecall     Unknown  Unknown
libesmf.so         000015382C8B17F8  esmf_compmod_mp_e     Unknown  Unknown
libesmf.so         000015382CB2CB39  esmf_gridcompmod_     Unknown  Unknown
access-om3-MOM6    00000000004254AD  esmapp                    128  esmApp.F90
access-om3-MOM6    0000000000424EAD  Unknown               Unknown  Unknown
libc-2.28.so       0000153828672865  __libc_start_main     Unknown  Unknown
access-om3-MOM6    0000000000424DCE  Unknown               Unknown  Unknown
ibesmf.so         0000152977FFDC30  c_esmc_ftablecall     Unknown  Unknown
libesmf.so         000015297853C7F8  esmf_compmod_mp_e     Unknown  Unknown
libesmf.so         00001529787B7B39  esmf_gridcompmod_     Unknown  Unknown
libesmf.so         0000152978B43477  nuopc_driver_mp_l     Unknown  Unknown
libesmf.so         0000152978B327C3  nuopc_driver_mp_i     Unknown  Unknown
libesmf.so         0000152978B2946E  nuopc_driver_mp_i     Unknown  Unknown
libesmf.so         0000152977FFD558  _ZN5ESMCI6FTable1     Unknown  Unknown
libesmf.so         0000152977FFCF9C  ESMCI_FTableCallE     Unknown  Unknown
libesmf.so         000015297833C664  _ZN5ESMCI2VM5ente     Unknown  Unknown
libesmf.so         0000152977FFDC30  c_esmc_ftablecall     Unknown  Unknown
libesmf.so         000015297853C7F8  esmf_compmod_mp_e     Unknown  Unknown
libesmf.so         00001529787B7B39  esmf_gridcompmod_     Unknown  Unknown
access-om3-MOM6    00000000004254AD  esmapp                    128  esmApp.F90
access-om3-MOM6    0000000000424EAD  Unknown               Unknown  Unknown
libc-2.28.so       00001529742FD865  __libc_start_main     Unknown  Unknown
access-om3-MOM6    0000000000424DCE  Unknown               Unknown  Unknown
ibesmf.so         00001519C14EDB39  esmf_gridcompmod_     Unknown  Unknown
libesmf.so         00001519C1879477  nuopc_driver_mp_l     Unknown  Unknown
libesmf.so         00001519C18687C3  nuopc_driver_mp_i     Unknown  Unknown
libesmf.so         00001519C185F46E  nuopc_driver_mp_i     Unknown  Unknown
libesmf.so         00001519C0D33558  _ZN5ESMCI6FTable1     Unknown  Unknown
libesmf.so         00001519C0D32F9C  ESMCI_FTableCallE     Unknown  Unknown
libesmf.so         00001519C1072664  _ZN5ESMCI2VM5ente     Unknown  Unknown
libesmf.so         00001519C0D33C30  c_esmc_ftablecall     Unknown  Unknown
libesmf.so         00001519C12727F8  esmf_compmod_mp_e     Unknown  Unknown
libesmf.so         00001519C14EDB39  esmf_gridcompmod_     Unknown  Unknown
access-om3-MOM6    00000000004254AD  esmapp                    128  esmApp.F90
access-om3-MOM6    0000000000424EAD  Unknown               Unknown  Unknown
libc-2.28.so       00001519BD033865  __libc_start_main     Unknown  Unknown
access-om3-MOM6    0000000000424DCE  Unknown               Unknown  Unknown
ibesmf.so         000014C8455C7B39  esmf_gridcompmod_     Unknown  Unknown
libesmf.so         000014C845953477  nuopc_driver_mp_l     Unknown  Unknown
libesmf.so         000014C8459427C3  nuopc_driver_mp_i     Unknown  Unknown
libesmf.so         000014C84593946E  nuopc_driver_mp_i     Unknown  Unknown
libesmf.so         000014C844E0D558  _ZN5ESMCI6FTable1     Unknown  Unknown
libesmf.so         000014C844E0CF9C  ESMCI_FTableCallE     Unknown  Unknown
libesmf.so         000014C84514C664  _ZN5ESMCI2VM5ente     Unknown  Unknown
libesmf.so         000014C844E0DC30  c_esmc_ftablecall     Unknown  Unknown
libesmf.so         000014C84534C7F8  esmf_compmod_mp_e     Unknown  Unknown
libesmf.so         000014C8455C7B39  esmf_gridcompmod_     Unknown  Unknown
access-om3-MOM6    00000000004254AD  esmapp                    128  esmApp.F90
access-om3-MOM6    0000000000424EAD  Unknown               Unknown  Unknown
libc-2.28.so       000014C84110D865  __libc_start_main     Unknown  Unknown
access-om3-MOM6    0000000000424DCE  Unknown               Unknown  Unknown
ibesmf.so         000014B0CA48AB39  esmf_gridcompmod_     Unknown  Unknown
libesmf.so         000014B0CA816477  nuopc_driver_mp_l     Unknown  Unknown
libesmf.so         000014B0CA8057C3  nuopc_driver_mp_i     Unknown  Unknown
libesmf.so         000014B0CA7FC46E  nuopc_driver_mp_i     Unknown  Unknown
libesmf.so         000014B0C9CD0558  _ZN5ESMCI6FTable1     Unknown  Unknown
libesmf.so         000014B0C9CCFF9C  ESMCI_FTableCallE     Unknown  Unknown
libesmf.so         000014B0CA00F664  _ZN5ESMCI2VM5ente     Unknown  Unknown
libesmf.so         000014B0C9CD0C30  c_esmc_ftablecall     Unknown  Unknown
libesmf.so         000014B0CA20F7F8  esmf_compmod_mp_e     Unknown  Unknown
libesmf.so         000014B0CA48AB39  esmf_gridcompmod_     Unknown  Unknown
access-om3-MOM6    00000000004254AD  esmapp                    128  esmApp.F90
access-om3-MOM6    0000000000424EAD  Unknown               Unknown  Unknown
libc-2.28.so       000014B0C5FD0865  __libc_start_main     Unknown  Unknown
access-om3-MOM6    0000000000424DCE  Unknown               Unknown  Unknown
ibesmf.so         00001539DC61DF9C  ESMCI_FTableCallE     Unknown  Unknown
libesmf.so         00001539DC95D664  _ZN5ESMCI2VM5ente     Unknown  Unknown
libesmf.so         00001539DC61EC30  c_esmc_ftablecall     Unknown  Unknown
libesmf.so         00001539DCB5D7F8  esmf_compmod_mp_e     Unknown  Unknown
libesmf.so         00001539DCDD8B39  esmf_gridcompmod_     Unknown  Unknown
libesmf.so         00001539DD164477  nuopc_driver_mp_l     Unknown  Unknown
libesmf.so         00001539DD1537C3  nuopc_driver_mp_i     Unknown  Unknown
libesmf.so         00001539DD14A46E  nuopc_driver_mp_i     Unknown  Unknown
libesmf.so         00001539DC61E558  _ZN5ESMCI6FTable1     Unknown  Unknown
libesmf.so         00001539DC61DF9C  ESMCI_FTableCallE     Unknown  Unknown
libesmf.so         00001539DC95D664  _ZN5ESMCI2VM5ente     Unknown  Unknown
libesmf.so         00001539DC61EC30  c_esmc_ftablecall     Unknown  Unknown
libesmf.so         00001539DCB5D7F8  esmf_compmod_mp_e     Unknown  Unknown
libesmf.so         00001539DCDD8B39  esmf_gridcompmod_     Unknown  Unknown
access-om3-MOM6    00000000004254AD  esmapp                    128  esmApp.F90
access-om3-MOM6    0000000000424EAD  Unknown               Unknown  Unknown
libc-2.28.so       00001539D891E865  __libc_start_main     Unknown  Unknown
access-om3-MOM6    0000000000424DCE  Unknown               Unknown  Unknown
ibesmf.so         000014AE2775E664  _ZN5ESMCI2VM5ente     Unknown  Unknown
libesmf.so         000014AE2741FC30  c_esmc_ftablecall     Unknown  Unknown
libesmf.so         000014AE2795E7F8  esmf_compmod_mp_e     Unknown  Unknown
libesmf.so         000014AE27BD9B39  esmf_gridcompmod_     Unknown  Unknown
libesmf.so         000014AE27F65477  nuopc_driver_mp_l     Unknown  Unknown
libesmf.so         000014AE27F547C3  nuopc_driver_mp_i     Unknown  Unknown
libesmf.so         000014AE27F4B46E  nuopc_driver_mp_i     Unknown  Unknown
libesmf.so         000014AE2741F558  _ZN5ESMCI6FTable1     Unknown  Unknown
libesmf.so         000014AE2741EF9C  ESMCI_FTableCallE     Unknown  Unknown
libesmf.so         000014AE2775E664  _ZN5ESMCI2VM5ente     Unknown  Unknown
libesmf.so         000014AE2741FC30  c_esmc_ftablecall     Unknown  Unknown
libesmf.so         000014AE2795E7F8  esmf_compmod_mp_e     Unknown  Unknown
libesmf.so         000014AE27BD9B39  esmf_gridcompmod_     Unknown  Unknown
access-om3-MOM6    00000000004254AD  esmapp                    128  esmApp.F90
access-om3-MOM6    0000000000424EAD  Unknown               Unknown  Unknown
libc-2.28.so       000014AE2371F865  __libc_start_main     Unknown  Unknown
access-om3-MOM6    0000000000424DCE  Unknown               Unknown  Unknown
ibesmf.so         000014B1869738C7  nuopc_driver_mp_i     Unknown  Unknown
libesmf.so         000014B185E3E558  _ZN5ESMCI6FTable1     Unknown  Unknown
libesmf.so         000014B185E3DF9C  ESMCI_FTableCallE     Unknown  Unknown
libesmf.so         000014B18617D664  _ZN5ESMCI2VM5ente     Unknown  Unknown
libesmf.so         000014B185E3EC30  c_esmc_ftablecall     Unknown  Unknown
libesmf.so         000014B18637D7F8  esmf_compmod_mp_e     Unknown  Unknown
libesmf.so         000014B1865F8B39  esmf_gridcompmod_     Unknown  Unknown
libesmf.so         000014B186984477  nuopc_driver_mp_l     Unknown  Unknown
libesmf.so         000014B1869737C3  nuopc_driver_mp_i     Unknown  Unknown
libesmf.so         000014B18696A46E  nuopc_driver_mp_i     Unknown  Unknown
libesmf.so         000014B185E3E558  _ZN5ESMCI6FTable1     Unknown  Unknown
libesmf.so         000014B185E3DF9C  ESMCI_FTableCallE     Unknown  Unknown
libesmf.so         000014B18617D664  _ZN5ESMCI2VM5ente     Unknown  Unknown
libesmf.so         000014B185E3EC30  c_esmc_ftablecall     Unknown  Unknown
libesmf.so         000014B18637D7F8  esmf_compmod_mp_e     Unknown  Unknown
libesmf.so         000014B1865F8B39  esmf_gridcompmod_     Unknown  Unknown
access-om3-MOM6    00000000004254AD  esmapp                    128  esmApp.F90
access-om3-MOM6    0000000000424EAD  Unknown               Unknown  Unknown
libc-2.28.so       000014B18213E865  __libc_start_main     Unknown  Unknown
access-om3-MOM6    0000000000424DCE  Unknown               Unknown  Unknown
ibesmf.so         000014B07393EB39  esmf_gridcompmod_     Unknown  Unknown
libesmf.so         000014B073CCA477  nuopc_driver_mp_l     Unknown  Unknown
libesmf.so         000014B073CB97C3  nuopc_driver_mp_i     Unknown  Unknown
libesmf.so         000014B073CB046E  nuopc_driver_mp_i     Unknown  Unknown
libesmf.so         000014B073184558  _ZN5ESMCI6FTable1     Unknown  Unknown
libesmf.so         000014B073183F9C  ESMCI_FTableCallE     Unknown  Unknown
libesmf.so         000014B0734C3664  _ZN5ESMCI2VM5ente     Unknown  Unknown
libesmf.so         000014B073184C30  c_esmc_ftablecall     Unknown  Unknown
libesmf.so         000014B0736C37F8  esmf_compmod_mp_e     Unknown  Unknown
libesmf.so         000014B07393EB39  esmf_gridcompmod_     Unknown  Unknown
access-om3-MOM6    00000000004254AD  esmapp                    128  esmApp.F90
access-om3-MOM6    0000000000424EAD  Unknown               Unknown  Unknown
libc-2.28.so       000014B06F484865  __libc_start_main     Unknown  Unknown
access-om3-MOM6    0000000000424DCE  Unknown               Unknown  Unknown
ibesmf.so         000014B0F7FFAB39  esmf_gridcompmod_     Unknown  Unknown
libesmf.so         000014B0F8386477  nuopc_driver_mp_l     Unknown  Unknown
libesmf.so         000014B0F83757C3  nuopc_driver_mp_i     Unknown  Unknown
libesmf.so         000014B0F836C46E  nuopc_driver_mp_i     Unknown  Unknown
libesmf.so         000014B0F7840558  _ZN5ESMCI6FTable1     Unknown  Unknown
libesmf.so         000014B0F783FF9C  ESMCI_FTableCallE     Unknown  Unknown
libesmf.so         000014B0F7B7F664  _ZN5ESMCI2VM5ente     Unknown  Unknown
libesmf.so         000014B0F7840C30  c_esmc_ftablecall     Unknown  Unknown
libesmf.so         000014B0F7D7F7F8  esmf_compmod_mp_e     Unknown  Unknown
libesmf.so         000014B0F7FFAB39  esmf_gridcompmod_     Unknown  Unknown
access-om3-MOM6    00000000004254AD  esmapp                    128  esmApp.F90
access-om3-MOM6    0000000000424EAD  Unknown               Unknown  Unknown
libc-2.28.so       000014B0F3B40865  __libc_start_main     Unknown  Unknown
access-om3-MOM6    0000000000424DCE  Unknown               Unknown  Unknown
ibesmf.so         000014C141342664  _ZN5ESMCI2VM5ente     Unknown  Unknown
libesmf.so         000014C141003C30  c_esmc_ftablecall     Unknown  Unknown
libesmf.so         000014C1415427F8  esmf_compmod_mp_e     Unknown  Unknown
libesmf.so         000014C1417BDB39  esmf_gridcompmod_     Unknown  Unknown
libesmf.so         000014C141B49477  nuopc_driver_mp_l     Unknown  Unknown
libesmf.so         000014C141B387C3  nuopc_driver_mp_i     Unknown  Unknown
libesmf.so         000014C141B2F46E  nuopc_driver_mp_i     Unknown  Unknown
libesmf.so         000014C141003558  _ZN5ESMCI6FTable1     Unknown  Unknown
libesmf.so         000014C141002F9C  ESMCI_FTableCallE     Unknown  Unknown
libesmf.so         000014C141342664  _ZN5ESMCI2VM5ente     Unknown  Unknown
libesmf.so         000014C141003C30  c_esmc_ftablecall     Unknown  Unknown
libesmf.so         000014C1415427F8  esmf_compmod_mp_e     Unknown  Unknown
libesmf.so         000014C1417BDB39  esmf_gridcompmod_     Unknown  Unknown
access-om3-MOM6    00000000004254AD  esmapp                    128  esmApp.F90
access-om3-MOM6    0000000000424EAD  Unknown               Unknown  Unknown
libc-2.28.so       000014C13D303865  __libc_start_main     Unknown  Unknown
access-om3-MOM6    0000000000424DCE  Unknown               Unknown  Unknown
ibesmf.so         000014CB5EC118C7  nuopc_driver_mp_i     Unknown  Unknown
libesmf.so         000014CB5E0DC558  _ZN5ESMCI6FTable1     Unknown  Unknown
libesmf.so         000014CB5E0DBF9C  ESMCI_FTableCallE     Unknown  Unknown
libesmf.so         000014CB5E41B664  _ZN5ESMCI2VM5ente     Unknown  Unknown
libesmf.so         000014CB5E0DCC30  c_esmc_ftablecall     Unknown  Unknown
libesmf.so         000014CB5E61B7F8  esmf_compmod_mp_e     Unknown  Unknown
libesmf.so         000014CB5E896B39  esmf_gridcompmod_     Unknown  Unknown
libesmf.so         000014CB5EC22477  nuopc_driver_mp_l     Unknown  Unknown
libesmf.so         000014CB5EC117C3  nuopc_driver_mp_i     Unknown  Unknown
libesmf.so         000014CB5EC0846E  nuopc_driver_mp_i     Unknown  Unknown
libesmf.so         000014CB5E0DC558  _ZN5ESMCI6FTable1     Unknown  Unknown
libesmf.so         000014CB5E0DBF9C  ESMCI_FTableCallE     Unknown  Unknown
libesmf.so         000014CB5E41B664  _ZN5ESMCI2VM5ente     Unknown  Unknown
libesmf.so         000014CB5E0DCC30  c_esmc_ftablecall     Unknown  Unknown
libesmf.so         000014CB5E61B7F8  esmf_compmod_mp_e     Unknown  Unknown
libesmf.so         000014CB5E896B39  esmf_gridcompmod_     Unknown  Unknown
access-om3-MOM6    00000000004254AD  esmapp                    128  esmApp.F90
access-om3-MOM6    0000000000424EAD  Unknown               Unknown  Unknown
libc-2.28.so       000014CB5A3DC865  __libc_start_main     Unknown  Unknown
access-om3-MOM6    0000000000424DCE  Unknown               Unknown  Unknown
ibesmf.so         0000154039B25B39  esmf_gridcompmod_     Unknown  Unknown
libesmf.so         0000154039EB1477  nuopc_driver_mp_l     Unknown  Unknown
libesmf.so         0000154039EA07C3  nuopc_driver_mp_i     Unknown  Unknown
libesmf.so         0000154039E9746E  nuopc_driver_mp_i     Unknown  Unknown
libesmf.so         000015403936B558  _ZN5ESMCI6FTable1     Unknown  Unknown
libesmf.so         000015403936AF9C  ESMCI_FTableCallE     Unknown  Unknown
libesmf.so         00001540396AA664  _ZN5ESMCI2VM5ente     Unknown  Unknown
libesmf.so         000015403936BC30  c_esmc_ftablecall     Unknown  Unknown
libesmf.so         00001540398AA7F8  esmf_compmod_mp_e     Unknown  Unknown
libesmf.so         0000154039B25B39  esmf_gridcompmod_     Unknown  Unknown
access-om3-MOM6    00000000004254AD  esmapp                    128  esmApp.F90
access-om3-MOM6    0000000000424EAD  Unknown               Unknown  Unknown
libc-2.28.so       000015403566B865  __libc_start_main     Unknown  Unknown
access-om3-MOM6    0000000000424DCE  Unknown               Unknown  Unknown
ibesmf.so         0000150DCF454B39  esmf_gridcompmod_     Unknown  Unknown
libesmf.so         0000150DCF7E0477  nuopc_driver_mp_l     Unknown  Unknown
libesmf.so         0000150DCF7CF7C3  nuopc_driver_mp_i     Unknown  Unknown
libesmf.so         0000150DCF7C646E  nuopc_driver_mp_i     Unknown  Unknown
libesmf.so         0000150DCEC9A558  _ZN5ESMCI6FTable1     Unknown  Unknown
libesmf.so         0000150DCEC99F9C  ESMCI_FTableCallE     Unknown  Unknown
libesmf.so         0000150DCEFD9664  _ZN5ESMCI2VM5ente     Unknown  Unknown
libesmf.so         0000150DCEC9AC30  c_esmc_ftablecall     Unknown  Unknown
libesmf.so         0000150DCF1D97F8  esmf_compmod_mp_e     Unknown  Unknown
libesmf.so         0000150DCF454B39  esmf_gridcompmod_     Unknown  Unknown
access-om3-MOM6    00000000004254AD  esmapp                    128  esmApp.F90
access-om3-MOM6    0000000000424EAD  Unknown               Unknown  Unknown
libc-2.28.so       0000150DCAF9A865  __libc_start_main     Unknown  Unknown
access-om3-MOM6    0000000000424DCE  Unknown               Unknown  Unknown
ibesmf.so         000014EBA8FF7B39  esmf_gridcompmod_     Unknown  Unknown
libesmf.so         000014EBA9383477  nuopc_driver_mp_l     Unknown  Unknown
libesmf.so         000014EBA93727C3  nuopc_driver_mp_i     Unknown  Unknown
libesmf.so         000014EBA936946E  nuopc_driver_mp_i     Unknown  Unknown
libesmf.so         000014EBA883D558  _ZN5ESMCI6FTable1     Unknown  Unknown
libesmf.so         000014EBA883CF9C  ESMCI_FTableCallE     Unknown  Unknown
libesmf.so         000014EBA8B7C664  _ZN5ESMCI2VM5ente     Unknown  Unknown
libesmf.so         000014EBA883DC30  c_esmc_ftablecall     Unknown  Unknown
libesmf.so         000014EBA8D7C7F8  esmf_compmod_mp_e     Unknown  Unknown
libesmf.so         000014EBA8FF7B39  esmf_gridcompmod_     Unknown  Unknown
access-om3-MOM6    00000000004254AD  esmapp                    128  esmApp.F90
access-om3-MOM6    0000000000424EAD  Unknown               Unknown  Unknown
libc-2.28.so       000014EBA4B3D865  __libc_start_main     Unknown  Unknown
access-om3-MOM6    0000000000424DCE  Unknown               Unknown  Unknown
ibesmf.so         0000148E6296C7F8  esmf_compmod_mp_e     Unknown  Unknown
libesmf.so         0000148E62BE7B39  esmf_gridcompmod_     Unknown  Unknown
libesmf.so         0000148E62F73477  nuopc_driver_mp_l     Unknown  Unknown
libesmf.so         0000148E62F627C3  nuopc_driver_mp_i     Unknown  Unknown
libesmf.so         0000148E62F5946E  nuopc_driver_mp_i     Unknown  Unknown
libesmf.so         0000148E6242D558  _ZN5ESMCI6FTable1     Unknown  Unknown
libesmf.so         0000148E6242CF9C  ESMCI_FTableCallE     Unknown  Unknown
libesmf.so         0000148E6276C664  _ZN5ESMCI2VM5ente     Unknown  Unknown
libesmf.so         0000148E6242DC30  c_esmc_ftablecall     Unknown  Unknown
libesmf.so         0000148E6296C7F8  esmf_compmod_mp_e     Unknown  Unknown
libesmf.so         0000148E62BE7B39  esmf_gridcompmod_     Unknown  Unknown
access-om3-MOM6    00000000004254AD  esmapp                    128  esmApp.F90
access-om3-MOM6    0000000000424EAD  Unknown               Unknown  Unknown
libc-2.28.so       0000148E5E72D865  __libc_start_main     Unknown  Unknown
access-om3-MOM6    0000000000424DCE  Unknown               Unknown  Unknown
ibesmf.so         000014D11D6087F8  esmf_compmod_mp_e     Unknown  Unknown
libesmf.so         000014D11D883B39  esmf_gridcompmod_     Unknown  Unknown
libesmf.so         000014D11DC0F477  nuopc_driver_mp_l     Unknown  Unknown
libesmf.so         000014D11DBFE7C3  nuopc_driver_mp_i     Unknown  Unknown
libesmf.so         000014D11DBF546E  nuopc_driver_mp_i     Unknown  Unknown
libesmf.so         000014D11D0C9558  _ZN5ESMCI6FTable1     Unknown  Unknown
libesmf.so         000014D11D0C8F9C  ESMCI_FTableCallE     Unknown  Unknown
libesmf.so         000014D11D408664  _ZN5ESMCI2VM5ente     Unknown  Unknown
libesmf.so         000014D11D0C9C30  c_esmc_ftablecall     Unknown  Unknown
libesmf.so         000014D11D6087F8  esmf_compmod_mp_e     Unknown  Unknown
libesmf.so         000014D11D883B39  esmf_gridcompmod_     Unknown  Unknown
access-om3-MOM6    00000000004254AD  esmapp                    128  esmApp.F90
access-om3-MOM6    0000000000424EAD  Unknown               Unknown  Unknown
libc-2.28.so       000014D1193C9865  __libc_start_main     Unknown  Unknown
access-om3-MOM6    0000000000424DCE  Unknown               Unknown  Unknown
ibesmf.so         000014EBAFDEB7F8  esmf_compmod_mp_e     Unknown  Unknown
libesmf.so         000014EBB0066B39  esmf_gridcompmod_     Unknown  Unknown
libesmf.so         000014EBB03F2477  nuopc_driver_mp_l     Unknown  Unknown
libesmf.so         000014EBB03E17C3  nuopc_driver_mp_i     Unknown  Unknown
libesmf.so         000014EBB03D846E  nuopc_driver_mp_i     Unknown  Unknown
libesmf.so         000014EBAF8AC558  _ZN5ESMCI6FTable1     Unknown  Unknown
libesmf.so         000014EBAF8ABF9C  ESMCI_FTableCallE     Unknown  Unknown
libesmf.so         000014EBAFBEB664  _ZN5ESMCI2VM5ente     Unknown  Unknown
libesmf.so         000014EBAF8ACC30  c_esmc_ftablecall     Unknown  Unknown
libesmf.so         000014EBAFDEB7F8  esmf_compmod_mp_e     Unknown  Unknown
libesmf.so         000014EBB0066B39  esmf_gridcompmod_     Unknown  Unknown
access-om3-MOM6    00000000004254AD  esmapp                    128  esmApp.F90
access-om3-MOM6    0000000000424EAD  Unknown               Unknown  Unknown
libc-2.28.so       000014EBABBAC865  __libc_start_main     Unknown  Unknown
access-om3-MOM6    0000000000424DCE  Unknown               Unknown  Unknown
ibesmf.so         000014FC1162DB39  esmf_gridcompmod_     Unknown  Unknown
libesmf.so         000014FC119B9477  nuopc_driver_mp_l     Unknown  Unknown
libesmf.so         000014FC119A87C3  nuopc_driver_mp_i     Unknown  Unknown
libesmf.so         000014FC1199F46E  nuopc_driver_mp_i     Unknown  Unknown
libesmf.so         000014FC10E73558  _ZN5ESMCI6FTable1     Unknown  Unknown
libesmf.so         000014FC10E72F9C  ESMCI_FTableCallE     Unknown  Unknown
libesmf.so         000014FC111B2664  _ZN5ESMCI2VM5ente     Unknown  Unknown
libesmf.so         000014FC10E73C30  c_esmc_ftablecall     Unknown  Unknown
libesmf.so         000014FC113B27F8  esmf_compmod_mp_e     Unknown  Unknown
libesmf.so         000014FC1162DB39  esmf_gridcompmod_     Unknown  Unknown
access-om3-MOM6    00000000004254AD  esmapp                    128  esmApp.F90
access-om3-MOM6    0000000000424EAD  Unknown               Unknown  Unknown
libc-2.28.so       000014FC0D173865  __libc_start_main     Unknown  Unknown
access-om3-MOM6    0000000000424DCE  Unknown               Unknown  Unknown
ibesmf.so         0000149C4F919B39  esmf_gridcompmod_     Unknown  Unknown
libesmf.so         0000149C4FCA5477  nuopc_driver_mp_l     Unknown  Unknown
libesmf.so         0000149C4FC947C3  nuopc_driver_mp_i     Unknown  Unknown
libesmf.so         0000149C4FC8B46E  nuopc_driver_mp_i     Unknown  Unknown
libesmf.so         0000149C4F15F558  _ZN5ESMCI6FTable1     Unknown  Unknown
libesmf.so         0000149C4F15EF9C  ESMCI_FTableCallE     Unknown  Unknown
libesmf.so         0000149C4F49E664  _ZN5ESMCI2VM5ente     Unknown  Unknown
libesmf.so         0000149C4F15FC30  c_esmc_ftablecall     Unknown  Unknown
libesmf.so         0000149C4F69E7F8  esmf_compmod_mp_e     Unknown  Unknown
libesmf.so         0000149C4F919B39  esmf_gridcompmod_     Unknown  Unknown
access-om3-MOM6    00000000004254AD  esmapp                    128  esmApp.F90
access-om3-MOM6    0000000000424EAD  Unknown               Unknown  Unknown
libc-2.28.so       0000149C4B45F865  __libc_start_main     Unknown  Unknown
access-om3-MOM6    0000000000424DCE  Unknown               Unknown  Unknown
ibesmf.so         000014BFA9960B39  esmf_gridcompmod_     Unknown  Unknown
libesmf.so         000014BFA9CEC477  nuopc_driver_mp_l     Unknown  Unknown
libesmf.so         000014BFA9CDB7C3  nuopc_driver_mp_i     Unknown  Unknown
libesmf.so         000014BFA9CD246E  nuopc_driver_mp_i     Unknown  Unknown
libesmf.so         000014BFA91A6558  _ZN5ESMCI6FTable1     Unknown  Unknown
libesmf.so         000014BFA91A5F9C  ESMCI_FTableCallE     Unknown  Unknown
libesmf.so         000014BFA94E5664  _ZN5ESMCI2VM5ente     Unknown  Unknown
libesmf.so         000014BFA91A6C30  c_esmc_ftablecall     Unknown  Unknown
libesmf.so         000014BFA96E57F8  esmf_compmod_mp_e     Unknown  Unknown
libesmf.so         000014BFA9960B39  esmf_gridcompmod_     Unknown  Unknown
access-om3-MOM6    00000000004254AD  esmapp                    128  esmApp.F90
access-om3-MOM6    0000000000424EAD  Unknown               Unknown  Unknown
libc-2.28.so       000014BFA54A6865  __libc_start_main     Unknown  Unknown
access-om3-MOM6    0000000000424DCE  Unknown               Unknown  Unknown
[gadi-cpu-spr-0676.gadi.nci.org.au:1556232] 87 more processes have sent help message help-mpi-api.txt / mpi-abort
[gadi-cpu-spr-0676.gadi.nci.org.au:1556232] Set MCA parameter "orte_base_help_aggregate" to 0 to see all help / error messages
